user_id,segment,cylinder_size_kg,signup_timestamp,subscription_status,account_lifecycle_status,user_latitude,user_longitude,launch_zone,state
USR_20000,Household,12.5,2026-04-07,Free Tier,Active,6.554736343321008,3.3895419815689034,Gbagada Estate,Lagos
USR_20001,Business,25.0,2026-01-01,Free Tier,Active,6.420310863326171,3.416287787783925,Lekki Phase 1,Lagos
USR_20002,Household,6.0,2026-02-20,Premium Paid,Active,6.427387004997643,3.4205650186461805,Lekki Phase 1,Lagos
USR_20003,Household,6.0,2026-01-05,Free Tier,Active,6.560193837240056,3.4031894930776825,Gbagada Estate,Lagos
USR_20004,Household,12.5,2026-01-13,Free Tier,Active,6.6216263658798145,3.3728740841515124,Magodo Phase 2,Lagos
USR_20005,Household,6.0,2026-01-19,Free Tier,Active,6.42442937568123,3.42737990174588,Lekki Phase 1,Lagos
USR_20006,Household,12.5,2026-01-12,Free Tier,Suspended,6.419141448124425,3.412156432990212,Lekki Phase 1,Lagos
USR_20007,Business,25.0,2026-02-17,Free Tier,Active,6.434010887838532,3.421442927519781,Lekki Phase 1,Lagos
USR_20008,Household,12.5,2026-01-25,Free Tier,Active,6.546817622771071,3.39311131869189,Gbagada Estate,Lagos
USR_20009,Household,12.5,2026-02-26,Free Tier,Active,6.436750079061947,3.429090059512498,Lekki Phase 1,Lagos
USR_20010,Household,6.0,2026-04-25,Free Tier,Active,6.558395701004479,3.3980445046067467,Gbagada Estate,Lagos
USR_20011,Business,25.0,2026-02-04,Free Tier,Active,6.554606472523828,3.4079048907056793,Gbagada Estate,Lagos
USR_20012,Household,6.0,2026-03-17,Free Tier,Active,6.563515408877685,3.3927053809157166,Gbagada Estate,Lagos
USR_20013,Household,12.5,2026-04-04,Premium Paid,Active,6.434322091326106,3.4158448533233403,Lekki Phase 1,Lagos
USR_20014,Household,12.5,2026-01-05,Premium Paid,Active,6.548470749557679,3.4019218606832915,Gbagada Estate,Lagos
USR_20015,Household,12.5,2026-04-08,Premium Paid,Active,6.621200021971751,3.38483088814213,Magodo Phase 2,Lagos
USR_20016,Household,12.5,2026-01-22,Free Tier,Active,6.41988019469792,3.4221305128161896,Lekki Phase 1,Lagos
USR_20017,Household,12.5,2026-04-13,Free Tier,Active,6.436470430608862,3.42998227320959,Lekki Phase 1,Lagos
USR_20018,Household,6.0,2026-03-18,Premium Paid,Active,6.421230584268314,3.419232754001929,Lekki Phase 1,Lagos
USR_20019,Household,6.0,2026-02-26,Free Tier,Active,6.430482428000934,3.415087897695428,Lekki Phase 1,Lagos
USR_20020,Household,12.5,2026-02-16,Premium Paid,Active,6.437460443440915,3.4301949865745534,Lekki Phase 1,Lagos
USR_20021,Household,12.5,2026-02-23,Free Tier,Active,6.547539003580689,3.3908231092252197,Gbagada Estate,Lagos
USR_20022,Household,12.5,2026-01-03,Free Tier,Active,6.545908169656165,3.406588873280733,Gbagada Estate,Lagos
USR_20023,Household,12.5,2026-02-22,Premium Paid,Active,6.421972476195909,3.420225698570887,Lekki Phase 1,Lagos
USR_20024,Household,12.5,2026-03-25,Free Tier,Active,6.55317702731304,3.4003802208842715,Gbagada Estate,Lagos
USR_20025,Household,12.5,2026-01-31,Free Tier,Active,6.419534706874948,3.4164351723480104,Lekki Phase 1,Lagos
USR_20026,Household,12.5,2026-03-10,Free Tier,Retained,6.562829807738378,3.4065682021453716,Gbagada Estate,Lagos
USR_20027,Household,12.5,2026-03-29,Free Tier,Active,6.559825812948113,3.3887880249123645,Gbagada Estate,Lagos
USR_20028,Household,12.5,2026-04-14,Free Tier,Active,6.550740135369922,3.400959174706858,Gbagada Estate,Lagos
USR_20029,Household,6.0,2026-04-28,Free Tier,Active,6.549703804235469,3.4065917339010756,Gbagada Estate,Lagos
USR_20030,Household,6.0,2026-02-02,Free Tier,Active,6.625777789236649,3.3676381343463286,Magodo Phase 2,Lagos
USR_20031,Household,6.0,2026-03-13,Free Tier,Active,6.436280111776714,3.4310553331635245,Lekki Phase 1,Lagos
USR_20032,Household,6.0,2026-03-29,Free Tier,Active,6.6146542483678346,3.376847204697226,Magodo Phase 2,Lagos
USR_20033,Business,25.0,2026-02-19,Free Tier,Active,6.550267285644283,3.3962567815296283,Gbagada Estate,Lagos
USR_20034,Business,25.0,2026-03-25,Free Tier,Active,6.6166930243591064,3.377761442040248,Magodo Phase 2,Lagos
USR_20035,Household,12.5,2026-01-16,Premium Paid,Active,6.437259587064977,3.4219614520054322,Lekki Phase 1,Lagos
USR_20036,Household,12.5,2026-04-24,Premium Paid,Active,6.41975829162789,3.424300026669548,Lekki Phase 1,Lagos
USR_20037,Household,12.5,2026-04-26,Free Tier,Retained,6.551004459889025,3.405518503791826,Gbagada Estate,Lagos
USR_20038,Household,6.0,2026-03-17,Premium Paid,Active,6.62179356296633,3.3700567921788447,Magodo Phase 2,Lagos
USR_20039,Household,6.0,2026-03-18,Free Tier,Active,6.616922112453823,3.3815752836144233,Magodo Phase 2,Lagos
USR_20040,Household,6.0,2026-04-19,Free Tier,Active,6.618411751966147,3.381544667883184,Magodo Phase 2,Lagos
USR_20041,Household,12.5,2026-04-16,Premium Paid,Retained,6.422217746215332,3.418333727374026,Lekki Phase 1,Lagos
USR_20042,Household,6.0,2026-02-08,Free Tier,Active,6.427409739448794,3.430763916993869,Lekki Phase 1,Lagos
USR_20043,Business,25.0,2026-03-30,Free Tier,Active,6.631734628495076,3.3703374375084456,Magodo Phase 2,Lagos
USR_20044,Household,12.5,2026-02-15,Free Tier,Active,6.425264380824861,3.414887987769075,Lekki Phase 1,Lagos
USR_20045,Household,12.5,2026-04-06,Free Tier,Active,6.42829970158627,3.4211116510138933,Lekki Phase 1,Lagos
USR_20046,Household,6.0,2026-03-29,Free Tier,Active,6.631115203249014,3.3848001075558214,Magodo Phase 2,Lagos
USR_20047,Household,12.5,2026-04-22,Free Tier,Active,6.425771347820145,3.4217347588603797,Lekki Phase 1,Lagos
USR_20048,Household,12.5,2026-02-16,Premium Paid,Active,6.631024724982923,3.382334156154901,Magodo Phase 2,Lagos
USR_20049,Household,12.5,2026-02-13,Free Tier,Active,6.613173126226893,3.3726011912836715,Magodo Phase 2,Lagos
USR_20050,Business,50.0,2026-01-09,Free Tier,Active,6.5526354848387225,3.3929943256736648,Gbagada Estate,Lagos
USR_20051,Household,6.0,2026-04-14,Free Tier,Active,6.617091432317919,3.3669556901319133,Magodo Phase 2,Lagos
USR_20052,Business,25.0,2026-04-24,Free Tier,Active,6.430967394501395,3.4171502058096634,Lekki Phase 1,Lagos
USR_20053,Business,50.0,2026-03-28,Free Tier,Active,6.5452469435686265,3.393019586210561,Gbagada Estate,Lagos
USR_20054,Household,12.5,2026-02-19,Premium Paid,Active,6.629138279056723,3.3832297836329306,Magodo Phase 2,Lagos
USR_20055,Business,25.0,2026-03-18,Premium Paid,Retained,6.553861324903866,3.396721413408174,Gbagada Estate,Lagos
USR_20056,Household,12.5,2026-03-01,Free Tier,Active,6.437657073870035,3.4159112931917615,Lekki Phase 1,Lagos
USR_20057,Household,12.5,2026-04-06,Free Tier,Active,6.617407185657092,3.372037343540728,Magodo Phase 2,Lagos
USR_20058,Household,12.5,2026-04-24,Free Tier,Active,6.4215551463656215,3.4194873119640836,Lekki Phase 1,Lagos
USR_20059,Household,12.5,2026-01-15,Free Tier,Retained,6.562416684539795,3.4007069568125714,Gbagada Estate,Lagos
USR_20060,Household,12.5,2026-02-05,Free Tier,Active,6.621338930972246,3.384888215891424,Magodo Phase 2,Lagos
USR_20061,Household,6.0,2026-04-23,Premium Paid,Active,6.545169284649516,3.3926055235580375,Gbagada Estate,Lagos
USR_20062,Household,12.5,2026-03-04,Free Tier,Active,6.555517772102035,3.4007110524638637,Gbagada Estate,Lagos
USR_20063,Household,6.0,2026-03-10,Free Tier,Active,6.613891150131252,3.3742607751581426,Magodo Phase 2,Lagos
USR_20064,Household,6.0,2026-03-27,Free Tier,Active,6.5571830792966175,3.402361410928068,Gbagada Estate,Lagos
USR_20065,Household,12.5,2026-03-21,Free Tier,Active,6.430862798050325,3.4183112644872184,Lekki Phase 1,Lagos
USR_20066,Household,6.0,2026-02-10,Free Tier,Active,6.546070402471958,3.396942248928387,Gbagada Estate,Lagos
USR_20067,Household,6.0,2026-03-15,Premium Paid,Retained,6.420675088747361,3.4308524731704133,Lekki Phase 1,Lagos
USR_20068,Household,6.0,2026-01-24,Free Tier,Active,6.427603417320452,3.4182451834871372,Lekki Phase 1,Lagos
USR_20069,Business,50.0,2026-03-23,Free Tier,Active,6.559526081422378,3.3983589718516454,Gbagada Estate,Lagos
USR_20070,Household,12.5,2026-02-18,Free Tier,Active,6.424300680480249,3.428139354847816,Lekki Phase 1,Lagos
USR_20071,Household,12.5,2026-01-18,Premium Paid,Active,6.630443043020023,3.3796601633257732,Magodo Phase 2,Lagos
USR_20072,Household,6.0,2026-01-07,Free Tier,Active,6.419039288448153,3.4232264576033304,Lekki Phase 1,Lagos
USR_20073,Household,12.5,2026-01-04,Free Tier,Active,6.433365898239946,3.4146300602416715,Lekki Phase 1,Lagos
USR_20074,Household,12.5,2026-03-31,Premium Paid,Active,6.422673415027692,3.4295499021013627,Lekki Phase 1,Lagos
USR_20075,Household,6.0,2026-03-10,Premium Paid,Active,6.613502434437062,3.3812545427565195,Magodo Phase 2,Lagos
USR_20076,Household,12.5,2026-03-01,Premium Paid,Retained,6.6225754658502884,3.375135443176792,Magodo Phase 2,Lagos
USR_20077,Household,6.0,2026-02-24,Free Tier,Active,6.613241930649898,3.3825879646193298,Magodo Phase 2,Lagos
USR_20078,Household,12.5,2026-01-16,Free Tier,Active,6.551396498012731,3.3992153126260107,Gbagada Estate,Lagos
USR_20079,Household,12.5,2026-04-09,Free Tier,Retained,6.626646013726713,3.380252591528758,Magodo Phase 2,Lagos
USR_20080,Business,50.0,2026-03-31,Premium Paid,Active,6.437219601176521,3.422526799064732,Lekki Phase 1,Lagos
USR_20081,Household,6.0,2026-03-23,Free Tier,Active,6.621094391019488,3.385274072529834,Magodo Phase 2,Lagos
USR_20082,Household,12.5,2026-01-29,Free Tier,Active,6.62594220470051,3.372163007125531,Magodo Phase 2,Lagos
USR_20083,Household,12.5,2026-01-23,Free Tier,Active,6.420629284908071,3.4287510900293037,Lekki Phase 1,Lagos
USR_20084,Household,12.5,2026-04-27,Free Tier,Active,6.551443632055883,3.4016093944272887,Gbagada Estate,Lagos
USR_20085,Household,12.5,2026-01-14,Premium Paid,Active,6.622516328387318,3.3701785955959007,Magodo Phase 2,Lagos
USR_20086,Household,12.5,2026-03-20,Free Tier,Active,6.556233732172409,3.3896136613790135,Gbagada Estate,Lagos
USR_20087,Household,6.0,2026-02-18,Free Tier,Active,6.552466849197423,3.3993322987932735,Gbagada Estate,Lagos
USR_20088,Business,50.0,2026-02-02,Free Tier,Active,6.552920939482371,3.40337344350502,Gbagada Estate,Lagos
USR_20089,Household,12.5,2026-01-25,Free Tier,Active,6.434658499090906,3.4273248614806633,Lekki Phase 1,Lagos
USR_20090,Household,12.5,2026-01-21,Free Tier,Active,6.544976258956236,3.3922825754089194,Gbagada Estate,Lagos
USR_20091,Household,6.0,2026-01-17,Free Tier,Retained,6.554932150185275,3.407096440808876,Gbagada Estate,Lagos
USR_20092,Household,12.5,2026-01-23,Premium Paid,Active,6.434799135501042,3.428750690167036,Lekki Phase 1,Lagos
USR_20093,Household,6.0,2026-02-26,Premium Paid,Active,6.550264163875194,3.396988957941574,Gbagada Estate,Lagos
USR_20094,Household,12.5,2026-04-17,Free Tier,Active,6.553614118946318,3.3915474316669982,Gbagada Estate,Lagos
USR_20095,Household,12.5,2026-03-22,Free Tier,Active,6.418721362604889,3.4308380579892104,Lekki Phase 1,Lagos
USR_20096,Household,12.5,2026-02-27,Free Tier,Retained,6.42291425171327,3.4166989780744728,Lekki Phase 1,Lagos
USR_20097,Household,6.0,2026-01-14,Premium Paid,Active,6.614767581075375,3.3847701550388756,Magodo Phase 2,Lagos
USR_20098,Household,12.5,2026-04-03,Premium Paid,Active,6.624694742298796,3.379540737142507,Magodo Phase 2,Lagos
USR_20099,Household,6.0,2026-01-20,Free Tier,Active,6.631331537745261,3.3731124033780158,Magodo Phase 2,Lagos
USR_20100,Household,6.0,2026-01-30,Premium Paid,Active,6.556630146222761,3.3891759890945776,Gbagada Estate,Lagos
USR_20101,Household,12.5,2026-01-19,Free Tier,Active,6.547935450564623,3.405024916101799,Gbagada Estate,Lagos
USR_20102,Household,12.5,2026-02-22,Premium Paid,Suspended,6.559535367126767,3.395412853829143,Gbagada Estate,Lagos
USR_20103,Household,12.5,2026-04-13,Free Tier,Active,6.425636212555484,3.4225710886710714,Lekki Phase 1,Lagos
USR_20104,Business,50.0,2026-02-25,Premium Paid,Active,6.544204820093703,3.393224886720761,Gbagada Estate,Lagos
USR_20105,Household,12.5,2026-03-18,Free Tier,Active,6.617264636172164,3.3712096589349954,Magodo Phase 2,Lagos
USR_20106,Household,12.5,2026-03-23,Premium Paid,Active,6.434218116850668,3.417493477130929,Lekki Phase 1,Lagos
USR_20107,Household,6.0,2026-01-23,Free Tier,Active,6.421930426441003,3.4219852692158605,Lekki Phase 1,Lagos
USR_20108,Household,12.5,2026-03-03,Premium Paid,Active,6.435412900727455,3.41672699407675,Lekki Phase 1,Lagos
USR_20109,Household,12.5,2026-04-20,Free Tier,Active,6.614670724855856,3.3733280947169932,Magodo Phase 2,Lagos
USR_20110,Household,6.0,2026-02-02,Free Tier,Active,6.628053036491299,3.377213810893896,Magodo Phase 2,Lagos
USR_20111,Household,6.0,2026-04-13,Free Tier,Active,6.629435867391487,3.3853918429521848,Magodo Phase 2,Lagos
USR_20112,Business,25.0,2026-04-14,Free Tier,Active,6.4339532495350324,3.423976061576875,Lekki Phase 1,Lagos
USR_20113,Household,6.0,2026-01-18,Free Tier,Active,6.427966831761047,3.4127013817269654,Lekki Phase 1,Lagos
USR_20114,Household,6.0,2026-03-14,Free Tier,Active,6.56388643957628,3.396069622451501,Gbagada Estate,Lagos
USR_20115,Business,25.0,2026-02-02,Free Tier,Active,6.547244564278337,3.401734177107929,Gbagada Estate,Lagos
USR_20116,Household,12.5,2026-02-01,Free Tier,Active,6.618785765781909,3.377915565418621,Magodo Phase 2,Lagos
USR_20117,Household,12.5,2026-03-02,Free Tier,Active,6.4298353581568914,3.420814596418057,Lekki Phase 1,Lagos
USR_20118,Business,25.0,2026-02-23,Free Tier,Active,6.560922372310901,3.393699341231109,Gbagada Estate,Lagos
USR_20119,Household,12.5,2026-01-17,Free Tier,Active,6.6220726518323545,3.3769538425718193,Magodo Phase 2,Lagos
USR_20120,Household,12.5,2026-01-19,Free Tier,Active,6.626372494415346,3.3818794370101117,Magodo Phase 2,Lagos
USR_20121,Business,50.0,2026-04-01,Premium Paid,Active,6.552096145657565,3.401320938881932,Gbagada Estate,Lagos
USR_20122,Household,6.0,2026-03-11,Free Tier,Active,6.61611221906137,3.3848529620108496,Magodo Phase 2,Lagos
USR_20123,Household,12.5,2026-04-09,Free Tier,Active,6.42576117612842,3.4264904284395286,Lekki Phase 1,Lagos
USR_20124,Household,12.5,2026-04-30,Premium Paid,Active,6.613506821637643,3.370303742858096,Magodo Phase 2,Lagos
USR_20125,Household,12.5,2026-04-11,Free Tier,Active,6.427841650886471,3.429465049354647,Lekki Phase 1,Lagos
USR_20126,Household,6.0,2026-02-03,Premium Paid,Active,6.428645102999013,3.4304974096458776,Lekki Phase 1,Lagos
USR_20127,Business,25.0,2026-03-25,Free Tier,Active,6.553875937931656,3.398208981934719,Gbagada Estate,Lagos
USR_20128,Household,12.5,2026-01-25,Premium Paid,Retained,6.546594935770011,3.4044531248830445,Gbagada Estate,Lagos
USR_20129,Household,12.5,2026-03-09,Free Tier,Active,6.549139308249341,3.4063922497874466,Gbagada Estate,Lagos
USR_20130,Household,6.0,2026-03-15,Free Tier,Active,6.631316484406608,3.385066202237483,Magodo Phase 2,Lagos
USR_20131,Household,6.0,2026-03-15,Free Tier,Active,6.554604609782062,3.401941875695673,Gbagada Estate,Lagos
USR_20132,Household,12.5,2026-03-29,Free Tier,Suspended,6.559770317601233,3.3910202923730095,Gbagada Estate,Lagos
USR_20133,Household,12.5,2026-03-26,Free Tier,Active,6.6251191438999495,3.366885958026066,Magodo Phase 2,Lagos
USR_20134,Business,25.0,2026-01-11,Free Tier,Active,6.554151321667774,3.391496853632405,Gbagada Estate,Lagos
USR_20135,Household,12.5,2026-04-01,Premium Paid,Active,6.616758458519242,3.373500951333852,Magodo Phase 2,Lagos
USR_20136,Household,6.0,2026-01-16,Free Tier,Active,6.62174874333433,3.3786634484906437,Magodo Phase 2,Lagos
USR_20137,Household,12.5,2026-03-31,Premium Paid,Active,6.41958856836877,3.421973835224749,Lekki Phase 1,Lagos
USR_20138,Household,12.5,2026-03-02,Free Tier,Active,6.421752502605062,3.4233795035006347,Lekki Phase 1,Lagos
USR_20139,Business,50.0,2026-04-04,Free Tier,Active,6.556948092245223,3.399534185131057,Gbagada Estate,Lagos
USR_20140,Business,50.0,2026-04-23,Free Tier,Active,6.627865910209566,3.372912184884818,Magodo Phase 2,Lagos
USR_20141,Household,6.0,2026-03-21,Free Tier,Suspended,6.433402131832662,3.420555341634164,Lekki Phase 1,Lagos
USR_20142,Household,12.5,2026-01-07,Free Tier,Active,6.427783689966452,3.424862042545221,Lekki Phase 1,Lagos
USR_20143,Household,6.0,2026-01-16,Free Tier,Active,6.418467167679984,3.4249798844284047,Lekki Phase 1,Lagos
USR_20144,Household,12.5,2026-04-09,Premium Paid,Active,6.430471702981442,3.4180969423350653,Lekki Phase 1,Lagos
USR_20145,Household,12.5,2026-01-16,Free Tier,Active,6.5459158856979895,3.390218708998261,Gbagada Estate,Lagos
USR_20146,Household,12.5,2026-02-09,Premium Paid,Active,6.436564474939704,3.4256855864245166,Lekki Phase 1,Lagos
USR_20147,Household,6.0,2026-01-12,Free Tier,Active,6.546742052275414,3.3955344633861784,Gbagada Estate,Lagos
USR_20148,Household,12.5,2026-02-04,Free Tier,Active,6.624949659878032,3.3829114341018127,Magodo Phase 2,Lagos
USR_20149,Household,6.0,2026-04-23,Free Tier,Active,6.54507321857426,3.3931326626294003,Gbagada Estate,Lagos
USR_20150,Business,25.0,2026-01-21,Premium Paid,Active,6.435894979805908,3.412083311003676,Lekki Phase 1,Lagos
USR_20151,Household,12.5,2026-02-19,Free Tier,Active,6.6171279820558775,3.385380483519459,Magodo Phase 2,Lagos
USR_20152,Household,12.5,2026-02-12,Free Tier,Active,6.6253680369304435,3.37143342733275,Magodo Phase 2,Lagos
USR_20153,Household,12.5,2026-04-10,Free Tier,Active,6.545539821887917,3.3889638268089444,Gbagada Estate,Lagos
USR_20154,Business,25.0,2026-04-22,Premium Paid,Active,6.617994901592739,3.383829716391778,Magodo Phase 2,Lagos
USR_20155,Household,6.0,2026-01-17,Free Tier,Active,6.55251827308595,3.40280666738332,Gbagada Estate,Lagos
USR_20156,Household,12.5,2026-02-01,Free Tier,Suspended,6.631465700707599,3.3743608092320563,Magodo Phase 2,Lagos
USR_20157,Household,12.5,2026-02-10,Free Tier,Active,6.548025547420748,3.3987423586171386,Gbagada Estate,Lagos
USR_20158,Household,6.0,2026-01-06,Free Tier,Active,6.436261673741197,3.427987488282754,Lekki Phase 1,Lagos
USR_20159,Household,12.5,2026-03-29,Free Tier,Active,6.545516596867263,3.4022514560015518,Gbagada Estate,Lagos
USR_20160,Household,12.5,2026-01-27,Free Tier,Active,6.555637950449179,3.4065492635269288,Gbagada Estate,Lagos
USR_20161,Household,12.5,2026-01-20,Free Tier,Active,6.420549628337006,3.422580722264093,Lekki Phase 1,Lagos
USR_20162,Household,12.5,2026-01-25,Free Tier,Active,6.561789253870238,3.396600475734835,Gbagada Estate,Lagos
USR_20163,Household,12.5,2026-03-07,Free Tier,Active,6.553839898354657,3.389809213553339,Gbagada Estate,Lagos
USR_20164,Household,12.5,2026-01-09,Free Tier,Active,6.6186628728089785,3.372690132983379,Magodo Phase 2,Lagos
USR_20165,Household,12.5,2026-04-02,Free Tier,Active,6.563102448974898,3.394053347210823,Gbagada Estate,Lagos
USR_20166,Household,6.0,2026-02-22,Premium Paid,Suspended,6.622317374705393,3.3796260884712854,Magodo Phase 2,Lagos
USR_20167,Household,12.5,2026-03-02,Free Tier,Active,6.421343667448157,3.4216288477428374,Lekki Phase 1,Lagos
USR_20168,Household,12.5,2026-02-07,Premium Paid,Active,6.627870780789518,3.383537104260541,Magodo Phase 2,Lagos
USR_20169,Household,12.5,2026-01-03,Free Tier,Active,6.625625185493249,3.379581070306339,Magodo Phase 2,Lagos
USR_20170,Household,12.5,2026-03-25,Free Tier,Active,6.420625669451691,3.430815529944927,Lekki Phase 1,Lagos
USR_20171,Household,12.5,2026-03-11,Free Tier,Active,6.615751481549689,3.381693458743636,Magodo Phase 2,Lagos
USR_20172,Household,12.5,2026-04-13,Free Tier,Active,6.423396326435566,3.430571862874025,Lekki Phase 1,Lagos
USR_20173,Household,6.0,2026-04-07,Free Tier,Active,6.5585991907873895,3.4034762742595674,Gbagada Estate,Lagos
USR_20174,Household,12.5,2026-02-24,Free Tier,Active,6.548581183461198,3.3972607995327033,Gbagada Estate,Lagos
USR_20175,Household,12.5,2026-01-01,Free Tier,Active,6.6254562638917855,3.381599472364132,Magodo Phase 2,Lagos
USR_20176,Household,6.0,2026-04-11,Premium Paid,Active,6.546279187518247,3.407647306329091,Gbagada Estate,Lagos
USR_20177,Household,12.5,2026-03-11,Free Tier,Active,6.435904413411091,3.4173069718099116,Lekki Phase 1,Lagos
USR_20178,Business,50.0,2026-02-14,Premium Paid,Active,6.560655204860646,3.3987664784607965,Gbagada Estate,Lagos
USR_20179,Household,12.5,2026-04-08,Free Tier,Active,6.42733612963124,3.418188682116228,Lekki Phase 1,Lagos
USR_20180,Household,6.0,2026-02-16,Free Tier,Active,6.555819371732632,3.4029977823540722,Gbagada Estate,Lagos
USR_20181,Household,6.0,2026-03-20,Free Tier,Active,6.621318658099256,3.378784383860166,Magodo Phase 2,Lagos
USR_20182,Business,50.0,2026-04-19,Free Tier,Active,6.558186258423106,3.4026224363403057,Gbagada Estate,Lagos
USR_20183,Business,25.0,2026-01-26,Free Tier,Active,6.545239321962623,3.4055949561137013,Gbagada Estate,Lagos
USR_20184,Household,12.5,2026-01-14,Premium Paid,Active,6.553365066295301,3.393648321633924,Gbagada Estate,Lagos
USR_20185,Household,12.5,2026-02-23,Free Tier,Active,6.422935290149593,3.421560282256879,Lekki Phase 1,Lagos
USR_20186,Household,6.0,2026-03-12,Free Tier,Active,6.435836630789379,3.4194669516336527,Lekki Phase 1,Lagos
USR_20187,Household,6.0,2026-02-15,Free Tier,Active,6.628094514935671,3.3681363746197444,Magodo Phase 2,Lagos
USR_20188,Household,12.5,2026-01-31,Free Tier,Active,6.427621134043021,3.431733722807855,Lekki Phase 1,Lagos
USR_20189,Household,12.5,2026-03-29,Free Tier,Active,6.559608756055846,3.3926105697688125,Gbagada Estate,Lagos
USR_20190,Household,12.5,2026-02-28,Premium Paid,Active,6.554228829473958,3.3930724952729716,Gbagada Estate,Lagos
USR_20191,Business,25.0,2026-04-05,Free Tier,Suspended,6.42629121854525,3.427501680474699,Lekki Phase 1,Lagos
USR_20192,Business,25.0,2026-01-29,Free Tier,Retained,6.5596244963058075,3.3929620075580478,Gbagada Estate,Lagos
USR_20193,Household,12.5,2026-04-16,Premium Paid,Active,6.631544466363097,3.3780513636552962,Magodo Phase 2,Lagos
USR_20194,Household,12.5,2026-04-06,Free Tier,Active,6.62069848581924,3.376238711615617,Magodo Phase 2,Lagos
USR_20195,Household,12.5,2026-01-17,Premium Paid,Active,6.430201425068755,3.4230978106369156,Lekki Phase 1,Lagos
USR_20196,Household,12.5,2026-01-14,Premium Paid,Retained,6.427828100710723,3.421998656081788,Lekki Phase 1,Lagos
USR_20197,Business,25.0,2026-04-14,Premium Paid,Active,6.616628238208557,3.3824546580860932,Magodo Phase 2,Lagos
USR_20198,Business,25.0,2026-02-05,Free Tier,Active,6.62393520639882,3.368821597234094,Magodo Phase 2,Lagos
USR_20199,Household,12.5,2026-02-27,Free Tier,Active,6.433423142031655,3.430548879567547,Lekki Phase 1,Lagos
USR_20200,Household,6.0,2026-04-22,Free Tier,Active,6.437046137984739,3.4192803546482233,Lekki Phase 1,Lagos
USR_20201,Household,6.0,2026-01-24,Free Tier,Active,6.420810337471215,3.422267992532661,Lekki Phase 1,Lagos
USR_20202,Household,12.5,2026-04-19,Free Tier,Active,6.546452184586984,3.4070797483702524,Gbagada Estate,Lagos
USR_20203,Business,25.0,2026-03-04,Free Tier,Active,6.421771592547103,3.4169553171990232,Lekki Phase 1,Lagos
USR_20204,Household,12.5,2026-04-28,Free Tier,Active,6.426232730537699,3.4195632893711823,Lekki Phase 1,Lagos
USR_20205,Household,12.5,2026-04-01,Premium Paid,Active,6.560093257847957,3.3975263364110195,Gbagada Estate,Lagos
USR_20206,Household,12.5,2026-01-25,Free Tier,Active,6.616515365200066,3.371544197909721,Magodo Phase 2,Lagos
USR_20207,Household,6.0,2026-02-28,Premium Paid,Active,6.42828226770375,3.4148490783485226,Lekki Phase 1,Lagos
USR_20208,Household,12.5,2026-02-01,Free Tier,Active,6.55643311351292,3.399714946131023,Gbagada Estate,Lagos
USR_20209,Household,12.5,2026-04-26,Free Tier,Active,6.432394046327645,3.4306540923075874,Lekki Phase 1,Lagos
USR_20210,Household,12.5,2026-03-23,Premium Paid,Active,6.436345091222023,3.430821512361377,Lekki Phase 1,Lagos
USR_20211,Household,12.5,2026-04-20,Premium Paid,Active,6.549094311940474,3.391031306132787,Gbagada Estate,Lagos
USR_20212,Household,6.0,2026-01-18,Free Tier,Active,6.619145534009929,3.3841017034553262,Magodo Phase 2,Lagos
USR_20213,Household,12.5,2026-02-06,Free Tier,Active,6.563641069492469,3.4055864990214095,Gbagada Estate,Lagos
USR_20214,Household,12.5,2026-01-26,Premium Paid,Active,6.420300354422551,3.4308485599611958,Lekki Phase 1,Lagos
USR_20215,Household,6.0,2026-01-09,Free Tier,Active,6.621567160547015,3.366386205815247,Magodo Phase 2,Lagos
USR_20216,Household,12.5,2026-04-09,Premium Paid,Active,6.553047874814964,3.3893213833935096,Gbagada Estate,Lagos
USR_20217,Household,12.5,2026-03-05,Free Tier,Active,6.555077558423222,3.395171080548741,Gbagada Estate,Lagos
USR_20218,Household,12.5,2026-03-13,Free Tier,Active,6.622568698671881,3.3784634072148623,Magodo Phase 2,Lagos
USR_20219,Household,12.5,2026-01-20,Premium Paid,Active,6.435476021916356,3.4251380315294386,Lekki Phase 1,Lagos
USR_20220,Household,6.0,2026-02-23,Premium Paid,Active,6.552880977369563,3.4047885570734073,Gbagada Estate,Lagos
USR_20221,Household,6.0,2026-04-16,Premium Paid,Active,6.562311642751462,3.390795199328644,Gbagada Estate,Lagos
USR_20222,Household,6.0,2026-03-27,Free Tier,Active,6.554838659551056,3.394090239194849,Gbagada Estate,Lagos
USR_20223,Household,12.5,2026-03-24,Premium Paid,Active,6.419041223957539,3.4252709339022798,Lekki Phase 1,Lagos
USR_20224,Household,6.0,2026-01-30,Free Tier,Active,6.561455415549184,3.391658053089548,Gbagada Estate,Lagos
USR_20225,Household,6.0,2026-02-22,Premium Paid,Active,6.629348273152478,3.3832679146707387,Magodo Phase 2,Lagos
USR_20226,Business,50.0,2026-04-02,Free Tier,Active,6.63138680885333,3.3715057017817207,Magodo Phase 2,Lagos
USR_20227,Household,12.5,2026-04-09,Free Tier,Active,6.562279061303798,3.3948132550947285,Gbagada Estate,Lagos
USR_20228,Business,50.0,2026-04-17,Free Tier,Active,6.55524676026911,3.3894101494166455,Gbagada Estate,Lagos
USR_20229,Household,6.0,2026-03-04,Free Tier,Active,6.613977621767375,3.380607464254644,Magodo Phase 2,Lagos
USR_20230,Household,6.0,2026-01-11,Free Tier,Active,6.621989599559556,3.3713258475073844,Magodo Phase 2,Lagos
USR_20231,Household,6.0,2026-01-31,Free Tier,Active,6.548008269920498,3.4017990698171845,Gbagada Estate,Lagos
USR_20232,Household,12.5,2026-02-18,Free Tier,Active,6.613108030880507,3.382317823383937,Magodo Phase 2,Lagos
USR_20233,Household,12.5,2026-04-22,Free Tier,Active,6.4196849921225985,3.4157297922981624,Lekki Phase 1,Lagos
USR_20234,Household,12.5,2026-04-13,Premium Paid,Active,6.425824727905981,3.421597174794322,Lekki Phase 1,Lagos
USR_20235,Household,6.0,2026-04-10,Free Tier,Active,6.425199902316279,3.418314243299686,Lekki Phase 1,Lagos
USR_20236,Household,12.5,2026-04-04,Free Tier,Active,6.437378320241463,3.424731593624868,Lekki Phase 1,Lagos
USR_20237,Household,6.0,2026-03-28,Premium Paid,Retained,6.613568659107348,3.374803518168886,Magodo Phase 2,Lagos
USR_20238,Household,12.5,2026-01-19,Free Tier,Active,6.435600173994879,3.4179291237282134,Lekki Phase 1,Lagos
USR_20239,Household,12.5,2026-01-12,Free Tier,Active,6.5460911268954876,3.4035676954317986,Gbagada Estate,Lagos
USR_20240,Business,50.0,2026-01-15,Free Tier,Active,6.556320276638721,3.39980625015653,Gbagada Estate,Lagos
USR_20241,Business,25.0,2026-01-31,Free Tier,Active,6.419171531192148,3.4147099801959104,Lekki Phase 1,Lagos
USR_20242,Business,25.0,2026-02-12,Free Tier,Active,6.556650987924262,3.392556476829177,Gbagada Estate,Lagos
USR_20243,Household,12.5,2026-04-11,Premium Paid,Active,6.428181401594968,3.4227976337205877,Lekki Phase 1,Lagos
USR_20244,Household,6.0,2026-02-06,Free Tier,Active,6.423770143805418,3.4308685031108297,Lekki Phase 1,Lagos
USR_20245,Business,25.0,2026-03-20,Free Tier,Active,6.434949282136711,3.4263474701526557,Lekki Phase 1,Lagos
USR_20246,Household,6.0,2026-01-29,Premium Paid,Active,6.545759877328188,3.3905226003861806,Gbagada Estate,Lagos
USR_20247,Business,25.0,2026-04-24,Free Tier,Active,6.5540556269172985,3.3916142669838196,Gbagada Estate,Lagos
USR_20248,Business,25.0,2026-04-17,Free Tier,Active,6.4376653092705896,3.4150704046805482,Lekki Phase 1,Lagos
USR_20249,Business,50.0,2026-01-26,Premium Paid,Active,6.427849356709279,3.41918242113683,Lekki Phase 1,Lagos
USR_20250,Household,6.0,2026-04-18,Free Tier,Active,6.430887728429082,3.4144807281777885,Lekki Phase 1,Lagos
USR_20251,Household,12.5,2026-01-02,Premium Paid,Active,6.426706328560847,3.417394100656143,Lekki Phase 1,Lagos
USR_20252,Business,50.0,2026-03-25,Premium Paid,Active,6.630855030493434,3.3670117142426936,Magodo Phase 2,Lagos
USR_20253,Household,12.5,2026-01-15,Premium Paid,Active,6.436374549880129,3.42855988277106,Lekki Phase 1,Lagos
USR_20254,Household,12.5,2026-04-26,Free Tier,Active,6.550151414328816,3.4041858130935423,Gbagada Estate,Lagos
USR_20255,Household,12.5,2026-01-04,Free Tier,Active,6.4187242712067745,3.4312373110058676,Lekki Phase 1,Lagos
USR_20256,Business,25.0,2026-03-27,Free Tier,Active,6.623631898851796,3.3722656205213086,Magodo Phase 2,Lagos
USR_20257,Household,12.5,2026-02-19,Free Tier,Active,6.551451664251894,3.3897281070692102,Gbagada Estate,Lagos
USR_20258,Household,12.5,2026-02-07,Premium Paid,Active,6.6328869902808405,3.366985838903014,Magodo Phase 2,Lagos
USR_20259,Household,12.5,2026-01-23,Free Tier,Active,6.431198142462957,3.420754718554129,Lekki Phase 1,Lagos
USR_20260,Household,12.5,2026-02-28,Free Tier,Active,6.563178324363774,3.393319994806136,Gbagada Estate,Lagos
USR_20261,Business,50.0,2026-03-31,Free Tier,Active,6.42874173647876,3.421547124171655,Lekki Phase 1,Lagos
USR_20262,Household,12.5,2026-04-25,Premium Paid,Active,6.558257328881002,3.3897602046390487,Gbagada Estate,Lagos
USR_20263,Household,6.0,2026-03-16,Free Tier,Active,6.548075782600467,3.392691296401857,Gbagada Estate,Lagos
USR_20264,Business,25.0,2026-01-28,Premium Paid,Active,6.558963015096833,3.392182773926535,Gbagada Estate,Lagos
USR_20265,Household,12.5,2026-04-30,Free Tier,Active,6.6245698352778195,3.3705048764100187,Magodo Phase 2,Lagos
USR_20266,Household,12.5,2026-03-07,Free Tier,Active,6.435332499001679,3.4307437090897928,Lekki Phase 1,Lagos
USR_20267,Household,6.0,2026-01-08,Free Tier,Active,6.623469859498845,3.3732461776841833,Magodo Phase 2,Lagos
USR_20268,Household,12.5,2026-01-29,Free Tier,Active,6.61778115550035,3.367195620030461,Magodo Phase 2,Lagos
USR_20269,Household,6.0,2026-01-11,Free Tier,Active,6.42347000152395,3.424984715598906,Lekki Phase 1,Lagos
USR_20270,Household,6.0,2026-04-11,Free Tier,Active,6.428772338626184,3.4307808255656185,Lekki Phase 1,Lagos
USR_20271,Household,12.5,2026-01-18,Free Tier,Active,6.426025545249834,3.425777266846568,Lekki Phase 1,Lagos
USR_20272,Business,25.0,2026-02-24,Free Tier,Active,6.553986454949502,3.3986515243184843,Gbagada Estate,Lagos
USR_20273,Business,50.0,2026-02-19,Free Tier,Active,6.618455486292082,3.37529901553684,Magodo Phase 2,Lagos
USR_20274,Household,6.0,2026-01-14,Free Tier,Active,6.622515699940254,3.3803328504349786,Magodo Phase 2,Lagos
USR_20275,Household,12.5,2026-04-28,Free Tier,Active,6.631912799983723,3.37278642554965,Magodo Phase 2,Lagos
USR_20276,Household,6.0,2026-03-15,Free Tier,Active,6.613944009371626,3.3761259025100125,Magodo Phase 2,Lagos
USR_20277,Household,6.0,2026-04-09,Free Tier,Active,6.623989226642983,3.369568811022638,Magodo Phase 2,Lagos
USR_20278,Household,6.0,2026-01-09,Free Tier,Active,6.559409292125521,3.40809858216883,Gbagada Estate,Lagos
USR_20279,Household,6.0,2026-04-09,Free Tier,Active,6.4370154943401685,3.415842120776473,Lekki Phase 1,Lagos
USR_20280,Business,25.0,2026-01-11,Premium Paid,Active,6.561707264798015,3.4024898727282338,Gbagada Estate,Lagos
USR_20281,Household,6.0,2026-03-04,Free Tier,Active,6.553276931276138,3.3992122198864947,Gbagada Estate,Lagos
USR_20282,Household,12.5,2026-04-18,Free Tier,Active,6.561192003499649,3.3980026987927676,Gbagada Estate,Lagos
USR_20283,Household,6.0,2026-03-17,Free Tier,Active,6.425564147382103,3.4217649498605196,Lekki Phase 1,Lagos
USR_20284,Household,12.5,2026-03-08,Free Tier,Active,6.429682596080701,3.415681553075567,Lekki Phase 1,Lagos
USR_20285,Household,12.5,2026-02-22,Free Tier,Active,6.63111815460534,3.3796837389765924,Magodo Phase 2,Lagos
USR_20286,Household,12.5,2026-02-08,Free Tier,Active,6.55686537834675,3.3903899245236127,Gbagada Estate,Lagos
USR_20287,Household,12.5,2026-03-19,Free Tier,Active,6.625183478763452,3.3686192132447697,Magodo Phase 2,Lagos
USR_20288,Household,12.5,2026-02-25,Premium Paid,Suspended,6.419673953503907,3.4224462179128476,Lekki Phase 1,Lagos
USR_20289,Household,6.0,2026-01-28,Free Tier,Active,6.42615571068093,3.4236762054031242,Lekki Phase 1,Lagos
USR_20290,Household,6.0,2026-03-16,Premium Paid,Active,6.419884443361145,3.4205196612569453,Lekki Phase 1,Lagos
USR_20291,Household,12.5,2026-02-08,Free Tier,Active,6.421595734300903,3.4316420017184823,Lekki Phase 1,Lagos
USR_20292,Household,6.0,2026-01-25,Free Tier,Active,6.555423004248703,3.4021487372188175,Gbagada Estate,Lagos
USR_20293,Household,6.0,2026-01-21,Free Tier,Active,6.619608365613652,3.368094778295587,Magodo Phase 2,Lagos
USR_20294,Household,6.0,2026-01-10,Premium Paid,Retained,6.43761741725567,3.4176251807076636,Lekki Phase 1,Lagos
USR_20295,Household,6.0,2026-02-12,Premium Paid,Active,6.621576163703471,3.3791972784340514,Magodo Phase 2,Lagos
USR_20296,Household,6.0,2026-01-15,Free Tier,Active,6.418593945953722,3.4281051826103455,Lekki Phase 1,Lagos
USR_20297,Household,12.5,2026-03-24,Premium Paid,Active,6.6238315638005725,3.3717643437413765,Magodo Phase 2,Lagos
USR_20298,Household,6.0,2026-02-17,Premium Paid,Active,6.6143321597058495,3.3694499683094885,Magodo Phase 2,Lagos
USR_20299,Household,12.5,2026-03-27,Premium Paid,Active,6.436000677177068,3.425620484478718,Lekki Phase 1,Lagos
USR_20300,Household,6.0,2026-01-21,Free Tier,Active,6.423098034432737,3.4132120152989005,Lekki Phase 1,Lagos
USR_20301,Household,6.0,2026-03-01,Free Tier,Retained,6.626912306247733,3.3776481545193553,Magodo Phase 2,Lagos
USR_20302,Household,12.5,2026-04-26,Free Tier,Active,6.552290390489165,3.3956722289838015,Gbagada Estate,Lagos
USR_20303,Household,6.0,2026-04-18,Free Tier,Active,6.4224362855185815,3.4252922251307503,Lekki Phase 1,Lagos
USR_20304,Household,12.5,2026-04-06,Free Tier,Active,6.437513360555877,3.4154143049167365,Lekki Phase 1,Lagos
USR_20305,Business,25.0,2026-02-19,Free Tier,Active,6.55614233240031,3.3968837011149198,Gbagada Estate,Lagos
USR_20306,Household,6.0,2026-01-23,Free Tier,Active,6.553133774434893,3.3934829456025564,Gbagada Estate,Lagos
USR_20307,Household,12.5,2026-01-13,Premium Paid,Active,6.434602697513228,3.4216051120829447,Lekki Phase 1,Lagos
USR_20308,Household,6.0,2026-03-10,Premium Paid,Active,6.428968117043965,3.4179952182559465,Lekki Phase 1,Lagos
USR_20309,Household,12.5,2026-01-04,Premium Paid,Active,6.421736169313339,3.4136182077640562,Lekki Phase 1,Lagos
USR_20310,Household,6.0,2026-04-02,Free Tier,Active,6.432382382818498,3.415824685633757,Lekki Phase 1,Lagos
USR_20311,Household,12.5,2026-03-19,Free Tier,Active,6.626901507083776,3.374007528920939,Magodo Phase 2,Lagos
USR_20312,Household,6.0,2026-03-13,Free Tier,Active,6.621415496019793,3.3755835499218554,Magodo Phase 2,Lagos
USR_20313,Business,25.0,2026-01-09,Premium Paid,Active,6.620454170162551,3.3682123995444515,Magodo Phase 2,Lagos
USR_20314,Household,12.5,2026-04-25,Premium Paid,Active,6.4242926362000565,3.425174687213879,Lekki Phase 1,Lagos
USR_20315,Household,12.5,2026-02-04,Free Tier,Active,6.626415688029377,3.3719244861448,Magodo Phase 2,Lagos
USR_20316,Household,12.5,2026-04-11,Free Tier,Active,6.427302052531154,3.415768944560239,Lekki Phase 1,Lagos
USR_20317,Household,12.5,2026-01-21,Free Tier,Active,6.422307441630596,3.412360941768132,Lekki Phase 1,Lagos
USR_20318,Household,12.5,2026-02-27,Free Tier,Active,6.631034930998155,3.370414133301498,Magodo Phase 2,Lagos
USR_20319,Household,6.0,2026-01-18,Free Tier,Active,6.422650677538729,3.4174920286529025,Lekki Phase 1,Lagos
USR_20320,Household,6.0,2026-04-07,Premium Paid,Active,6.615648161433908,3.378985257663627,Magodo Phase 2,Lagos
USR_20321,Household,6.0,2026-03-13,Premium Paid,Active,6.6146028590635515,3.368884048526527,Magodo Phase 2,Lagos
USR_20322,Household,12.5,2026-04-25,Free Tier,Active,6.625995134531802,3.3729932124096287,Magodo Phase 2,Lagos
USR_20323,Household,12.5,2026-04-23,Free Tier,Active,6.627258956534024,3.3773484948934027,Magodo Phase 2,Lagos
USR_20324,Business,25.0,2026-03-22,Free Tier,Active,6.6182204234612305,3.3792165590097865,Magodo Phase 2,Lagos
USR_20325,Household,6.0,2026-02-12,Free Tier,Active,6.546525473605858,3.3991282076616005,Gbagada Estate,Lagos
USR_20326,Household,12.5,2026-04-05,Premium Paid,Active,6.5529429621009,3.393757471656349,Gbagada Estate,Lagos
USR_20327,Household,6.0,2026-04-08,Free Tier,Active,6.556280099954789,3.4058266718468055,Gbagada Estate,Lagos
USR_20328,Household,6.0,2026-01-06,Free Tier,Active,6.564178093995261,3.4005552553748686,Gbagada Estate,Lagos
USR_20329,Household,12.5,2026-03-27,Free Tier,Active,6.552294117486583,3.392904142004324,Gbagada Estate,Lagos
USR_20330,Household,12.5,2026-03-19,Free Tier,Active,6.618241921787902,3.3757890995629953,Magodo Phase 2,Lagos
USR_20331,Household,12.5,2026-03-08,Free Tier,Active,6.425445554025614,3.430176290452499,Lekki Phase 1,Lagos
USR_20332,Household,12.5,2026-01-12,Free Tier,Active,6.425465909353114,3.419368891822909,Lekki Phase 1,Lagos
USR_20333,Household,6.0,2026-04-10,Free Tier,Active,6.62077069024868,3.382932404207353,Magodo Phase 2,Lagos
USR_20334,Household,12.5,2026-01-12,Free Tier,Active,6.431115766416938,3.424183377006378,Lekki Phase 1,Lagos
USR_20335,Household,6.0,2026-04-19,Free Tier,Active,6.424782860447677,3.4282580835366487,Lekki Phase 1,Lagos
USR_20336,Business,25.0,2026-03-07,Premium Paid,Suspended,6.544967277227114,3.4058159434467625,Gbagada Estate,Lagos
USR_20337,Household,12.5,2026-01-02,Free Tier,Active,6.554454997995879,3.396365004697268,Gbagada Estate,Lagos
USR_20338,Household,6.0,2026-01-15,Free Tier,Active,6.554143345614354,3.4017483106106767,Gbagada Estate,Lagos
USR_20339,Household,6.0,2026-01-23,Premium Paid,Active,6.418355308530358,3.429331037129165,Lekki Phase 1,Lagos
USR_20340,Household,12.5,2026-01-29,Free Tier,Active,6.553134790506228,3.3952593303940017,Gbagada Estate,Lagos
USR_20341,Household,12.5,2026-03-22,Free Tier,Active,6.6158649113126815,3.374989307487169,Magodo Phase 2,Lagos
USR_20342,Household,12.5,2026-04-06,Free Tier,Active,6.428026455425687,3.4199729338898694,Lekki Phase 1,Lagos
USR_20343,Household,6.0,2026-01-07,Free Tier,Active,6.431673201876538,3.4203179305751843,Lekki Phase 1,Lagos
USR_20344,Household,6.0,2026-04-04,Free Tier,Active,6.563428351556931,3.400385550356472,Gbagada Estate,Lagos
USR_20345,Household,12.5,2026-01-28,Premium Paid,Active,6.629249558713038,3.3683871180621896,Magodo Phase 2,Lagos
USR_20346,Household,12.5,2026-01-14,Premium Paid,Active,6.552145825858918,3.3951369540289433,Gbagada Estate,Lagos
USR_20347,Household,6.0,2026-02-13,Premium Paid,Active,6.555589647762732,3.4056222704012287,Gbagada Estate,Lagos
USR_20348,Household,12.5,2026-01-30,Free Tier,Active,6.41966676435524,3.413351495960894,Lekki Phase 1,Lagos
USR_20349,Household,6.0,2026-03-22,Free Tier,Active,6.4351063541631515,3.416157001720767,Lekki Phase 1,Lagos
USR_20350,Household,12.5,2026-02-01,Free Tier,Active,6.557575065088996,3.3992575626472163,Gbagada Estate,Lagos
USR_20351,Business,25.0,2026-04-20,Free Tier,Active,6.4347578718977445,3.414401778196728,Lekki Phase 1,Lagos
USR_20352,Household,12.5,2026-03-11,Free Tier,Suspended,6.420695659314452,3.423036367205566,Lekki Phase 1,Lagos
USR_20353,Household,6.0,2026-04-25,Free Tier,Active,6.4370275730671676,3.420199955167415,Lekki Phase 1,Lagos
USR_20354,Household,12.5,2026-03-29,Free Tier,Active,6.550738842005094,3.4005337864639578,Gbagada Estate,Lagos
USR_20355,Household,6.0,2026-01-06,Free Tier,Active,6.4367089720109005,3.4286385566568924,Lekki Phase 1,Lagos
USR_20356,Household,6.0,2026-01-27,Free Tier,Active,6.564109672214665,3.388851371664048,Gbagada Estate,Lagos
USR_20357,Household,12.5,2026-03-23,Free Tier,Active,6.420357162894255,3.4240893552673324,Lekki Phase 1,Lagos
USR_20358,Business,50.0,2026-03-29,Free Tier,Active,6.629511528786677,3.371904886846135,Magodo Phase 2,Lagos
USR_20359,Household,12.5,2026-04-11,Free Tier,Active,6.422884221760684,3.427639515987624,Lekki Phase 1,Lagos
USR_20360,Household,12.5,2026-04-30,Free Tier,Active,6.545327637077064,3.3957876529516517,Gbagada Estate,Lagos
USR_20361,Household,12.5,2026-01-24,Free Tier,Active,6.428216184451847,3.4231069734870063,Lekki Phase 1,Lagos
USR_20362,Household,6.0,2026-04-12,Premium Paid,Active,6.558772303135855,3.3954969144686133,Gbagada Estate,Lagos
USR_20363,Household,6.0,2026-02-03,Free Tier,Active,6.556453686893492,3.400107508455819,Gbagada Estate,Lagos
USR_20364,Business,25.0,2026-02-09,Free Tier,Suspended,6.429052322013074,3.424709665862844,Lekki Phase 1,Lagos
USR_20365,Household,12.5,2026-02-16,Free Tier,Active,6.549388983421362,3.390092975071693,Gbagada Estate,Lagos
USR_20366,Business,25.0,2026-03-20,Premium Paid,Active,6.420485433440795,3.416391647653078,Lekki Phase 1,Lagos
USR_20367,Business,25.0,2026-03-16,Premium Paid,Active,6.623103958710455,3.38300885501092,Magodo Phase 2,Lagos
USR_20368,Household,12.5,2026-03-27,Premium Paid,Active,6.5582258668417674,3.404180812084041,Gbagada Estate,Lagos
USR_20369,Household,12.5,2026-04-28,Free Tier,Active,6.5512195124785215,3.396493074832971,Gbagada Estate,Lagos
USR_20370,Household,12.5,2026-01-24,Free Tier,Active,6.552073637719812,3.3922374636880903,Gbagada Estate,Lagos
USR_20371,Household,6.0,2026-03-06,Premium Paid,Active,6.545424333162871,3.4002183218565447,Gbagada Estate,Lagos
USR_20372,Household,6.0,2026-01-18,Free Tier,Active,6.632884333668412,3.369536594099005,Magodo Phase 2,Lagos
USR_20373,Household,6.0,2026-02-13,Free Tier,Active,6.6140336963979856,3.3817906336364785,Magodo Phase 2,Lagos
USR_20374,Household,6.0,2026-03-17,Free Tier,Active,6.423151720133694,3.4284928761070583,Lekki Phase 1,Lagos
USR_20375,Household,12.5,2026-02-26,Free Tier,Active,6.55827873334069,3.407313470741016,Gbagada Estate,Lagos
USR_20376,Household,12.5,2026-04-17,Free Tier,Active,6.5523785447151335,3.4016393967890126,Gbagada Estate,Lagos
USR_20377,Household,12.5,2026-01-28,Free Tier,Active,6.622397095616265,3.378811773946171,Magodo Phase 2,Lagos
USR_20378,Household,12.5,2026-04-14,Free Tier,Active,6.4270919781201545,3.4156726449284815,Lekki Phase 1,Lagos
USR_20379,Household,12.5,2026-03-12,Free Tier,Active,6.6232579483200675,3.3767716840287485,Magodo Phase 2,Lagos
USR_20380,Household,6.0,2026-01-23,Free Tier,Active,6.629312076965204,3.3809104141158715,Magodo Phase 2,Lagos
USR_20381,Household,12.5,2026-03-26,Free Tier,Active,6.431375832478828,3.414167741911051,Lekki Phase 1,Lagos
USR_20382,Household,12.5,2026-02-03,Free Tier,Active,6.558612325813274,3.3984061031270905,Gbagada Estate,Lagos
USR_20383,Business,25.0,2026-01-11,Free Tier,Active,6.562081990722123,3.406797418682611,Gbagada Estate,Lagos
USR_20384,Household,6.0,2026-03-27,Premium Paid,Active,6.614203131812036,3.3826128312070893,Magodo Phase 2,Lagos
USR_20385,Household,12.5,2026-04-16,Free Tier,Active,6.613853947808454,3.3735433925139002,Magodo Phase 2,Lagos
USR_20386,Household,6.0,2026-02-04,Premium Paid,Active,6.623945999512421,3.3691620159725426,Magodo Phase 2,Lagos
USR_20387,Household,12.5,2026-04-26,Premium Paid,Active,6.433026276251382,3.4120670940834428,Lekki Phase 1,Lagos
USR_20388,Household,6.0,2026-04-03,Free Tier,Active,6.421471980968681,3.4235159365970693,Lekki Phase 1,Lagos
USR_20389,Household,12.5,2026-02-11,Free Tier,Active,6.627387751240746,3.384532862053878,Magodo Phase 2,Lagos
USR_20390,Business,25.0,2026-01-28,Premium Paid,Active,6.558309933038692,3.4018355854050975,Gbagada Estate,Lagos
USR_20391,Household,6.0,2026-03-23,Free Tier,Active,6.552086822927013,3.388425688510536,Gbagada Estate,Lagos
USR_20392,Household,12.5,2026-03-19,Free Tier,Active,6.420503185174712,3.422591090895121,Lekki Phase 1,Lagos
USR_20393,Household,6.0,2026-03-23,Premium Paid,Active,6.431602597716888,3.420248965677929,Lekki Phase 1,Lagos
USR_20394,Household,12.5,2026-04-02,Free Tier,Suspended,6.558813580230567,3.398837245906644,Gbagada Estate,Lagos
USR_20395,Business,25.0,2026-01-24,Free Tier,Retained,6.419583523911886,3.415740325019359,Lekki Phase 1,Lagos
USR_20396,Business,25.0,2026-01-08,Free Tier,Active,6.560999964464878,3.402898254932489,Gbagada Estate,Lagos
USR_20397,Household,6.0,2026-04-16,Premium Paid,Active,6.63099523974025,3.3685511449824186,Magodo Phase 2,Lagos
USR_20398,Household,6.0,2026-04-28,Free Tier,Active,6.437904450692301,3.416088134278999,Lekki Phase 1,Lagos
USR_20399,Household,12.5,2026-04-19,Free Tier,Active,6.613335597525733,3.386148458781071,Magodo Phase 2,Lagos
USR_20400,Household,6.0,2026-02-22,Free Tier,Active,6.423721477708902,3.4252603890502513,Lekki Phase 1,Lagos
USR_20401,Business,25.0,2026-03-13,Premium Paid,Active,6.421633646283526,3.4235045706439826,Lekki Phase 1,Lagos
USR_20402,Household,6.0,2026-01-04,Free Tier,Retained,6.631180699729091,3.3726036233485686,Magodo Phase 2,Lagos
USR_20403,Household,6.0,2026-04-01,Premium Paid,Active,6.6265050795208875,3.3699580717759683,Magodo Phase 2,Lagos
USR_20404,Household,12.5,2026-04-10,Free Tier,Active,6.430595907974374,3.4186290070363503,Lekki Phase 1,Lagos
USR_20405,Business,25.0,2026-01-05,Premium Paid,Active,6.617324165171759,3.3724636410140727,Magodo Phase 2,Lagos
USR_20406,Household,12.5,2026-04-07,Free Tier,Active,6.547776821370156,3.406438322156758,Gbagada Estate,Lagos
USR_20407,Household,6.0,2026-02-18,Free Tier,Retained,6.552143737726342,3.3933055860994874,Gbagada Estate,Lagos
USR_20408,Business,50.0,2026-04-08,Free Tier,Active,6.622068156820319,3.37261072333613,Magodo Phase 2,Lagos
USR_20409,Household,12.5,2026-01-30,Premium Paid,Active,6.559088385076266,3.40782439823771,Gbagada Estate,Lagos
USR_20410,Household,12.5,2026-03-13,Free Tier,Active,6.552960673133953,3.405620667999445,Gbagada Estate,Lagos
USR_20411,Business,25.0,2026-04-13,Free Tier,Active,6.555517261471192,3.391544713301885,Gbagada Estate,Lagos
USR_20412,Business,25.0,2026-03-04,Free Tier,Active,6.431912454841626,3.4221686899425166,Lekki Phase 1,Lagos
USR_20413,Household,6.0,2026-02-16,Free Tier,Active,6.557212130465042,3.4061937482514333,Gbagada Estate,Lagos
USR_20414,Household,6.0,2026-01-26,Free Tier,Active,6.553008691413121,3.4064235524643474,Gbagada Estate,Lagos
USR_20415,Household,12.5,2026-02-26,Free Tier,Active,6.628113380285633,3.3759720985175594,Magodo Phase 2,Lagos
USR_20416,Household,6.0,2026-02-06,Free Tier,Active,6.556264442713159,3.39491162265038,Gbagada Estate,Lagos
USR_20417,Household,12.5,2026-04-08,Free Tier,Active,6.4377719459947755,3.425247023261008,Lekki Phase 1,Lagos
USR_20418,Household,12.5,2026-01-07,Free Tier,Active,6.4189769370499326,3.41843243811496,Lekki Phase 1,Lagos
USR_20419,Household,6.0,2026-02-09,Free Tier,Active,6.625566288675181,3.367326665555985,Magodo Phase 2,Lagos
USR_20420,Household,12.5,2026-04-02,Free Tier,Active,6.418577683826382,3.420900484790556,Lekki Phase 1,Lagos
USR_20421,Household,12.5,2026-02-08,Premium Paid,Active,6.424753803593853,3.420665972160663,Lekki Phase 1,Lagos
USR_20422,Household,12.5,2026-03-03,Free Tier,Active,6.5494538661976,3.39169435493886,Gbagada Estate,Lagos
USR_20423,Household,12.5,2026-04-13,Free Tier,Active,6.557982867139606,3.398691422325356,Gbagada Estate,Lagos
USR_20424,Household,6.0,2026-04-02,Free Tier,Active,6.422103084224987,3.4182917885251998,Lekki Phase 1,Lagos
USR_20425,Household,6.0,2026-03-19,Premium Paid,Active,6.624936158153266,3.3676445869654494,Magodo Phase 2,Lagos
USR_20426,Household,12.5,2026-02-22,Free Tier,Active,6.616049060185324,3.3676649120821476,Magodo Phase 2,Lagos
USR_20427,Business,25.0,2026-04-24,Free Tier,Active,6.560446346654282,3.4034481846642404,Gbagada Estate,Lagos
USR_20428,Household,12.5,2026-04-12,Free Tier,Active,6.433166258637585,3.4262265068695203,Lekki Phase 1,Lagos
USR_20429,Household,12.5,2026-01-04,Premium Paid,Active,6.557587708473397,3.3979398383075634,Gbagada Estate,Lagos
USR_20430,Household,12.5,2026-04-16,Free Tier,Active,6.625945563270142,3.3669672310957592,Magodo Phase 2,Lagos
USR_20431,Household,6.0,2026-03-23,Free Tier,Retained,6.430529288453135,3.4274575541107373,Lekki Phase 1,Lagos
USR_20432,Household,12.5,2026-04-18,Free Tier,Active,6.554207167207688,3.3955502665685446,Gbagada Estate,Lagos
USR_20433,Household,12.5,2026-04-22,Free Tier,Active,6.549748534696019,3.4012560410032417,Gbagada Estate,Lagos
USR_20434,Household,12.5,2026-01-25,Free Tier,Active,6.626956023972598,3.383619351997251,Magodo Phase 2,Lagos
USR_20435,Household,12.5,2026-01-07,Free Tier,Active,6.551046681649219,3.403795446147712,Gbagada Estate,Lagos
USR_20436,Household,12.5,2026-04-12,Free Tier,Active,6.624327116483787,3.3838567298135613,Magodo Phase 2,Lagos
USR_20437,Household,12.5,2026-01-28,Free Tier,Active,6.623656242165913,3.3765525965679593,Magodo Phase 2,Lagos
USR_20438,Household,12.5,2026-03-10,Free Tier,Suspended,6.429657541628818,3.4268863071028486,Lekki Phase 1,Lagos
USR_20439,Household,12.5,2026-03-08,Premium Paid,Suspended,6.437393809576569,3.4133712670843153,Lekki Phase 1,Lagos
USR_20440,Household,6.0,2026-04-18,Premium Paid,Active,6.54526869204782,3.4071510067481467,Gbagada Estate,Lagos
USR_20441,Business,25.0,2026-04-05,Free Tier,Active,6.623697512510364,3.3784980602913386,Magodo Phase 2,Lagos
USR_20442,Household,12.5,2026-04-21,Free Tier,Active,6.622748472031895,3.368073149052149,Magodo Phase 2,Lagos
USR_20443,Household,12.5,2026-04-16,Free Tier,Retained,6.433461787568373,3.426844492901772,Lekki Phase 1,Lagos
USR_20444,Household,12.5,2026-01-20,Free Tier,Retained,6.424334066429856,3.418024784904568,Lekki Phase 1,Lagos
USR_20445,Business,50.0,2026-03-24,Free Tier,Active,6.62985682761811,3.367647145154826,Magodo Phase 2,Lagos
USR_20446,Business,50.0,2026-04-22,Free Tier,Active,6.435722102967131,3.4170332337979183,Lekki Phase 1,Lagos
USR_20447,Household,12.5,2026-01-11,Premium Paid,Active,6.55605969495511,3.4071198835800356,Gbagada Estate,Lagos
USR_20448,Household,12.5,2026-04-14,Free Tier,Active,6.626662450030733,3.3744885962493405,Magodo Phase 2,Lagos
USR_20449,Household,12.5,2026-03-08,Free Tier,Active,6.431890684178108,3.4187795927263274,Lekki Phase 1,Lagos
USR_20450,Household,12.5,2026-03-28,Premium Paid,Active,6.549745168326983,3.4083336655586938,Gbagada Estate,Lagos
USR_20451,Household,6.0,2026-01-07,Premium Paid,Active,6.6281158046235955,3.379094399547636,Magodo Phase 2,Lagos
USR_20452,Household,12.5,2026-01-23,Free Tier,Active,6.551305792864386,3.3893832165831013,Gbagada Estate,Lagos
USR_20453,Business,50.0,2026-03-02,Free Tier,Active,6.544821137520703,3.399483625108976,Gbagada Estate,Lagos
USR_20454,Household,12.5,2026-03-12,Free Tier,Retained,6.628340654420781,3.376947583808877,Magodo Phase 2,Lagos
USR_20455,Household,12.5,2026-04-20,Free Tier,Active,6.561015701438782,3.3890685306618646,Gbagada Estate,Lagos
USR_20456,Household,12.5,2026-02-03,Free Tier,Active,6.425435041528519,3.4166414078234837,Lekki Phase 1,Lagos
USR_20457,Household,12.5,2026-04-16,Free Tier,Active,6.427045459363142,3.4133475278638823,Lekki Phase 1,Lagos
USR_20458,Household,6.0,2026-01-19,Free Tier,Active,6.437182632831421,3.4163651080213873,Lekki Phase 1,Lagos
USR_20459,Household,12.5,2026-02-27,Free Tier,Active,6.562646155509672,3.3969178631007337,Gbagada Estate,Lagos
USR_20460,Household,12.5,2026-01-09,Premium Paid,Active,6.437810482665104,3.4229811676692043,Lekki Phase 1,Lagos
USR_20461,Household,6.0,2026-02-17,Free Tier,Active,6.562816657283516,3.3885069797738847,Gbagada Estate,Lagos
USR_20462,Household,6.0,2026-04-25,Free Tier,Active,6.433064776123618,3.42996101306205,Lekki Phase 1,Lagos
USR_20463,Household,12.5,2026-03-23,Free Tier,Active,6.615894411339579,3.3681225170346427,Magodo Phase 2,Lagos
USR_20464,Business,25.0,2026-02-10,Free Tier,Active,6.552691452143719,3.4070735781226587,Gbagada Estate,Lagos
USR_20465,Household,6.0,2026-02-17,Free Tier,Active,6.555047731203809,3.3989491292744347,Gbagada Estate,Lagos
USR_20466,Household,12.5,2026-02-14,Premium Paid,Active,6.420922522365986,3.4119157902218644,Lekki Phase 1,Lagos
USR_20467,Business,50.0,2026-04-16,Free Tier,Active,6.62930280181491,3.3679514912597246,Magodo Phase 2,Lagos
USR_20468,Household,12.5,2026-01-25,Free Tier,Active,6.430776996374706,3.430192329090304,Lekki Phase 1,Lagos
USR_20469,Business,25.0,2026-04-26,Premium Paid,Active,6.422273038263168,3.425205456724738,Lekki Phase 1,Lagos
USR_20470,Household,12.5,2026-03-19,Premium Paid,Active,6.61467397153415,3.378275102876752,Magodo Phase 2,Lagos
USR_20471,Business,50.0,2026-04-18,Free Tier,Active,6.616378634419064,3.3809190712103034,Magodo Phase 2,Lagos
USR_20472,Household,12.5,2026-01-25,Free Tier,Active,6.424124625895878,3.421167820176093,Lekki Phase 1,Lagos
USR_20473,Business,50.0,2026-01-19,Free Tier,Active,6.625088610840552,3.3696254682133246,Magodo Phase 2,Lagos
USR_20474,Household,6.0,2026-02-08,Free Tier,Active,6.432932756372352,3.4179528068127363,Lekki Phase 1,Lagos
USR_20475,Business,25.0,2026-04-29,Free Tier,Active,6.557447437198255,3.3915656610139875,Gbagada Estate,Lagos
USR_20476,Household,6.0,2026-03-20,Free Tier,Retained,6.431862353184127,3.4144637614562092,Lekki Phase 1,Lagos
USR_20477,Household,6.0,2026-03-21,Free Tier,Active,6.552707129925399,3.3933441214747777,Gbagada Estate,Lagos
USR_20478,Business,25.0,2026-01-27,Free Tier,Active,6.433067504988563,3.4171407000901373,Lekki Phase 1,Lagos
USR_20479,Household,6.0,2026-04-14,Free Tier,Active,6.630734346127908,3.3840364042281323,Magodo Phase 2,Lagos
USR_20480,Household,12.5,2026-03-15,Premium Paid,Active,6.548128826304455,3.4006769189001544,Gbagada Estate,Lagos
USR_20481,Household,6.0,2026-03-04,Free Tier,Active,6.614854352834399,3.3740307419920326,Magodo Phase 2,Lagos
USR_20482,Household,12.5,2026-03-09,Free Tier,Active,6.558466434590025,3.4015884649369985,Gbagada Estate,Lagos
USR_20483,Household,12.5,2026-04-25,Free Tier,Suspended,6.556694013388132,3.394050817273249,Gbagada Estate,Lagos
USR_20484,Household,12.5,2026-01-19,Premium Paid,Active,6.425660498988687,3.4139589228940057,Lekki Phase 1,Lagos
USR_20485,Business,25.0,2026-01-28,Premium Paid,Active,6.432480456408672,3.4219777759358254,Lekki Phase 1,Lagos
USR_20486,Household,12.5,2026-03-26,Free Tier,Active,6.4322753126469125,3.416878870495937,Lekki Phase 1,Lagos
USR_20487,Household,12.5,2026-04-21,Free Tier,Active,6.424588764572701,3.418584306745202,Lekki Phase 1,Lagos
USR_20488,Business,50.0,2026-03-19,Free Tier,Active,6.613614848194945,3.373020957456612,Magodo Phase 2,Lagos
USR_20489,Business,50.0,2026-02-02,Free Tier,Active,6.4341660914703604,3.429845969914995,Lekki Phase 1,Lagos
USR_20490,Household,12.5,2026-04-22,Free Tier,Active,6.428464366312718,3.4210100339043845,Lekki Phase 1,Lagos
USR_20491,Household,12.5,2026-01-10,Premium Paid,Active,6.544816492373987,3.4059840867517077,Gbagada Estate,Lagos
USR_20492,Household,6.0,2026-03-24,Free Tier,Active,6.613360204268518,3.385095001604204,Magodo Phase 2,Lagos
USR_20493,Household,12.5,2026-01-30,Premium Paid,Active,6.622884324973762,3.3730386898714944,Magodo Phase 2,Lagos
USR_20494,Household,6.0,2026-01-22,Free Tier,Active,6.562684368696853,3.388887819862202,Gbagada Estate,Lagos
USR_20495,Household,12.5,2026-01-03,Free Tier,Active,6.555828497897382,3.3993786504899868,Gbagada Estate,Lagos
USR_20496,Household,6.0,2026-04-11,Free Tier,Active,6.422486408024227,3.420477748627004,Lekki Phase 1,Lagos
USR_20497,Household,6.0,2026-04-15,Premium Paid,Active,6.626145280118876,3.3807426239376386,Magodo Phase 2,Lagos
USR_20498,Business,50.0,2026-03-23,Premium Paid,Active,6.418114337174131,3.43063706860182,Lekki Phase 1,Lagos
USR_20499,Business,25.0,2026-03-16,Free Tier,Active,6.547490507447856,3.3930716086844472,Gbagada Estate,Lagos
USR_20500,Household,12.5,2026-02-17,Free Tier,Active,6.423369468913877,3.4126564027310407,Lekki Phase 1,Lagos
USR_20501,Household,12.5,2026-01-02,Premium Paid,Active,6.615561042471806,3.385926998458883,Magodo Phase 2,Lagos
USR_20502,Household,12.5,2026-03-17,Free Tier,Retained,6.424404334747545,3.414206021806781,Lekki Phase 1,Lagos
USR_20503,Household,6.0,2026-02-23,Premium Paid,Active,6.615239825223492,3.380589199353399,Magodo Phase 2,Lagos
USR_20504,Household,12.5,2026-01-06,Free Tier,Active,6.435191373280652,3.4170390459901694,Lekki Phase 1,Lagos
USR_20505,Household,6.0,2026-04-17,Free Tier,Active,6.418518190246704,3.416361800368907,Lekki Phase 1,Lagos
USR_20506,Business,50.0,2026-02-09,Free Tier,Retained,6.614230313815935,3.3682678987326007,Magodo Phase 2,Lagos
USR_20507,Household,12.5,2026-04-18,Free Tier,Active,6.621730162396953,3.3707983674172324,Magodo Phase 2,Lagos
USR_20508,Business,25.0,2026-04-03,Premium Paid,Active,6.6234189175705085,3.3712698750651438,Magodo Phase 2,Lagos
USR_20509,Household,12.5,2026-04-04,Free Tier,Active,6.4369107460220585,3.430018879358525,Lekki Phase 1,Lagos
USR_20510,Household,6.0,2026-01-02,Premium Paid,Active,6.429436122100209,3.4189884798397476,Lekki Phase 1,Lagos
USR_20511,Household,12.5,2026-03-14,Premium Paid,Active,6.425722937640694,3.42013704566289,Lekki Phase 1,Lagos
USR_20512,Business,25.0,2026-04-21,Free Tier,Retained,6.558751586442699,3.397432779910377,Gbagada Estate,Lagos
USR_20513,Business,50.0,2026-01-02,Premium Paid,Active,6.435234598930117,3.4307818957186074,Lekki Phase 1,Lagos
USR_20514,Household,6.0,2026-04-03,Free Tier,Active,6.619818923067578,3.3774138896275137,Magodo Phase 2,Lagos
USR_20515,Household,6.0,2026-04-07,Free Tier,Suspended,6.615001130736651,3.370209380955327,Magodo Phase 2,Lagos
USR_20516,Household,6.0,2026-03-15,Free Tier,Active,6.621369315334203,3.3703240543180355,Magodo Phase 2,Lagos
USR_20517,Household,6.0,2026-04-08,Free Tier,Active,6.435631209815774,3.415065725121182,Lekki Phase 1,Lagos
USR_20518,Business,25.0,2026-04-18,Premium Paid,Active,6.622213216431062,3.378313984809197,Magodo Phase 2,Lagos
USR_20519,Household,12.5,2026-02-24,Free Tier,Active,6.626937278163217,3.37386138739453,Magodo Phase 2,Lagos
USR_20520,Household,12.5,2026-03-13,Free Tier,Active,6.561581981374494,3.3997663830215585,Gbagada Estate,Lagos
USR_20521,Household,12.5,2026-04-11,Free Tier,Active,6.552990155608951,3.389744812681041,Gbagada Estate,Lagos
USR_20522,Business,50.0,2026-04-28,Free Tier,Active,6.622393789368903,3.3826147168163145,Magodo Phase 2,Lagos
USR_20523,Household,12.5,2026-03-01,Premium Paid,Active,6.556490820364426,3.4050432490745823,Gbagada Estate,Lagos
USR_20524,Household,12.5,2026-04-07,Free Tier,Active,6.554080233411986,3.3907692341018896,Gbagada Estate,Lagos
USR_20525,Household,12.5,2026-04-21,Free Tier,Active,6.6133727969167175,3.3722643909343715,Magodo Phase 2,Lagos
USR_20526,Household,6.0,2026-01-06,Free Tier,Retained,6.432059809429956,3.427705198078834,Lekki Phase 1,Lagos
USR_20527,Household,6.0,2026-04-18,Free Tier,Active,6.424015056692406,3.421813078417665,Lekki Phase 1,Lagos
USR_20528,Household,12.5,2026-04-14,Free Tier,Retained,6.621522378088682,3.3744104556870282,Magodo Phase 2,Lagos
USR_20529,Business,25.0,2026-04-19,Free Tier,Active,6.422726974264003,3.414627422100589,Lekki Phase 1,Lagos
USR_20530,Household,6.0,2026-01-19,Premium Paid,Active,6.548133771164624,3.389506647743267,Gbagada Estate,Lagos
USR_20531,Business,25.0,2026-04-06,Free Tier,Active,6.617062614836471,3.3663840179525075,Magodo Phase 2,Lagos
USR_20532,Business,25.0,2026-01-27,Free Tier,Active,6.4306451680127195,3.4182275081477536,Lekki Phase 1,Lagos
USR_20533,Household,12.5,2026-01-01,Free Tier,Active,6.437562894228538,3.415774341015526,Lekki Phase 1,Lagos
USR_20534,Household,6.0,2026-04-17,Free Tier,Active,6.551116571406192,3.395556823172831,Gbagada Estate,Lagos
USR_20535,Business,25.0,2026-04-26,Free Tier,Active,6.613269029921249,3.382984159060789,Magodo Phase 2,Lagos
USR_20536,Household,12.5,2026-02-02,Premium Paid,Active,6.613739889202886,3.3850035966945846,Magodo Phase 2,Lagos
USR_20537,Household,12.5,2026-02-09,Premium Paid,Active,6.562041487021872,3.399110438321719,Gbagada Estate,Lagos
USR_20538,Household,12.5,2026-02-01,Premium Paid,Active,6.623971911498225,3.379275558459123,Magodo Phase 2,Lagos
USR_20539,Household,12.5,2026-03-10,Free Tier,Active,6.6208410002386975,3.379144445667957,Magodo Phase 2,Lagos
USR_20540,Business,50.0,2026-01-17,Free Tier,Active,6.5450953677737695,3.3894809525469944,Gbagada Estate,Lagos
USR_20541,Household,12.5,2026-01-08,Free Tier,Active,6.553344608392391,3.3993924460221208,Gbagada Estate,Lagos
USR_20542,Household,6.0,2026-02-26,Free Tier,Active,6.435856352806716,3.413993212678158,Lekki Phase 1,Lagos
USR_20543,Household,12.5,2026-02-11,Premium Paid,Active,6.6295529585438775,3.3704009467458413,Magodo Phase 2,Lagos
USR_20544,Household,12.5,2026-04-08,Free Tier,Active,6.552081672970201,3.3947320486965484,Gbagada Estate,Lagos
USR_20545,Household,12.5,2026-01-09,Free Tier,Active,6.426103105457308,3.4149099099614517,Lekki Phase 1,Lagos
USR_20546,Household,12.5,2026-04-30,Premium Paid,Active,6.623171401488071,3.382232851796627,Magodo Phase 2,Lagos
USR_20547,Household,12.5,2026-03-28,Free Tier,Active,6.426930680207578,3.421712271517964,Lekki Phase 1,Lagos
USR_20548,Household,6.0,2026-02-04,Free Tier,Active,6.561175351705626,3.4025211622927607,Gbagada Estate,Lagos
USR_20549,Household,12.5,2026-04-24,Premium Paid,Active,6.622909088170395,3.3713539129637833,Magodo Phase 2,Lagos
USR_20550,Household,6.0,2026-03-12,Free Tier,Active,6.435798534936899,3.423440408033811,Lekki Phase 1,Lagos
USR_20551,Business,50.0,2026-03-20,Free Tier,Active,6.548622952202214,3.39378239505276,Gbagada Estate,Lagos
USR_20552,Household,6.0,2026-02-22,Premium Paid,Active,6.560262661778725,3.3892829112417493,Gbagada Estate,Lagos
USR_20553,Household,6.0,2026-02-23,Free Tier,Active,6.5640418437405765,3.391007033594296,Gbagada Estate,Lagos
USR_20554,Business,25.0,2026-03-25,Free Tier,Active,6.560121370507939,3.396295506335434,Gbagada Estate,Lagos
USR_20555,Household,12.5,2026-04-24,Free Tier,Active,6.5540443236657495,3.4060130115492915,Gbagada Estate,Lagos
USR_20556,Household,12.5,2026-01-25,Free Tier,Active,6.552458223791784,3.3991498750734648,Gbagada Estate,Lagos
USR_20557,Household,6.0,2026-03-08,Free Tier,Active,6.545185993248183,3.3884469494773493,Gbagada Estate,Lagos
USR_20558,Household,12.5,2026-03-03,Free Tier,Active,6.422995997460034,3.4255116618583754,Lekki Phase 1,Lagos
USR_20559,Household,6.0,2026-02-24,Free Tier,Active,6.615525297867182,3.368475239176091,Magodo Phase 2,Lagos
USR_20560,Household,12.5,2026-02-15,Premium Paid,Active,6.621319212160718,3.3791567407721645,Magodo Phase 2,Lagos
USR_20561,Household,12.5,2026-01-24,Free Tier,Active,6.432341439844958,3.4154690134819674,Lekki Phase 1,Lagos
USR_20562,Household,12.5,2026-04-08,Free Tier,Active,6.545791762947441,3.407207940678911,Gbagada Estate,Lagos
USR_20563,Household,6.0,2026-02-15,Free Tier,Active,6.618313327651242,3.3832669299521743,Magodo Phase 2,Lagos
USR_20564,Household,12.5,2026-01-22,Premium Paid,Active,6.561469829009257,3.403850451835251,Gbagada Estate,Lagos
USR_20565,Household,6.0,2026-01-11,Free Tier,Active,6.616476672133051,3.382636029185084,Magodo Phase 2,Lagos
USR_20566,Household,12.5,2026-02-17,Premium Paid,Active,6.559585011184832,3.4003344598021243,Gbagada Estate,Lagos
USR_20567,Household,6.0,2026-01-08,Free Tier,Active,6.424844040703379,3.417150172085331,Lekki Phase 1,Lagos
USR_20568,Business,50.0,2026-02-08,Premium Paid,Active,6.546637784241607,3.3985951413380175,Gbagada Estate,Lagos
USR_20569,Household,6.0,2026-04-17,Free Tier,Active,6.624805217510197,3.3733867798103154,Magodo Phase 2,Lagos
USR_20570,Household,12.5,2026-02-04,Free Tier,Active,6.553707181353617,3.3956702891473856,Gbagada Estate,Lagos
USR_20571,Household,12.5,2026-02-18,Free Tier,Active,6.625920121146414,3.384225184155931,Magodo Phase 2,Lagos
USR_20572,Household,12.5,2026-02-15,Premium Paid,Active,6.5474784052409385,3.3960281761980626,Gbagada Estate,Lagos
USR_20573,Household,6.0,2026-02-07,Free Tier,Retained,6.615917372079017,3.3786988754081566,Magodo Phase 2,Lagos
USR_20574,Business,50.0,2026-01-08,Free Tier,Active,6.627677410189772,3.384838254651949,Magodo Phase 2,Lagos
USR_20575,Business,25.0,2026-02-23,Free Tier,Active,6.61867743852522,3.3852042241173086,Magodo Phase 2,Lagos
USR_20576,Household,12.5,2026-02-06,Premium Paid,Active,6.545465253436413,3.400460277267292,Gbagada Estate,Lagos
USR_20577,Business,25.0,2026-04-01,Free Tier,Active,6.614242654386866,3.3840754837552387,Magodo Phase 2,Lagos
USR_20578,Household,12.5,2026-04-02,Free Tier,Active,6.554796181141401,3.401786967015256,Gbagada Estate,Lagos
USR_20579,Household,12.5,2026-02-09,Free Tier,Active,6.434731478518208,3.4149062124496794,Lekki Phase 1,Lagos
USR_20580,Household,6.0,2026-02-03,Premium Paid,Active,6.4188718312387625,3.429477622918257,Lekki Phase 1,Lagos
USR_20581,Business,25.0,2026-04-06,Premium Paid,Active,6.619398664549179,3.3687795781585432,Magodo Phase 2,Lagos
USR_20582,Household,12.5,2026-03-20,Free Tier,Active,6.553569224741741,3.4003661215139203,Gbagada Estate,Lagos
USR_20583,Household,6.0,2026-04-18,Free Tier,Active,6.61371941206845,3.3716979131651414,Magodo Phase 2,Lagos
USR_20584,Household,6.0,2026-01-17,Free Tier,Active,6.544855997485538,3.39680670778391,Gbagada Estate,Lagos
USR_20585,Household,12.5,2026-02-02,Free Tier,Active,6.562102000581325,3.4080530482298714,Gbagada Estate,Lagos
USR_20586,Household,12.5,2026-02-16,Premium Paid,Active,6.430840951070072,3.415132753875692,Lekki Phase 1,Lagos
USR_20587,Household,6.0,2026-04-20,Free Tier,Active,6.562316987799986,3.3987249564640014,Gbagada Estate,Lagos
USR_20588,Household,12.5,2026-02-21,Free Tier,Active,6.5472749862420585,3.4068345333890333,Gbagada Estate,Lagos
USR_20589,Household,6.0,2026-04-28,Free Tier,Active,6.628249381014462,3.380834105454463,Magodo Phase 2,Lagos
USR_20590,Household,6.0,2026-03-21,Free Tier,Retained,6.627283614075888,3.370206796421929,Magodo Phase 2,Lagos
USR_20591,Household,6.0,2026-04-03,Free Tier,Active,6.54842013383415,3.4021658599685454,Gbagada Estate,Lagos
USR_20592,Household,12.5,2026-01-09,Premium Paid,Active,6.422494455002208,3.4206734339360607,Lekki Phase 1,Lagos
USR_20593,Household,6.0,2026-02-02,Free Tier,Active,6.6287400365118785,3.381879050361957,Magodo Phase 2,Lagos
USR_20594,Business,25.0,2026-03-01,Free Tier,Active,6.622165235450518,3.3820437987655048,Magodo Phase 2,Lagos
USR_20595,Household,12.5,2026-04-23,Free Tier,Active,6.43487243592396,3.4249955150256852,Lekki Phase 1,Lagos
USR_20596,Household,12.5,2026-04-03,Free Tier,Active,6.617668517046169,3.3716802356077107,Magodo Phase 2,Lagos
USR_20597,Household,6.0,2026-03-18,Free Tier,Active,6.550496823108174,3.390736082154679,Gbagada Estate,Lagos
USR_20598,Household,12.5,2026-01-21,Free Tier,Active,6.549663192407399,3.3925903844862506,Gbagada Estate,Lagos
USR_20599,Household,6.0,2026-02-27,Free Tier,Active,6.553306574996172,3.4065687509574456,Gbagada Estate,Lagos
USR_20600,Household,12.5,2026-03-26,Free Tier,Active,6.615189606335079,3.380605358478948,Magodo Phase 2,Lagos
USR_20601,Household,12.5,2026-03-10,Free Tier,Active,6.626845660088263,3.368115083973267,Magodo Phase 2,Lagos
USR_20602,Household,12.5,2026-01-10,Premium Paid,Active,6.631551448098116,3.3775694440431363,Magodo Phase 2,Lagos
USR_20603,Household,6.0,2026-01-06,Free Tier,Active,6.620374510422714,3.381330771669906,Magodo Phase 2,Lagos
USR_20604,Household,6.0,2026-04-30,Free Tier,Active,6.5493473091680325,3.4022701967409263,Gbagada Estate,Lagos
USR_20605,Household,6.0,2026-04-25,Free Tier,Active,6.418894224151445,3.4286881607521855,Lekki Phase 1,Lagos
USR_20606,Household,12.5,2026-01-13,Free Tier,Active,6.553163416940426,3.401133858287159,Gbagada Estate,Lagos
USR_20607,Household,6.0,2026-03-06,Free Tier,Active,6.617524756396134,3.379741474253169,Magodo Phase 2,Lagos
USR_20608,Household,12.5,2026-01-20,Free Tier,Suspended,6.559644805517865,3.397864263737688,Gbagada Estate,Lagos
USR_20609,Household,12.5,2026-02-26,Free Tier,Retained,6.430454538481236,3.421026518476448,Lekki Phase 1,Lagos
USR_20610,Household,12.5,2026-04-21,Premium Paid,Active,6.562081827385157,3.3983573836102865,Gbagada Estate,Lagos
USR_20611,Household,12.5,2026-02-15,Premium Paid,Active,6.434936174180576,3.427927041165405,Lekki Phase 1,Lagos
USR_20612,Household,12.5,2026-01-08,Premium Paid,Active,6.621310096426967,3.3708016898371493,Magodo Phase 2,Lagos
USR_20613,Household,12.5,2026-01-10,Free Tier,Active,6.552321642651195,3.4049243475155047,Gbagada Estate,Lagos
USR_20614,Business,25.0,2026-03-14,Free Tier,Active,6.548752650716388,3.3988887269171553,Gbagada Estate,Lagos
USR_20615,Business,50.0,2026-04-23,Premium Paid,Active,6.560321934959215,3.3954695495025677,Gbagada Estate,Lagos
USR_20616,Household,12.5,2026-04-15,Free Tier,Active,6.557044192740054,3.3933126314809763,Gbagada Estate,Lagos
USR_20617,Household,12.5,2026-03-08,Free Tier,Active,6.615285588907363,3.382087684501857,Magodo Phase 2,Lagos
USR_20618,Household,12.5,2026-01-11,Premium Paid,Active,6.420079372468174,3.417327627901592,Lekki Phase 1,Lagos
USR_20619,Household,6.0,2026-01-12,Free Tier,Active,6.435202188439948,3.4188293857415735,Lekki Phase 1,Lagos
USR_20620,Household,6.0,2026-01-10,Free Tier,Active,6.563660906990283,3.4079946866954773,Gbagada Estate,Lagos
USR_20621,Household,12.5,2026-01-25,Free Tier,Active,6.618465520409071,3.367019564444998,Magodo Phase 2,Lagos
USR_20622,Household,6.0,2026-02-18,Free Tier,Active,6.432201265684108,3.420919730052967,Lekki Phase 1,Lagos
USR_20623,Household,12.5,2026-02-18,Free Tier,Active,6.420115056879191,3.426050456379561,Lekki Phase 1,Lagos
USR_20624,Household,12.5,2026-03-30,Free Tier,Active,6.4187234981822385,3.429303933809845,Lekki Phase 1,Lagos
USR_20625,Household,12.5,2026-01-11,Free Tier,Active,6.420873050582266,3.4144462375749343,Lekki Phase 1,Lagos
USR_20626,Household,12.5,2026-03-03,Free Tier,Active,6.4216134459593714,3.431105327169841,Lekki Phase 1,Lagos
USR_20627,Household,6.0,2026-04-28,Premium Paid,Active,6.4319633872050765,3.4279274307092726,Lekki Phase 1,Lagos
USR_20628,Household,6.0,2026-02-05,Free Tier,Active,6.621052699714655,3.372926254550099,Magodo Phase 2,Lagos
USR_20629,Household,12.5,2026-02-08,Free Tier,Active,6.548889680135663,3.3980129605662484,Gbagada Estate,Lagos
USR_20630,Household,12.5,2026-02-22,Premium Paid,Active,6.429136574670683,3.4245354968730553,Lekki Phase 1,Lagos
USR_20631,Business,25.0,2026-03-31,Premium Paid,Active,6.618242370079974,3.38517308161806,Magodo Phase 2,Lagos
USR_20632,Household,6.0,2026-03-19,Free Tier,Active,6.616495169964143,3.385513063495328,Magodo Phase 2,Lagos
USR_20633,Household,6.0,2026-04-13,Free Tier,Active,6.54449712245015,3.398022513836337,Gbagada Estate,Lagos
USR_20634,Household,12.5,2026-02-25,Free Tier,Active,6.550867356762331,3.397382468278605,Gbagada Estate,Lagos
USR_20635,Household,12.5,2026-04-14,Free Tier,Active,6.429513291579616,3.420611783160254,Lekki Phase 1,Lagos
USR_20636,Household,12.5,2026-01-01,Premium Paid,Suspended,6.5524969370060315,3.4030544683082664,Gbagada Estate,Lagos
USR_20637,Household,6.0,2026-02-25,Free Tier,Active,6.557917525501729,3.405065425640717,Gbagada Estate,Lagos
USR_20638,Household,12.5,2026-04-28,Premium Paid,Active,6.61809917962479,3.378390570195081,Magodo Phase 2,Lagos
USR_20639,Household,12.5,2026-01-04,Free Tier,Active,6.624803895707857,3.3735947562174537,Magodo Phase 2,Lagos
USR_20640,Household,12.5,2026-01-30,Free Tier,Active,6.622821150838053,3.3724756428661142,Magodo Phase 2,Lagos
USR_20641,Household,6.0,2026-01-12,Free Tier,Suspended,6.420936887952339,3.4161760242132546,Lekki Phase 1,Lagos
USR_20642,Household,12.5,2026-04-30,Free Tier,Active,6.420210272928024,3.4255613915038023,Lekki Phase 1,Lagos
USR_20643,Household,12.5,2026-02-04,Free Tier,Active,6.557414547862183,3.4074121274315976,Gbagada Estate,Lagos
USR_20644,Household,12.5,2026-03-18,Free Tier,Active,6.558793568272945,3.389440916775123,Gbagada Estate,Lagos
USR_20645,Business,50.0,2026-02-21,Free Tier,Active,6.435784903478579,3.4291535032589144,Lekki Phase 1,Lagos
USR_20646,Household,12.5,2026-01-31,Free Tier,Active,6.4269664064154535,3.423617261010558,Lekki Phase 1,Lagos
USR_20647,Household,12.5,2026-04-12,Free Tier,Active,6.63262156664945,3.376846087276963,Magodo Phase 2,Lagos
USR_20648,Household,12.5,2026-04-17,Free Tier,Active,6.436206436567521,3.4135607751562036,Lekki Phase 1,Lagos
USR_20649,Household,6.0,2026-03-28,Free Tier,Retained,6.421921037374173,3.4207150988688264,Lekki Phase 1,Lagos
USR_20650,Household,6.0,2026-03-09,Free Tier,Active,6.555895136166746,3.404724557037256,Gbagada Estate,Lagos
USR_20651,Household,6.0,2026-02-21,Premium Paid,Active,6.563965242302864,3.3961770299294822,Gbagada Estate,Lagos
USR_20652,Household,12.5,2026-03-21,Free Tier,Active,6.614048312722802,3.382223430065906,Magodo Phase 2,Lagos
USR_20653,Household,12.5,2026-01-07,Free Tier,Active,6.430187614381656,3.415870857177364,Lekki Phase 1,Lagos
USR_20654,Household,12.5,2026-01-22,Premium Paid,Active,6.554096569132428,3.4032462049106744,Gbagada Estate,Lagos
USR_20655,Household,6.0,2026-04-03,Premium Paid,Active,6.433508235741373,3.421892368239975,Lekki Phase 1,Lagos
USR_20656,Household,6.0,2026-03-16,Premium Paid,Active,6.424204290602577,3.43137485164077,Lekki Phase 1,Lagos
USR_20657,Household,12.5,2026-02-25,Free Tier,Active,6.62636725221913,3.374364750386926,Magodo Phase 2,Lagos
USR_20658,Household,12.5,2026-04-07,Free Tier,Active,6.423709264484093,3.4265220596600714,Lekki Phase 1,Lagos
USR_20659,Household,6.0,2026-02-27,Free Tier,Suspended,6.617943668911876,3.3696341997794734,Magodo Phase 2,Lagos
USR_20660,Household,12.5,2026-04-03,Free Tier,Active,6.554796677779241,3.394199747852883,Gbagada Estate,Lagos
USR_20661,Business,25.0,2026-03-05,Free Tier,Active,6.556778102898472,3.3907587734974847,Gbagada Estate,Lagos
USR_20662,Household,6.0,2026-04-13,Free Tier,Active,6.557298822091346,3.3940659305599543,Gbagada Estate,Lagos
USR_20663,Household,12.5,2026-01-12,Free Tier,Active,6.54420485868869,3.390938721153484,Gbagada Estate,Lagos
USR_20664,Household,6.0,2026-01-07,Free Tier,Active,6.631772307556702,3.383547092782307,Magodo Phase 2,Lagos
USR_20665,Household,12.5,2026-02-24,Free Tier,Active,6.617772180640725,3.3817674380909097,Magodo Phase 2,Lagos
USR_20666,Household,6.0,2026-04-13,Free Tier,Active,6.55637143186348,3.4078180942289973,Gbagada Estate,Lagos
USR_20667,Household,6.0,2026-04-16,Premium Paid,Active,6.551672113190681,3.4020292122503437,Gbagada Estate,Lagos
USR_20668,Household,6.0,2026-03-03,Free Tier,Active,6.545470714448478,3.3963249469363284,Gbagada Estate,Lagos
USR_20669,Household,12.5,2026-04-22,Free Tier,Active,6.632376353223764,3.376979617489002,Magodo Phase 2,Lagos
USR_20670,Household,12.5,2026-03-31,Free Tier,Active,6.549957590066697,3.390805419262572,Gbagada Estate,Lagos
USR_20671,Business,25.0,2026-04-14,Premium Paid,Active,6.62717056680363,3.3790971208685945,Magodo Phase 2,Lagos
USR_20672,Household,6.0,2026-03-14,Premium Paid,Active,6.425578774272076,3.4309188270373165,Lekki Phase 1,Lagos
USR_20673,Household,6.0,2026-04-15,Free Tier,Active,6.544644056259757,3.3944744770326367,Gbagada Estate,Lagos
USR_20674,Household,12.5,2026-04-08,Premium Paid,Active,6.631521389725991,3.372618708766389,Magodo Phase 2,Lagos
USR_20675,Business,50.0,2026-04-19,Free Tier,Active,6.618145056677103,3.3768844081986247,Magodo Phase 2,Lagos
USR_20676,Household,12.5,2026-03-18,Free Tier,Active,6.6295760349984105,3.368262935217567,Magodo Phase 2,Lagos
USR_20677,Household,6.0,2026-02-24,Free Tier,Active,6.436960414192915,3.427801457623623,Lekki Phase 1,Lagos
USR_20678,Business,25.0,2026-04-29,Free Tier,Active,6.547825005111031,3.4026401592239632,Gbagada Estate,Lagos
USR_20679,Business,50.0,2026-02-05,Free Tier,Active,6.620799174452751,3.3742458935615263,Magodo Phase 2,Lagos
USR_20680,Household,12.5,2026-03-30,Free Tier,Active,6.559865801848777,3.407655696159615,Gbagada Estate,Lagos
USR_20681,Household,12.5,2026-01-24,Premium Paid,Active,6.615633117456944,3.3746126047375764,Magodo Phase 2,Lagos
USR_20682,Household,6.0,2026-02-13,Premium Paid,Active,6.553818832161686,3.3959262363391,Gbagada Estate,Lagos
USR_20683,Household,12.5,2026-01-17,Free Tier,Active,6.425363782474324,3.412945373351232,Lekki Phase 1,Lagos
USR_20684,Business,50.0,2026-01-02,Free Tier,Active,6.626810772411252,3.3749242883424007,Magodo Phase 2,Lagos
USR_20685,Household,12.5,2026-01-13,Free Tier,Active,6.616995876052878,3.3825206700460413,Magodo Phase 2,Lagos
USR_20686,Household,12.5,2026-01-31,Free Tier,Suspended,6.434151214963032,3.4216278325617777,Lekki Phase 1,Lagos
USR_20687,Household,12.5,2026-04-03,Free Tier,Active,6.550169013222955,3.4011618545159292,Gbagada Estate,Lagos
USR_20688,Household,12.5,2026-04-24,Free Tier,Active,6.618863042715548,3.370920158606474,Magodo Phase 2,Lagos
USR_20689,Household,6.0,2026-01-28,Free Tier,Active,6.432710293080526,3.412706504794419,Lekki Phase 1,Lagos
USR_20690,Household,6.0,2026-03-01,Free Tier,Active,6.614995369420692,3.3663357634804716,Magodo Phase 2,Lagos
USR_20691,Household,12.5,2026-01-27,Free Tier,Active,6.616158863729509,3.367579800174209,Magodo Phase 2,Lagos
USR_20692,Household,12.5,2026-01-15,Free Tier,Active,6.633016047355598,3.3719761993990818,Magodo Phase 2,Lagos
USR_20693,Household,12.5,2026-04-05,Free Tier,Active,6.547185360253385,3.3932199251599187,Gbagada Estate,Lagos
USR_20694,Household,6.0,2026-04-14,Premium Paid,Active,6.436822511430802,3.422303204460488,Lekki Phase 1,Lagos
USR_20695,Household,12.5,2026-03-20,Free Tier,Active,6.425396361926157,3.4293678291581844,Lekki Phase 1,Lagos
USR_20696,Household,12.5,2026-02-02,Free Tier,Retained,6.425999805410981,3.418600171399154,Lekki Phase 1,Lagos
USR_20697,Household,6.0,2026-01-20,Free Tier,Active,6.422245650450995,3.419455936478188,Lekki Phase 1,Lagos
USR_20698,Household,12.5,2026-02-11,Free Tier,Suspended,6.619433687120338,3.3797460791859626,Magodo Phase 2,Lagos
USR_20699,Household,6.0,2026-01-12,Free Tier,Active,6.549991654093414,3.399943994928451,Gbagada Estate,Lagos
USR_20700,Household,6.0,2026-04-11,Free Tier,Active,6.419417843300639,3.4157257831339303,Lekki Phase 1,Lagos
USR_20701,Household,12.5,2026-03-14,Premium Paid,Active,6.552348105432227,3.407138985078174,Gbagada Estate,Lagos
USR_20702,Household,12.5,2026-01-23,Free Tier,Active,6.425645039714314,3.4251814824239966,Lekki Phase 1,Lagos
USR_20703,Household,12.5,2026-03-13,Premium Paid,Active,6.423201744448428,3.4144406715194644,Lekki Phase 1,Lagos
USR_20704,Household,12.5,2026-04-06,Free Tier,Retained,6.614270732001601,3.372308269970855,Magodo Phase 2,Lagos
USR_20705,Business,25.0,2026-04-22,Free Tier,Active,6.616253220535938,3.369680208960322,Magodo Phase 2,Lagos
USR_20706,Household,12.5,2026-01-14,Free Tier,Active,6.628315186167739,3.3665167614188976,Magodo Phase 2,Lagos
USR_20707,Household,12.5,2026-04-01,Free Tier,Active,6.555356202514709,3.3959892276118695,Gbagada Estate,Lagos
USR_20708,Household,12.5,2026-01-25,Free Tier,Active,6.623230999998171,3.377456604744292,Magodo Phase 2,Lagos
USR_20709,Household,6.0,2026-03-18,Free Tier,Retained,6.619367353889146,3.3721021772036854,Magodo Phase 2,Lagos
USR_20710,Household,12.5,2026-04-29,Free Tier,Active,6.4327680369866975,3.429325539762423,Lekki Phase 1,Lagos
USR_20711,Household,6.0,2026-03-26,Free Tier,Active,6.42195163264917,3.413852375210703,Lekki Phase 1,Lagos
USR_20712,Household,6.0,2026-04-19,Premium Paid,Active,6.63105591612784,3.373197909272948,Magodo Phase 2,Lagos
USR_20713,Household,12.5,2026-01-31,Free Tier,Active,6.624126347813256,3.3733908628904,Magodo Phase 2,Lagos
USR_20714,Household,12.5,2026-04-11,Free Tier,Retained,6.546716046726921,3.4001866328989547,Gbagada Estate,Lagos
USR_20715,Business,50.0,2026-04-22,Free Tier,Active,6.554702817035392,3.392459871183824,Gbagada Estate,Lagos
USR_20716,Household,12.5,2026-04-17,Free Tier,Active,6.427137380893045,3.427838950080313,Lekki Phase 1,Lagos
USR_20717,Business,50.0,2026-02-23,Free Tier,Active,6.556008522062157,3.39033834654134,Gbagada Estate,Lagos
USR_20718,Household,6.0,2026-01-05,Free Tier,Active,6.624060429944583,3.3802547659857916,Magodo Phase 2,Lagos
USR_20719,Household,6.0,2026-01-13,Premium Paid,Active,6.628954068115615,3.3787823515726854,Magodo Phase 2,Lagos
USR_20720,Business,25.0,2026-01-28,Free Tier,Active,6.421153163290815,3.426103465331803,Lekki Phase 1,Lagos
USR_20721,Household,12.5,2026-02-12,Free Tier,Active,6.626646836921631,3.3666885376588125,Magodo Phase 2,Lagos
USR_20722,Household,6.0,2026-03-30,Premium Paid,Suspended,6.621334953351805,3.3728590049392473,Magodo Phase 2,Lagos
USR_20723,Household,12.5,2026-04-25,Premium Paid,Active,6.626488241285073,3.370522716246218,Magodo Phase 2,Lagos
USR_20724,Household,12.5,2026-04-09,Premium Paid,Active,6.6249174384594856,3.3844641192362834,Magodo Phase 2,Lagos
USR_20725,Household,6.0,2026-02-16,Free Tier,Suspended,6.560156047444172,3.406829154724331,Gbagada Estate,Lagos
USR_20726,Household,12.5,2026-04-13,Free Tier,Active,6.5637701193386535,3.3886134025401233,Gbagada Estate,Lagos
USR_20727,Household,12.5,2026-03-12,Free Tier,Active,6.556654825527549,3.396656787955178,Gbagada Estate,Lagos
USR_20728,Household,6.0,2026-02-07,Free Tier,Active,6.561397089806702,3.3934362940401828,Gbagada Estate,Lagos
USR_20729,Household,12.5,2026-04-06,Free Tier,Active,6.563820589782301,3.400674159390875,Gbagada Estate,Lagos
USR_20730,Household,12.5,2026-03-08,Free Tier,Active,6.433970748044576,3.4136119910564555,Lekki Phase 1,Lagos
USR_20731,Household,12.5,2026-03-03,Premium Paid,Retained,6.6167691576951775,3.381368073460684,Magodo Phase 2,Lagos
USR_20732,Household,12.5,2026-04-19,Free Tier,Active,6.418539730440786,3.428237559717876,Lekki Phase 1,Lagos
USR_20733,Household,12.5,2026-02-08,Free Tier,Active,6.613378980373838,3.379342376781225,Magodo Phase 2,Lagos
USR_20734,Household,12.5,2026-02-06,Free Tier,Active,6.620401878404636,3.378429897054384,Magodo Phase 2,Lagos
USR_20735,Business,25.0,2026-04-29,Free Tier,Active,6.627020628139782,3.373049504383726,Magodo Phase 2,Lagos
USR_20736,Household,12.5,2026-04-24,Free Tier,Active,6.420259248962217,3.413292917354965,Lekki Phase 1,Lagos
USR_20737,Household,12.5,2026-03-27,Premium Paid,Active,6.624878720451251,3.3766131070746823,Magodo Phase 2,Lagos
USR_20738,Household,6.0,2026-01-08,Premium Paid,Active,6.627944020182422,3.3763947102000786,Magodo Phase 2,Lagos
USR_20739,Household,12.5,2026-03-22,Premium Paid,Active,6.552648915800617,3.3963617435647246,Gbagada Estate,Lagos
USR_20740,Household,12.5,2026-02-21,Free Tier,Suspended,6.5447289380519535,3.395111144033933,Gbagada Estate,Lagos
USR_20741,Household,12.5,2026-04-01,Premium Paid,Active,6.63262040315049,3.3836711115245417,Magodo Phase 2,Lagos
USR_20742,Household,12.5,2026-02-02,Free Tier,Active,6.550787561340684,3.4001559081013277,Gbagada Estate,Lagos
USR_20743,Household,12.5,2026-04-20,Free Tier,Active,6.435045934910709,3.420725486735001,Lekki Phase 1,Lagos
USR_20744,Household,12.5,2026-03-22,Free Tier,Active,6.613459157275003,3.3676902092363727,Magodo Phase 2,Lagos
USR_20745,Business,25.0,2026-02-11,Free Tier,Active,6.428307854426974,3.4312887875135174,Lekki Phase 1,Lagos
USR_20746,Household,12.5,2026-03-17,Premium Paid,Active,6.5580641908443775,3.3898183238287714,Gbagada Estate,Lagos
USR_20747,Household,12.5,2026-04-22,Free Tier,Active,6.547987217515837,3.403826462864337,Gbagada Estate,Lagos
USR_20748,Business,25.0,2026-04-20,Free Tier,Active,6.4349287951991245,3.424253891723772,Lekki Phase 1,Lagos
USR_20749,Household,12.5,2026-01-27,Premium Paid,Active,6.625988463392597,3.3667667490076676,Magodo Phase 2,Lagos
USR_20750,Household,12.5,2026-04-22,Premium Paid,Active,6.56077060519163,3.4041655041634167,Gbagada Estate,Lagos
USR_20751,Business,50.0,2026-01-08,Free Tier,Suspended,6.5493807028820665,3.4025735343993104,Gbagada Estate,Lagos
USR_20752,Household,12.5,2026-01-23,Free Tier,Active,6.5484970921285,3.38920660322103,Gbagada Estate,Lagos
USR_20753,Household,6.0,2026-04-16,Free Tier,Active,6.422122730851807,3.415472577535086,Lekki Phase 1,Lagos
USR_20754,Household,12.5,2026-04-23,Free Tier,Active,6.424854959934697,3.420268989943509,Lekki Phase 1,Lagos
USR_20755,Household,12.5,2026-03-05,Free Tier,Active,6.554370777829954,3.3979350775101667,Gbagada Estate,Lagos
USR_20756,Household,6.0,2026-04-03,Free Tier,Active,6.618513492119305,3.3667834133714813,Magodo Phase 2,Lagos
USR_20757,Household,12.5,2026-04-24,Free Tier,Active,6.430202032444742,3.419814896596947,Lekki Phase 1,Lagos
USR_20758,Business,25.0,2026-01-20,Free Tier,Active,6.619073443147751,3.38353882085661,Magodo Phase 2,Lagos
USR_20759,Household,12.5,2026-01-16,Free Tier,Active,6.433034866155963,3.4290553109674486,Lekki Phase 1,Lagos
USR_20760,Household,6.0,2026-01-17,Free Tier,Active,6.427999655894249,3.4145186250425357,Lekki Phase 1,Lagos
USR_20761,Household,12.5,2026-03-21,Free Tier,Active,6.627024428722425,3.370321475598743,Magodo Phase 2,Lagos
USR_20762,Household,12.5,2026-01-19,Free Tier,Active,6.621924593381834,3.367500015778978,Magodo Phase 2,Lagos
USR_20763,Household,6.0,2026-04-30,Free Tier,Active,6.6296061680484595,3.36871881282095,Magodo Phase 2,Lagos
USR_20764,Household,12.5,2026-04-30,Free Tier,Active,6.436161950140986,3.429184612045231,Lekki Phase 1,Lagos
USR_20765,Household,12.5,2026-01-08,Free Tier,Active,6.6223916552887845,3.3810873640860795,Magodo Phase 2,Lagos
USR_20766,Household,6.0,2026-02-07,Free Tier,Active,6.625488901476363,3.3822615128467546,Magodo Phase 2,Lagos
USR_20767,Business,25.0,2026-02-07,Free Tier,Active,6.621736102015718,3.381916169684887,Magodo Phase 2,Lagos
USR_20768,Household,12.5,2026-02-22,Premium Paid,Active,6.6223491363413025,3.3850193157568556,Magodo Phase 2,Lagos
USR_20769,Household,6.0,2026-04-03,Free Tier,Active,6.6228274420165025,3.3754523854386744,Magodo Phase 2,Lagos
USR_20770,Household,6.0,2026-04-15,Premium Paid,Active,6.62880143723127,3.3826315538352167,Magodo Phase 2,Lagos
USR_20771,Household,6.0,2026-04-10,Free Tier,Suspended,6.6241897822864235,3.3697959562699014,Magodo Phase 2,Lagos
USR_20772,Household,6.0,2026-03-31,Free Tier,Active,6.427455164619151,3.4312614500581935,Lekki Phase 1,Lagos
USR_20773,Household,12.5,2026-01-31,Free Tier,Active,6.628159723860784,3.3824232520775825,Magodo Phase 2,Lagos
USR_20774,Household,12.5,2026-02-13,Free Tier,Active,6.418756509976385,3.421257189252683,Lekki Phase 1,Lagos
USR_20775,Household,6.0,2026-03-01,Free Tier,Suspended,6.557132422673151,3.4050006536725617,Gbagada Estate,Lagos
USR_20776,Household,6.0,2026-03-17,Free Tier,Active,6.545185473071656,3.4054487777128375,Gbagada Estate,Lagos
USR_20777,Household,6.0,2026-04-29,Free Tier,Active,6.429068018734838,3.415846279411521,Lekki Phase 1,Lagos
USR_20778,Household,12.5,2026-01-17,Free Tier,Active,6.619445104328994,3.371838591035031,Magodo Phase 2,Lagos
USR_20779,Household,6.0,2026-03-20,Premium Paid,Active,6.428717180685769,3.4129337135982225,Lekki Phase 1,Lagos
USR_20780,Household,12.5,2026-03-14,Free Tier,Active,6.5473707231699985,3.4046538608675156,Gbagada Estate,Lagos
USR_20781,Household,12.5,2026-02-08,Free Tier,Active,6.420752079814936,3.4165679253891623,Lekki Phase 1,Lagos
USR_20782,Household,6.0,2026-02-11,Free Tier,Active,6.553267412112083,3.3987424177622665,Gbagada Estate,Lagos
USR_20783,Household,12.5,2026-02-17,Premium Paid,Active,6.4333722095922825,3.4208466485333235,Lekki Phase 1,Lagos
USR_20784,Household,12.5,2026-01-12,Premium Paid,Active,6.433897292420711,3.424266926140909,Lekki Phase 1,Lagos
USR_20785,Business,50.0,2026-04-06,Free Tier,Active,6.420361994788476,3.4150266287678566,Lekki Phase 1,Lagos
USR_20786,Household,12.5,2026-03-30,Free Tier,Active,6.426840674508995,3.419837787861781,Lekki Phase 1,Lagos
USR_20787,Household,6.0,2026-04-13,Free Tier,Active,6.432970885392746,3.423514742795947,Lekki Phase 1,Lagos
USR_20788,Household,6.0,2026-01-18,Free Tier,Active,6.551962661620045,3.391815205669008,Gbagada Estate,Lagos
USR_20789,Business,50.0,2026-03-20,Premium Paid,Retained,6.422636742046509,3.423410020369381,Lekki Phase 1,Lagos
USR_20790,Household,6.0,2026-04-06,Free Tier,Active,6.426568776097995,3.4221985501772134,Lekki Phase 1,Lagos
USR_20791,Household,6.0,2026-01-06,Free Tier,Active,6.421513548706044,3.425158125046891,Lekki Phase 1,Lagos
USR_20792,Household,6.0,2026-04-18,Premium Paid,Active,6.630150774817119,3.371358790135738,Magodo Phase 2,Lagos
USR_20793,Household,6.0,2026-02-12,Free Tier,Active,6.554030284516636,3.407910546580418,Gbagada Estate,Lagos
USR_20794,Household,12.5,2026-04-26,Premium Paid,Active,6.424764834811015,3.4238009268984753,Lekki Phase 1,Lagos
USR_20795,Business,25.0,2026-02-04,Premium Paid,Active,6.546003914004005,3.400520300049589,Gbagada Estate,Lagos
USR_20796,Business,25.0,2026-04-08,Premium Paid,Active,6.419892635466092,3.4310847087064764,Lekki Phase 1,Lagos
USR_20797,Household,12.5,2026-04-12,Premium Paid,Active,6.627413253041446,3.381963195762714,Magodo Phase 2,Lagos
USR_20798,Household,12.5,2026-04-30,Premium Paid,Active,6.558282087215432,3.4001945807215295,Gbagada Estate,Lagos
USR_20799,Business,25.0,2026-02-23,Free Tier,Active,6.62209825562171,3.383367467595221,Magodo Phase 2,Lagos
USR_20800,Household,12.5,2026-03-03,Free Tier,Active,6.632236713350861,3.3761807234580816,Magodo Phase 2,Lagos
USR_20801,Household,6.0,2026-03-10,Free Tier,Suspended,6.436730700983105,3.4235666581997704,Lekki Phase 1,Lagos
USR_20802,Household,12.5,2026-03-23,Free Tier,Active,6.554967683737928,3.397489654659107,Gbagada Estate,Lagos
USR_20803,Household,12.5,2026-01-16,Free Tier,Retained,6.548385755230602,3.3884743932163612,Gbagada Estate,Lagos
USR_20804,Household,12.5,2026-01-08,Free Tier,Active,6.549030124537121,3.3985944634320715,Gbagada Estate,Lagos
USR_20805,Household,12.5,2026-03-30,Free Tier,Retained,6.5517991990451945,3.397369704560053,Gbagada Estate,Lagos
USR_20806,Business,25.0,2026-04-06,Premium Paid,Active,6.437712964391281,3.4189054474133864,Lekki Phase 1,Lagos
USR_20807,Business,25.0,2026-03-31,Free Tier,Active,6.427143658787202,3.4145703110270564,Lekki Phase 1,Lagos
USR_20808,Household,12.5,2026-04-26,Premium Paid,Active,6.61405915464874,3.3817081902918495,Magodo Phase 2,Lagos
USR_20809,Household,12.5,2026-03-27,Free Tier,Active,6.42951366350144,3.427114096120878,Lekki Phase 1,Lagos
USR_20810,Business,25.0,2026-01-31,Free Tier,Active,6.547197255977731,3.3998365754236537,Gbagada Estate,Lagos
USR_20811,Household,12.5,2026-04-17,Free Tier,Active,6.423172849486828,3.4164612363380003,Lekki Phase 1,Lagos
USR_20812,Household,12.5,2026-01-10,Free Tier,Active,6.6133305202810595,3.368806814471381,Magodo Phase 2,Lagos
USR_20813,Business,50.0,2026-02-25,Free Tier,Active,6.550385362229994,3.3907375752118187,Gbagada Estate,Lagos
USR_20814,Business,25.0,2026-03-17,Free Tier,Active,6.563917168808219,3.394572652970479,Gbagada Estate,Lagos
USR_20815,Household,12.5,2026-04-27,Premium Paid,Active,6.6157064789340465,3.370181646256559,Magodo Phase 2,Lagos
USR_20816,Household,6.0,2026-04-02,Free Tier,Active,6.624854064566829,3.3674808704772956,Magodo Phase 2,Lagos
USR_20817,Household,12.5,2026-03-11,Free Tier,Active,6.561448682602823,3.407629993584743,Gbagada Estate,Lagos
USR_20818,Household,6.0,2026-01-20,Free Tier,Active,6.423034948413347,3.4209019053718173,Lekki Phase 1,Lagos
USR_20819,Household,12.5,2026-01-05,Free Tier,Active,6.418542689020589,3.4247142044945442,Lekki Phase 1,Lagos
USR_20820,Household,6.0,2026-01-23,Free Tier,Active,6.552478521161052,3.3938011693220314,Gbagada Estate,Lagos
USR_20821,Household,6.0,2026-01-09,Free Tier,Active,6.5483367422123315,3.4014804615531755,Gbagada Estate,Lagos
USR_20822,Household,12.5,2026-02-27,Free Tier,Active,6.552524340620646,3.3919931857805983,Gbagada Estate,Lagos
USR_20823,Household,12.5,2026-02-28,Free Tier,Active,6.431882181629736,3.423201445660734,Lekki Phase 1,Lagos
USR_20824,Household,6.0,2026-04-03,Free Tier,Active,6.435273441098589,3.4142495179775296,Lekki Phase 1,Lagos
USR_20825,Business,25.0,2026-03-21,Free Tier,Active,6.559913332038889,3.401870335736345,Gbagada Estate,Lagos
USR_20826,Household,6.0,2026-02-23,Free Tier,Active,6.615400218736562,3.380096414597434,Magodo Phase 2,Lagos
USR_20827,Household,6.0,2026-02-15,Premium Paid,Active,6.553030945777596,3.407299695711117,Gbagada Estate,Lagos
USR_20828,Household,12.5,2026-01-22,Free Tier,Active,6.547032227012358,3.4012566678163147,Gbagada Estate,Lagos
USR_20829,Household,12.5,2026-03-05,Premium Paid,Active,6.425739600909258,3.4310362934118177,Lekki Phase 1,Lagos
USR_20830,Household,6.0,2026-01-08,Free Tier,Active,6.550799497905805,3.4076437181898362,Gbagada Estate,Lagos
USR_20831,Household,6.0,2026-01-20,Premium Paid,Active,6.436129717022014,3.4173076647062133,Lekki Phase 1,Lagos
USR_20832,Household,6.0,2026-02-20,Free Tier,Active,6.629170835536528,3.38611208403607,Magodo Phase 2,Lagos
USR_20833,Household,6.0,2026-03-19,Free Tier,Active,6.549253260043425,3.3971355433864665,Gbagada Estate,Lagos
USR_20834,Household,12.5,2026-02-08,Premium Paid,Active,6.6235036147313355,3.372098622716077,Magodo Phase 2,Lagos
USR_20835,Household,12.5,2026-02-06,Free Tier,Active,6.54450529679292,3.3928025848839507,Gbagada Estate,Lagos
USR_20836,Business,25.0,2026-02-19,Free Tier,Suspended,6.618738737686835,3.3750719940263636,Magodo Phase 2,Lagos
USR_20837,Household,12.5,2026-02-03,Free Tier,Active,6.421522049568268,3.4293650871338333,Lekki Phase 1,Lagos
USR_20838,Household,12.5,2026-03-16,Premium Paid,Suspended,6.558298222654627,3.390104009551193,Gbagada Estate,Lagos
USR_20839,Household,6.0,2026-04-28,Free Tier,Active,6.557201849022799,3.4014731295281124,Gbagada Estate,Lagos
USR_20840,Household,12.5,2026-04-14,Free Tier,Active,6.632224423472873,3.366260417427123,Magodo Phase 2,Lagos
USR_20841,Household,12.5,2026-02-02,Premium Paid,Active,6.423058648996116,3.430455829587506,Lekki Phase 1,Lagos
USR_20842,Household,6.0,2026-01-31,Premium Paid,Active,6.631742678307965,3.3806117283874126,Magodo Phase 2,Lagos
USR_20843,Business,25.0,2026-02-23,Free Tier,Active,6.628415266420951,3.368029659158593,Magodo Phase 2,Lagos
USR_20844,Household,12.5,2026-02-13,Free Tier,Active,6.428377516695565,3.4165316598257798,Lekki Phase 1,Lagos
USR_20845,Household,12.5,2026-02-03,Free Tier,Active,6.616724360872272,3.3824060659824666,Magodo Phase 2,Lagos
USR_20846,Household,6.0,2026-04-24,Free Tier,Retained,6.615800762733611,3.3755730327399274,Magodo Phase 2,Lagos
USR_20847,Business,25.0,2026-03-12,Free Tier,Active,6.56297156479172,3.392116641111307,Gbagada Estate,Lagos
USR_20848,Household,12.5,2026-04-23,Free Tier,Active,6.632659868474764,3.386085759715221,Magodo Phase 2,Lagos
USR_20849,Household,12.5,2026-04-28,Premium Paid,Active,6.5553123430936475,3.3918028548035433,Gbagada Estate,Lagos
USR_20850,Household,12.5,2026-03-03,Free Tier,Active,6.424422097758818,3.4203898566535305,Lekki Phase 1,Lagos
USR_20851,Household,12.5,2026-01-23,Free Tier,Active,6.619286484487165,3.37181271159753,Magodo Phase 2,Lagos
USR_20852,Household,6.0,2026-02-15,Free Tier,Active,6.437544594184327,3.4149672965483147,Lekki Phase 1,Lagos
USR_20853,Business,25.0,2026-02-25,Free Tier,Suspended,6.558866558174337,3.3884082057887834,Gbagada Estate,Lagos
USR_20854,Household,12.5,2026-01-07,Free Tier,Active,6.556123653388047,3.406718860079081,Gbagada Estate,Lagos
USR_20855,Household,12.5,2026-04-28,Premium Paid,Active,6.549958681881864,3.3921105195051546,Gbagada Estate,Lagos
USR_20856,Household,6.0,2026-03-30,Free Tier,Active,6.626133595897569,3.380452028145968,Magodo Phase 2,Lagos
USR_20857,Household,12.5,2026-03-02,Premium Paid,Active,6.557960610379039,3.3947863376004275,Gbagada Estate,Lagos
USR_20858,Household,12.5,2026-01-03,Free Tier,Active,6.549244048043186,3.407518375999241,Gbagada Estate,Lagos
USR_20859,Household,12.5,2026-02-07,Premium Paid,Active,6.631565990165399,3.3753463321978563,Magodo Phase 2,Lagos
USR_20860,Household,12.5,2026-03-25,Premium Paid,Active,6.6300238773230875,3.375246469552686,Magodo Phase 2,Lagos
USR_20861,Household,6.0,2026-02-03,Free Tier,Active,6.62158778036145,3.3693352589519856,Magodo Phase 2,Lagos
USR_20862,Household,12.5,2026-04-23,Free Tier,Active,6.55272812112984,3.399148338771996,Gbagada Estate,Lagos
USR_20863,Household,12.5,2026-02-13,Free Tier,Active,6.5446500865485735,3.397282260103508,Gbagada Estate,Lagos
USR_20864,Household,12.5,2026-04-18,Free Tier,Active,6.628727124367904,3.3798009211274853,Magodo Phase 2,Lagos
USR_20865,Household,12.5,2026-01-30,Premium Paid,Active,6.625803139777279,3.3843911085687437,Magodo Phase 2,Lagos
USR_20866,Household,12.5,2026-01-17,Premium Paid,Active,6.418460640196504,3.4230409517238445,Lekki Phase 1,Lagos
USR_20867,Household,12.5,2026-02-28,Free Tier,Active,6.433846976968193,3.422726707654025,Lekki Phase 1,Lagos
USR_20868,Business,50.0,2026-01-10,Free Tier,Active,6.619577911051608,3.3689250113018394,Magodo Phase 2,Lagos
USR_20869,Business,25.0,2026-04-09,Free Tier,Active,6.630851261436324,3.375615247847752,Magodo Phase 2,Lagos
USR_20870,Household,12.5,2026-03-25,Free Tier,Active,6.435662303939714,3.4236170424486634,Lekki Phase 1,Lagos
USR_20871,Household,6.0,2026-01-18,Free Tier,Active,6.6265838423323,3.382285223087569,Magodo Phase 2,Lagos
USR_20872,Household,12.5,2026-02-14,Free Tier,Active,6.557383110892003,3.3963610968135787,Gbagada Estate,Lagos
USR_20873,Household,12.5,2026-04-18,Free Tier,Active,6.5544726676785725,3.4044609104935177,Gbagada Estate,Lagos
USR_20874,Household,12.5,2026-04-01,Free Tier,Active,6.5516730059274595,3.39616242913537,Gbagada Estate,Lagos
USR_20875,Household,12.5,2026-02-28,Free Tier,Active,6.61501380232116,3.384491688704435,Magodo Phase 2,Lagos
USR_20876,Household,12.5,2026-03-03,Free Tier,Active,6.614920726298909,3.379164183548971,Magodo Phase 2,Lagos
USR_20877,Household,6.0,2026-02-28,Free Tier,Active,6.426363889576056,3.4200123878051087,Lekki Phase 1,Lagos
USR_20878,Household,12.5,2026-02-18,Free Tier,Active,6.6266910367314535,3.3675418746525976,Magodo Phase 2,Lagos
USR_20879,Household,6.0,2026-04-10,Free Tier,Active,6.624974115659029,3.381640635719447,Magodo Phase 2,Lagos
USR_20880,Household,6.0,2026-03-04,Free Tier,Active,6.434664255157732,3.4153106077878754,Lekki Phase 1,Lagos
USR_20881,Household,12.5,2026-03-28,Free Tier,Active,6.6310483810015635,3.3793229218369487,Magodo Phase 2,Lagos
USR_20882,Household,6.0,2026-02-01,Free Tier,Retained,6.435737096016413,3.421605614342204,Lekki Phase 1,Lagos
USR_20883,Household,6.0,2026-01-10,Free Tier,Active,6.623940666901944,3.3845807655405733,Magodo Phase 2,Lagos
USR_20884,Household,12.5,2026-01-11,Free Tier,Active,6.631098190867093,3.37516321746738,Magodo Phase 2,Lagos
USR_20885,Household,12.5,2026-04-12,Free Tier,Suspended,6.618588252632714,3.3740634086912853,Magodo Phase 2,Lagos
USR_20886,Household,12.5,2026-03-11,Free Tier,Suspended,6.620855286570595,3.3719373374996557,Magodo Phase 2,Lagos
USR_20887,Household,12.5,2026-04-15,Free Tier,Active,6.549571592086659,3.4056212587295946,Gbagada Estate,Lagos
USR_20888,Household,12.5,2026-03-03,Free Tier,Active,6.545597238413693,3.401952223641992,Gbagada Estate,Lagos
USR_20889,Household,12.5,2026-02-16,Free Tier,Active,6.616556401029129,3.373090117867881,Magodo Phase 2,Lagos
USR_20890,Household,6.0,2026-02-03,Free Tier,Active,6.545430860682696,3.3937994727371095,Gbagada Estate,Lagos
USR_20891,Business,25.0,2026-04-10,Premium Paid,Active,6.4334684214223445,3.4296003064909453,Lekki Phase 1,Lagos
USR_20892,Household,12.5,2026-04-11,Free Tier,Active,6.548630543038047,3.3976709567851784,Gbagada Estate,Lagos
USR_20893,Household,12.5,2026-01-17,Premium Paid,Active,6.427506480958744,3.429371506115195,Lekki Phase 1,Lagos
USR_20894,Household,12.5,2026-04-14,Free Tier,Active,6.433355981057516,3.422161544367361,Lekki Phase 1,Lagos
USR_20895,Household,12.5,2026-04-14,Free Tier,Active,6.431514944009435,3.4288471010781874,Lekki Phase 1,Lagos
USR_20896,Household,6.0,2026-02-23,Premium Paid,Active,6.544390779080511,3.396457800621001,Gbagada Estate,Lagos
USR_20897,Business,25.0,2026-03-17,Premium Paid,Active,6.631244863345541,3.381006260616879,Magodo Phase 2,Lagos
USR_20898,Household,12.5,2026-03-26,Free Tier,Active,6.623956827486682,3.3767928905407025,Magodo Phase 2,Lagos
USR_20899,Household,12.5,2026-02-09,Free Tier,Active,6.551155401952088,3.3988104106728305,Gbagada Estate,Lagos
USR_20900,Household,6.0,2026-01-19,Free Tier,Active,6.431207663989269,3.420267260768576,Lekki Phase 1,Lagos
USR_20901,Household,12.5,2026-03-08,Premium Paid,Active,6.558483062927843,3.405624644545208,Gbagada Estate,Lagos
USR_20902,Household,12.5,2026-03-23,Free Tier,Suspended,6.616193696963697,3.3752309404563485,Magodo Phase 2,Lagos
USR_20903,Household,6.0,2026-02-22,Free Tier,Active,6.552360401825702,3.4021492960809945,Gbagada Estate,Lagos
USR_20904,Household,6.0,2026-04-25,Free Tier,Active,6.5491973493051585,3.4012050182990454,Gbagada Estate,Lagos
USR_20905,Business,50.0,2026-03-05,Free Tier,Active,6.63064978483463,3.374562631995872,Magodo Phase 2,Lagos
USR_20906,Household,12.5,2026-03-24,Free Tier,Active,6.631320313999584,3.3860632747786696,Magodo Phase 2,Lagos
USR_20907,Household,12.5,2026-02-16,Premium Paid,Active,6.420221840998959,3.4165610637596973,Lekki Phase 1,Lagos
USR_20908,Household,6.0,2026-01-06,Free Tier,Active,6.437107595029642,3.431066553729628,Lekki Phase 1,Lagos
USR_20909,Household,12.5,2026-01-16,Free Tier,Active,6.615054145507735,3.3664999700075424,Magodo Phase 2,Lagos
USR_20910,Household,12.5,2026-03-13,Free Tier,Active,6.421322000465128,3.431820255667645,Lekki Phase 1,Lagos
USR_20911,Household,6.0,2026-04-22,Premium Paid,Active,6.616699992332213,3.3762509521344404,Magodo Phase 2,Lagos
USR_20912,Household,12.5,2026-01-18,Free Tier,Active,6.56116835452861,3.388808032213764,Gbagada Estate,Lagos
USR_20913,Household,6.0,2026-02-21,Premium Paid,Retained,6.430189779645169,3.4174405089773923,Lekki Phase 1,Lagos
USR_20914,Household,6.0,2026-02-17,Free Tier,Retained,6.630346698328794,3.3718692229852816,Magodo Phase 2,Lagos
USR_20915,Household,12.5,2026-02-12,Free Tier,Active,6.557935114405638,3.401884392648948,Gbagada Estate,Lagos
USR_20916,Household,12.5,2026-02-08,Free Tier,Active,6.548629870977193,3.389095983997367,Gbagada Estate,Lagos
USR_20917,Business,25.0,2026-02-18,Premium Paid,Active,6.621284991475708,3.371983863039317,Magodo Phase 2,Lagos
USR_20918,Household,12.5,2026-04-23,Premium Paid,Active,6.629279554992274,3.3822072837691066,Magodo Phase 2,Lagos
USR_20919,Household,6.0,2026-01-12,Free Tier,Active,6.553340479043852,3.4005302445064647,Gbagada Estate,Lagos
USR_20920,Business,25.0,2026-04-19,Premium Paid,Retained,6.5562851903197386,3.4049431629685527,Gbagada Estate,Lagos
USR_20921,Household,6.0,2026-01-10,Premium Paid,Active,6.621600048282464,3.37170893359581,Magodo Phase 2,Lagos
USR_20922,Business,50.0,2026-03-12,Free Tier,Active,6.6184006983628105,3.376923845585644,Magodo Phase 2,Lagos
USR_20923,Household,12.5,2026-04-20,Free Tier,Active,6.553182964054644,3.3972024154196987,Gbagada Estate,Lagos
USR_20924,Household,12.5,2026-02-24,Free Tier,Retained,6.5460227467817935,3.402772074813804,Gbagada Estate,Lagos
USR_20925,Household,12.5,2026-01-01,Free Tier,Active,6.617374733759638,3.3701390726041742,Magodo Phase 2,Lagos
USR_20926,Household,12.5,2026-02-18,Premium Paid,Active,6.621355166405547,3.370755566832356,Magodo Phase 2,Lagos
USR_20927,Household,6.0,2026-02-05,Free Tier,Active,6.5558771653461605,3.3958292667866896,Gbagada Estate,Lagos
USR_20928,Household,12.5,2026-01-21,Free Tier,Active,6.622078234451855,3.3769433864320804,Magodo Phase 2,Lagos
USR_20929,Household,12.5,2026-02-06,Free Tier,Active,6.617170710449636,3.3693150324573105,Magodo Phase 2,Lagos
USR_20930,Household,12.5,2026-04-26,Free Tier,Suspended,6.630708438057472,3.3748744740566283,Magodo Phase 2,Lagos
USR_20931,Household,6.0,2026-01-24,Free Tier,Active,6.621341872192651,3.3669122430054568,Magodo Phase 2,Lagos
USR_20932,Business,50.0,2026-02-24,Free Tier,Active,6.428059526051747,3.42298339443222,Lekki Phase 1,Lagos
USR_20933,Household,6.0,2026-01-25,Free Tier,Active,6.429276817419093,3.4260406233864575,Lekki Phase 1,Lagos
USR_20934,Household,12.5,2026-01-07,Free Tier,Active,6.5477496366998205,3.3934444626846125,Gbagada Estate,Lagos
USR_20935,Household,12.5,2026-04-16,Free Tier,Active,6.434314609304608,3.4308434123368676,Lekki Phase 1,Lagos
USR_20936,Household,6.0,2026-03-22,Free Tier,Active,6.615818654947346,3.376152991090104,Magodo Phase 2,Lagos
USR_20937,Business,50.0,2026-04-03,Free Tier,Active,6.422383525054792,3.4131014633670995,Lekki Phase 1,Lagos
USR_20938,Household,6.0,2026-04-04,Free Tier,Active,6.550710066762522,3.3912737525036842,Gbagada Estate,Lagos
USR_20939,Household,12.5,2026-03-12,Premium Paid,Active,6.558398661468685,3.399074508273429,Gbagada Estate,Lagos
USR_20940,Household,12.5,2026-04-07,Free Tier,Active,6.547076689419806,3.38858483176811,Gbagada Estate,Lagos
USR_20941,Household,6.0,2026-03-12,Free Tier,Active,6.434263140980484,3.415423888123285,Lekki Phase 1,Lagos
USR_20942,Household,6.0,2026-01-24,Free Tier,Active,6.430224332844415,3.4186384382615347,Lekki Phase 1,Lagos
USR_20943,Household,12.5,2026-01-11,Free Tier,Active,6.4298097187663,3.4182130725396465,Lekki Phase 1,Lagos
USR_20944,Household,6.0,2026-03-14,Free Tier,Active,6.545938791213845,3.392859000171155,Gbagada Estate,Lagos
USR_20945,Household,6.0,2026-01-12,Free Tier,Active,6.616861171329582,3.3747603870487928,Magodo Phase 2,Lagos
USR_20946,Household,6.0,2026-02-04,Free Tier,Active,6.626265675668523,3.371476121498927,Magodo Phase 2,Lagos
USR_20947,Business,50.0,2026-03-04,Premium Paid,Active,6.544441398706012,3.398778747285295,Gbagada Estate,Lagos
USR_20948,Business,25.0,2026-03-09,Premium Paid,Active,6.556315189787179,3.407657409880036,Gbagada Estate,Lagos
USR_20949,Household,6.0,2026-04-10,Free Tier,Active,6.555989416061864,3.397823451187563,Gbagada Estate,Lagos
USR_20950,Household,6.0,2026-04-02,Free Tier,Active,6.5556680325179535,3.4069580125972405,Gbagada Estate,Lagos
USR_20951,Household,6.0,2026-02-26,Free Tier,Active,6.629667562912033,3.372659574667276,Magodo Phase 2,Lagos
USR_20952,Household,6.0,2026-01-13,Free Tier,Retained,6.422845087273142,3.4171526722473216,Lekki Phase 1,Lagos
USR_20953,Business,25.0,2026-01-23,Free Tier,Active,6.428188420794304,3.4267809890245715,Lekki Phase 1,Lagos
USR_20954,Household,12.5,2026-03-24,Free Tier,Active,6.623164384143659,3.367555927916562,Magodo Phase 2,Lagos
USR_20955,Household,6.0,2026-04-16,Premium Paid,Active,6.4325716140088,3.428019402573419,Lekki Phase 1,Lagos
USR_20956,Household,12.5,2026-04-11,Free Tier,Suspended,6.618889957302394,3.379482514785667,Magodo Phase 2,Lagos
USR_20957,Household,12.5,2026-02-08,Free Tier,Active,6.426631838021088,3.429682387114549,Lekki Phase 1,Lagos
USR_20958,Household,12.5,2026-03-29,Free Tier,Active,6.630004511163214,3.3767086399661927,Magodo Phase 2,Lagos
USR_20959,Household,12.5,2026-03-21,Free Tier,Active,6.431930110916271,3.429566994020442,Lekki Phase 1,Lagos
USR_20960,Household,12.5,2026-04-07,Free Tier,Active,6.554114340201565,3.3946650148097763,Gbagada Estate,Lagos
USR_20961,Household,6.0,2026-01-12,Free Tier,Active,6.559273322758192,3.392801325095694,Gbagada Estate,Lagos
USR_20962,Household,6.0,2026-02-03,Free Tier,Active,6.425870622960121,3.429214544742136,Lekki Phase 1,Lagos
USR_20963,Household,6.0,2026-03-12,Free Tier,Active,6.627588446805387,3.37427622010495,Magodo Phase 2,Lagos
USR_20964,Household,6.0,2026-03-16,Free Tier,Active,6.422394890048166,3.4190193678166447,Lekki Phase 1,Lagos
USR_20965,Household,12.5,2026-01-31,Premium Paid,Active,6.423782082984548,3.415421785758877,Lekki Phase 1,Lagos
USR_20966,Household,12.5,2026-04-03,Free Tier,Active,6.559066658271313,3.3934413977370035,Gbagada Estate,Lagos
USR_20967,Household,12.5,2026-03-03,Premium Paid,Active,6.622183349403355,3.373917188936722,Magodo Phase 2,Lagos
USR_20968,Household,12.5,2026-01-13,Free Tier,Active,6.5638415475727125,3.3962218448829646,Gbagada Estate,Lagos
USR_20969,Household,12.5,2026-01-31,Free Tier,Active,6.419699649655935,3.413696515051442,Lekki Phase 1,Lagos
USR_20970,Household,12.5,2026-01-02,Premium Paid,Retained,6.556015074427061,3.4003872710347656,Gbagada Estate,Lagos
USR_20971,Business,25.0,2026-04-13,Free Tier,Active,6.621475179809653,3.3748368738462404,Magodo Phase 2,Lagos
USR_20972,Household,6.0,2026-01-15,Free Tier,Active,6.419178651656817,3.4222309302077853,Lekki Phase 1,Lagos
USR_20973,Household,12.5,2026-02-26,Free Tier,Active,6.428194789507606,3.4148909863711387,Lekki Phase 1,Lagos
USR_20974,Household,6.0,2026-03-16,Free Tier,Active,6.546276787722219,3.39087144981199,Gbagada Estate,Lagos
USR_20975,Household,12.5,2026-02-03,Free Tier,Suspended,6.615120564929825,3.378394163910735,Magodo Phase 2,Lagos
USR_20976,Household,6.0,2026-04-13,Premium Paid,Active,6.617029653048059,3.371228603043749,Magodo Phase 2,Lagos
USR_20977,Household,12.5,2026-03-09,Free Tier,Active,6.6165714428830285,3.3853567060889698,Magodo Phase 2,Lagos
USR_20978,Household,12.5,2026-03-16,Premium Paid,Active,6.630192349263036,3.3708098967470304,Magodo Phase 2,Lagos
USR_20979,Household,6.0,2026-01-29,Free Tier,Active,6.619651325878443,3.3703978568461,Magodo Phase 2,Lagos
USR_20980,Household,12.5,2026-03-07,Free Tier,Active,6.427937519189216,3.412292210649485,Lekki Phase 1,Lagos
USR_20981,Household,6.0,2026-01-16,Free Tier,Active,6.4315273601779355,3.4223631629963527,Lekki Phase 1,Lagos
USR_20982,Household,12.5,2026-02-08,Free Tier,Active,6.631072778566022,3.369487853686568,Magodo Phase 2,Lagos
USR_20983,Household,12.5,2026-03-18,Premium Paid,Active,6.6291821849212225,3.382039220289334,Magodo Phase 2,Lagos
USR_20984,Household,12.5,2026-02-06,Free Tier,Active,6.420643623784337,3.4198711844828824,Lekki Phase 1,Lagos
USR_20985,Household,12.5,2026-03-22,Free Tier,Suspended,6.4215030528228905,3.416994410009151,Lekki Phase 1,Lagos
USR_20986,Household,6.0,2026-01-21,Free Tier,Active,6.61836492349661,3.377324727880515,Magodo Phase 2,Lagos
USR_20987,Household,12.5,2026-02-13,Free Tier,Active,6.62132821863521,3.385154656080126,Magodo Phase 2,Lagos
USR_20988,Household,12.5,2026-01-19,Free Tier,Active,6.42062740283894,3.431373842697004,Lekki Phase 1,Lagos
USR_20989,Household,12.5,2026-03-12,Free Tier,Active,6.548812772804285,3.403857478727637,Gbagada Estate,Lagos
USR_20990,Household,6.0,2026-04-12,Free Tier,Active,6.550979398523456,3.3912616279083463,Gbagada Estate,Lagos
USR_20991,Household,12.5,2026-01-08,Premium Paid,Active,6.561357783704924,3.3945772179847293,Gbagada Estate,Lagos
USR_20992,Household,12.5,2026-03-18,Free Tier,Active,6.431277108084537,3.4232288737017327,Lekki Phase 1,Lagos
USR_20993,Household,6.0,2026-04-11,Free Tier,Active,6.427535126187817,3.4218163894529705,Lekki Phase 1,Lagos
USR_20994,Household,12.5,2026-03-07,Free Tier,Active,6.432744758281846,3.4136554582824687,Lekki Phase 1,Lagos
USR_20995,Household,6.0,2026-02-10,Free Tier,Active,6.557563613239158,3.406316242027972,Gbagada Estate,Lagos
USR_20996,Business,25.0,2026-03-16,Free Tier,Active,6.614255763940397,3.369013066784673,Magodo Phase 2,Lagos
USR_20997,Household,12.5,2026-03-29,Free Tier,Active,6.43243263873404,3.4206456329648924,Lekki Phase 1,Lagos
USR_20998,Business,25.0,2026-03-11,Free Tier,Active,6.426170972416274,3.414639332690885,Lekki Phase 1,Lagos
USR_20999,Household,12.5,2026-03-02,Free Tier,Active,6.428235400814356,3.4144309062239273,Lekki Phase 1,Lagos
USR_21000,Household,12.5,2026-01-26,Free Tier,Active,6.55373240912621,3.4036723059792333,Gbagada Estate,Lagos
USR_21001,Household,6.0,2026-03-12,Free Tier,Active,6.618265287157743,3.3758157233635946,Magodo Phase 2,Lagos
USR_21002,Business,25.0,2026-04-13,Free Tier,Active,6.564040319387937,3.402133008467081,Gbagada Estate,Lagos
USR_21003,Household,12.5,2026-03-24,Free Tier,Active,6.561027135426103,3.396696952131211,Gbagada Estate,Lagos
USR_21004,Household,6.0,2026-03-11,Premium Paid,Active,6.559557218462517,3.3892101834588266,Gbagada Estate,Lagos
USR_21005,Household,6.0,2026-04-17,Premium Paid,Active,6.420558223650844,3.415961411858401,Lekki Phase 1,Lagos
USR_21006,Household,12.5,2026-01-29,Free Tier,Active,6.552239038492305,3.4053148975665155,Gbagada Estate,Lagos
USR_21007,Household,6.0,2026-04-17,Free Tier,Active,6.620025321015759,3.379292423870309,Magodo Phase 2,Lagos
USR_21008,Household,6.0,2026-04-13,Free Tier,Active,6.627286285896069,3.377923647081767,Magodo Phase 2,Lagos
USR_21009,Household,12.5,2026-03-07,Free Tier,Active,6.620244839363402,3.377741066834271,Magodo Phase 2,Lagos
USR_21010,Household,6.0,2026-01-19,Premium Paid,Active,6.619945311855795,3.3678774747710403,Magodo Phase 2,Lagos
USR_21011,Business,50.0,2026-03-09,Free Tier,Active,6.56405607956372,3.3909436490726503,Gbagada Estate,Lagos
USR_21012,Business,50.0,2026-02-27,Free Tier,Active,6.614546967676721,3.383770614984143,Magodo Phase 2,Lagos
USR_21013,Household,12.5,2026-03-11,Free Tier,Active,6.6191366932178575,3.37920593948147,Magodo Phase 2,Lagos
USR_21014,Household,6.0,2026-04-23,Free Tier,Active,6.550780114593245,3.3962290854158894,Gbagada Estate,Lagos
USR_21015,Business,50.0,2026-02-26,Free Tier,Active,6.549442259440336,3.39526088011586,Gbagada Estate,Lagos
USR_21016,Household,12.5,2026-02-06,Premium Paid,Active,6.4263140080117305,3.4263083213818466,Lekki Phase 1,Lagos
USR_21017,Household,12.5,2026-03-02,Free Tier,Active,6.554430723884695,3.4072713043431397,Gbagada Estate,Lagos
USR_21018,Business,25.0,2026-04-02,Free Tier,Active,6.545037607876775,3.398461366452641,Gbagada Estate,Lagos
USR_21019,Household,12.5,2026-01-30,Free Tier,Active,6.429784495776634,3.4303039397214854,Lekki Phase 1,Lagos
USR_21020,Household,12.5,2026-03-12,Free Tier,Active,6.419083170472428,3.423369991698704,Lekki Phase 1,Lagos
USR_21021,Household,12.5,2026-03-14,Premium Paid,Active,6.561272598570559,3.3932385545623847,Gbagada Estate,Lagos
USR_21022,Business,50.0,2026-01-25,Free Tier,Active,6.435625846970479,3.4122808681854857,Lekki Phase 1,Lagos
USR_21023,Business,25.0,2026-04-07,Free Tier,Active,6.6277490925826745,3.384862264423373,Magodo Phase 2,Lagos
USR_21024,Business,25.0,2026-03-06,Free Tier,Active,6.557343953232801,3.397180584879609,Gbagada Estate,Lagos
USR_21025,Household,6.0,2026-04-25,Free Tier,Active,6.418997620329454,3.4303022762664526,Lekki Phase 1,Lagos
USR_21026,Business,50.0,2026-01-06,Premium Paid,Active,6.427505924453831,3.412479934886719,Lekki Phase 1,Lagos
USR_21027,Household,6.0,2026-01-18,Free Tier,Active,6.431896421426575,3.421536745071525,Lekki Phase 1,Lagos
USR_21028,Household,12.5,2026-01-10,Premium Paid,Active,6.420586906348848,3.416185436186205,Lekki Phase 1,Lagos
USR_21029,Household,6.0,2026-04-02,Free Tier,Active,6.545489813609117,3.3998858707941717,Gbagada Estate,Lagos
USR_21030,Household,12.5,2026-01-11,Free Tier,Active,6.43054058958504,3.4220148459671087,Lekki Phase 1,Lagos
USR_21031,Household,6.0,2026-04-07,Free Tier,Active,6.434442042660052,3.42912017642616,Lekki Phase 1,Lagos
USR_21032,Household,12.5,2026-03-06,Free Tier,Active,6.430412487933662,3.4121551295941486,Lekki Phase 1,Lagos
USR_21033,Household,12.5,2026-03-18,Premium Paid,Retained,6.627004593114955,3.374559984338407,Magodo Phase 2,Lagos
USR_21034,Household,6.0,2026-04-11,Free Tier,Active,6.624411149664528,3.3791816120403775,Magodo Phase 2,Lagos
USR_21035,Household,6.0,2026-03-25,Free Tier,Retained,6.551204732286541,3.406741970103436,Gbagada Estate,Lagos
USR_21036,Household,6.0,2026-03-06,Free Tier,Retained,6.546879497334995,3.4018302361456207,Gbagada Estate,Lagos
USR_21037,Household,12.5,2026-02-21,Premium Paid,Active,6.613187191599131,3.3846930221081033,Magodo Phase 2,Lagos
USR_21038,Household,12.5,2026-03-08,Free Tier,Active,6.6153500826647615,3.3680976846029513,Magodo Phase 2,Lagos
USR_21039,Household,12.5,2026-03-23,Free Tier,Active,6.424760152661045,3.4193713257207814,Lekki Phase 1,Lagos
USR_21040,Household,6.0,2026-04-15,Free Tier,Active,6.4223860014464575,3.4236024332185426,Lekki Phase 1,Lagos
USR_21041,Household,12.5,2026-03-19,Free Tier,Active,6.621958281960839,3.366883511780822,Magodo Phase 2,Lagos
USR_21042,Household,12.5,2026-01-31,Free Tier,Active,6.550593041245106,3.4046086582714636,Gbagada Estate,Lagos
USR_21043,Household,12.5,2026-04-01,Free Tier,Active,6.626894030697238,3.3806974170715973,Magodo Phase 2,Lagos
USR_21044,Business,50.0,2026-01-17,Premium Paid,Active,6.5581623384816705,3.394619460427661,Gbagada Estate,Lagos
USR_21045,Household,6.0,2026-02-24,Free Tier,Active,6.6150932784415355,3.371649343680662,Magodo Phase 2,Lagos
USR_21046,Household,6.0,2026-04-20,Premium Paid,Active,6.4347357060037025,3.431509415955661,Lekki Phase 1,Lagos
USR_21047,Household,6.0,2026-04-03,Free Tier,Active,6.554076940294831,3.388594007098461,Gbagada Estate,Lagos
USR_21048,Business,25.0,2026-02-05,Free Tier,Active,6.420900896242684,3.4183416115063254,Lekki Phase 1,Lagos
USR_21049,Household,6.0,2026-04-11,Premium Paid,Active,6.624671706971859,3.3677018729161063,Magodo Phase 2,Lagos
USR_21050,Business,25.0,2026-01-26,Free Tier,Suspended,6.563067145974197,3.395701673465688,Gbagada Estate,Lagos
USR_21051,Household,12.5,2026-02-22,Premium Paid,Active,6.562451684358496,3.4040104360551404,Gbagada Estate,Lagos
USR_21052,Business,50.0,2026-01-17,Free Tier,Active,6.559308745450312,3.4005343915956447,Gbagada Estate,Lagos
USR_21053,Household,12.5,2026-03-27,Free Tier,Active,6.430635676341036,3.424660064704325,Lekki Phase 1,Lagos
USR_21054,Business,50.0,2026-01-25,Premium Paid,Active,6.6256744277405115,3.377274564627967,Magodo Phase 2,Lagos
USR_21055,Household,12.5,2026-01-02,Free Tier,Active,6.437828280369658,3.4265458113485137,Lekki Phase 1,Lagos
USR_21056,Household,6.0,2026-04-29,Free Tier,Active,6.55973892776785,3.4058492563016736,Gbagada Estate,Lagos
USR_21057,Household,12.5,2026-03-27,Free Tier,Active,6.422412795254517,3.4135760831819013,Lekki Phase 1,Lagos
USR_21058,Household,6.0,2026-01-05,Premium Paid,Active,6.553857888731971,3.3986816139123857,Gbagada Estate,Lagos
USR_21059,Household,12.5,2026-01-04,Free Tier,Retained,6.434683635598998,3.4207756715856465,Lekki Phase 1,Lagos
USR_21060,Business,25.0,2026-02-05,Free Tier,Active,6.624517060510886,3.376741418770269,Magodo Phase 2,Lagos
USR_21061,Business,50.0,2026-01-06,Free Tier,Active,6.418864055675147,3.4242042979319383,Lekki Phase 1,Lagos
USR_21062,Household,6.0,2026-04-26,Premium Paid,Active,6.434660865715485,3.415050010961516,Lekki Phase 1,Lagos
USR_21063,Household,6.0,2026-01-21,Premium Paid,Active,6.4299866346785315,3.423772210888928,Lekki Phase 1,Lagos
USR_21064,Household,12.5,2026-03-18,Free Tier,Active,6.421383699281127,3.4143692714746146,Lekki Phase 1,Lagos
USR_21065,Household,6.0,2026-04-28,Free Tier,Active,6.63270103885953,3.3740743833930606,Magodo Phase 2,Lagos
USR_21066,Household,12.5,2026-04-11,Premium Paid,Active,6.54874843457447,3.3918264908890876,Gbagada Estate,Lagos
USR_21067,Household,12.5,2026-04-29,Free Tier,Retained,6.557552034271665,3.4005889059465457,Gbagada Estate,Lagos
USR_21068,Household,12.5,2026-03-30,Free Tier,Active,6.557071042459748,3.390160120550229,Gbagada Estate,Lagos
USR_21069,Household,12.5,2026-01-26,Free Tier,Active,6.630970691669969,3.3739853279361807,Magodo Phase 2,Lagos
USR_21070,Household,12.5,2026-02-24,Free Tier,Active,6.619367388128607,3.375447228944955,Magodo Phase 2,Lagos
USR_21071,Household,6.0,2026-02-08,Free Tier,Active,6.425901321314952,3.4291715400627827,Lekki Phase 1,Lagos
USR_21072,Household,12.5,2026-03-25,Free Tier,Active,6.631685219503958,3.372269064328992,Magodo Phase 2,Lagos
USR_21073,Household,12.5,2026-02-02,Free Tier,Active,6.561478716149199,3.4040304625906614,Gbagada Estate,Lagos
USR_21074,Business,50.0,2026-01-14,Premium Paid,Active,6.631716153446895,3.3711150062437176,Magodo Phase 2,Lagos
USR_21075,Household,6.0,2026-02-25,Free Tier,Active,6.555739183002419,3.393890891694809,Gbagada Estate,Lagos
USR_21076,Household,12.5,2026-04-10,Free Tier,Active,6.629581889809687,3.366306483811421,Magodo Phase 2,Lagos
USR_21077,Household,12.5,2026-03-22,Free Tier,Active,6.624396383257728,3.3729840686254384,Magodo Phase 2,Lagos
USR_21078,Household,12.5,2026-01-21,Free Tier,Active,6.550653674141556,3.4012981264772986,Gbagada Estate,Lagos
USR_21079,Business,25.0,2026-02-15,Free Tier,Active,6.56122968898628,3.400583907827867,Gbagada Estate,Lagos
USR_21080,Household,6.0,2026-01-16,Premium Paid,Active,6.630163459572935,3.3714919422376206,Magodo Phase 2,Lagos
USR_21081,Household,12.5,2026-04-20,Free Tier,Active,6.6234900370953,3.3752107307813413,Magodo Phase 2,Lagos
USR_21082,Household,12.5,2026-01-16,Free Tier,Active,6.418332897990061,3.423036242862815,Lekki Phase 1,Lagos
USR_21083,Business,50.0,2026-04-30,Free Tier,Active,6.557430486482923,3.4002382880883815,Gbagada Estate,Lagos
USR_21084,Business,25.0,2026-03-25,Free Tier,Active,6.432825597975668,3.4233267905690616,Lekki Phase 1,Lagos
USR_21085,Household,6.0,2026-01-29,Free Tier,Active,6.6144350050970155,3.368528910481694,Magodo Phase 2,Lagos
USR_21086,Household,12.5,2026-04-02,Premium Paid,Active,6.5561294915508785,3.393899583839473,Gbagada Estate,Lagos
USR_21087,Household,12.5,2026-01-08,Free Tier,Active,6.614692902580695,3.374792054868971,Magodo Phase 2,Lagos
USR_21088,Business,50.0,2026-03-29,Premium Paid,Active,6.555286451961673,3.3949749197669923,Gbagada Estate,Lagos
USR_21089,Household,12.5,2026-01-03,Free Tier,Active,6.627508674044516,3.379075412162025,Magodo Phase 2,Lagos
USR_21090,Business,25.0,2026-03-30,Free Tier,Active,6.424756367221833,3.4269974505781713,Lekki Phase 1,Lagos
USR_21091,Household,12.5,2026-01-19,Free Tier,Active,6.43107390085066,3.424648907574358,Lekki Phase 1,Lagos
USR_21092,Household,6.0,2026-04-07,Free Tier,Active,6.4291685540157415,3.412127793361771,Lekki Phase 1,Lagos
USR_21093,Household,12.5,2026-03-07,Free Tier,Suspended,6.558130143669538,3.3959208358221833,Gbagada Estate,Lagos
USR_21094,Household,12.5,2026-03-20,Premium Paid,Active,6.5630521942031725,3.404759695421544,Gbagada Estate,Lagos
USR_21095,Household,12.5,2026-03-27,Free Tier,Active,6.555953889390626,3.3934436396363856,Gbagada Estate,Lagos
USR_21096,Household,12.5,2026-03-15,Free Tier,Active,6.422174347865553,3.418707696753551,Lekki Phase 1,Lagos
USR_21097,Household,12.5,2026-03-23,Free Tier,Active,6.5537313588716,3.394321310200779,Gbagada Estate,Lagos
USR_21098,Household,12.5,2026-01-22,Free Tier,Active,6.62339858990785,3.3695074085102634,Magodo Phase 2,Lagos
USR_21099,Household,12.5,2026-02-15,Premium Paid,Active,6.56375425625651,3.3905584910993,Gbagada Estate,Lagos
USR_21100,Household,6.0,2026-04-23,Free Tier,Active,6.436738882793087,3.430171560228054,Lekki Phase 1,Lagos
USR_21101,Business,25.0,2026-04-01,Premium Paid,Active,6.4286072096363895,3.4263982054367217,Lekki Phase 1,Lagos
USR_21102,Business,25.0,2026-01-13,Free Tier,Active,6.621820965959452,3.3788006915508486,Magodo Phase 2,Lagos
USR_21103,Business,50.0,2026-02-02,Free Tier,Active,6.551011518748422,3.394423180395709,Gbagada Estate,Lagos
USR_21104,Business,25.0,2026-01-05,Premium Paid,Active,6.55576459572339,3.3983625934836796,Gbagada Estate,Lagos
USR_21105,Household,12.5,2026-03-31,Free Tier,Active,6.624690727382999,3.3719332116257403,Magodo Phase 2,Lagos
USR_21106,Household,12.5,2026-03-18,Premium Paid,Retained,6.62043915663634,3.3678779592125783,Magodo Phase 2,Lagos
USR_21107,Household,12.5,2026-01-27,Free Tier,Active,6.419145527445444,3.41696914259346,Lekki Phase 1,Lagos
USR_21108,Household,12.5,2026-03-19,Free Tier,Active,6.545684937186611,3.390475494172695,Gbagada Estate,Lagos
USR_21109,Household,12.5,2026-01-24,Premium Paid,Active,6.629358568107879,3.3669774739403335,Magodo Phase 2,Lagos
USR_21110,Household,6.0,2026-03-08,Free Tier,Active,6.557378855878695,3.393851154976308,Gbagada Estate,Lagos
USR_21111,Household,12.5,2026-04-21,Premium Paid,Active,6.630530913614162,3.3758998456915497,Magodo Phase 2,Lagos
USR_21112,Household,12.5,2026-04-25,Premium Paid,Active,6.4242115291865565,3.4222527787137884,Lekki Phase 1,Lagos
USR_21113,Household,6.0,2026-03-04,Free Tier,Active,6.620739160380905,3.3774860212933966,Magodo Phase 2,Lagos
USR_21114,Household,12.5,2026-04-23,Free Tier,Active,6.615390657366527,3.386139810056251,Magodo Phase 2,Lagos
USR_21115,Household,12.5,2026-04-04,Premium Paid,Active,6.621611117553934,3.373164612794147,Magodo Phase 2,Lagos
USR_21116,Household,12.5,2026-04-09,Free Tier,Suspended,6.6273041969663256,3.3734779881299066,Magodo Phase 2,Lagos
USR_21117,Business,25.0,2026-02-17,Free Tier,Active,6.629765486100575,3.3752854144872084,Magodo Phase 2,Lagos
USR_21118,Household,12.5,2026-03-04,Free Tier,Active,6.558591168265308,3.390549064328838,Gbagada Estate,Lagos
USR_21119,Household,6.0,2026-03-19,Free Tier,Active,6.435022383711102,3.426614359735562,Lekki Phase 1,Lagos
USR_21120,Business,25.0,2026-01-12,Free Tier,Active,6.422334335569239,3.4148057201949156,Lekki Phase 1,Lagos
USR_21121,Business,50.0,2026-01-28,Free Tier,Active,6.619425846974512,3.385721411720638,Magodo Phase 2,Lagos
USR_21122,Business,50.0,2026-02-13,Free Tier,Active,6.6182366314913414,3.3753225441789327,Magodo Phase 2,Lagos
USR_21123,Household,12.5,2026-04-03,Free Tier,Suspended,6.544800404514347,3.3963445505913246,Gbagada Estate,Lagos
USR_21124,Household,6.0,2026-02-12,Free Tier,Active,6.624526400308662,3.3852624922501593,Magodo Phase 2,Lagos
USR_21125,Household,12.5,2026-01-17,Free Tier,Active,6.623434720898802,3.3825821465235535,Magodo Phase 2,Lagos
USR_21126,Household,12.5,2026-02-09,Premium Paid,Active,6.555142552851378,3.3892157002687107,Gbagada Estate,Lagos
USR_21127,Household,6.0,2026-02-18,Free Tier,Retained,6.619400165503795,3.377710990156622,Magodo Phase 2,Lagos
USR_21128,Household,12.5,2026-03-26,Free Tier,Active,6.563211879318622,3.405582607195025,Gbagada Estate,Lagos
USR_21129,Household,6.0,2026-02-26,Free Tier,Active,6.422667112283577,3.416302196600383,Lekki Phase 1,Lagos
USR_21130,Household,12.5,2026-03-28,Free Tier,Active,6.617123459342278,3.38464997792605,Magodo Phase 2,Lagos
USR_21131,Household,12.5,2026-03-25,Free Tier,Active,6.435153323062034,3.427397668645059,Lekki Phase 1,Lagos
USR_21132,Household,6.0,2026-03-05,Premium Paid,Active,6.620954702284484,3.376287614085975,Magodo Phase 2,Lagos
USR_21133,Household,6.0,2026-03-16,Premium Paid,Active,6.622386634895903,3.371267962151187,Magodo Phase 2,Lagos
USR_21134,Household,6.0,2026-02-26,Free Tier,Active,6.623200560922975,3.366809930957055,Magodo Phase 2,Lagos
USR_21135,Household,6.0,2026-04-08,Free Tier,Active,6.4207362074699486,3.429631791923379,Lekki Phase 1,Lagos
USR_21136,Business,25.0,2026-03-15,Free Tier,Active,6.628133595340628,3.3746573681811816,Magodo Phase 2,Lagos
USR_21137,Household,12.5,2026-03-15,Free Tier,Active,6.554543007245678,3.3957999777191996,Gbagada Estate,Lagos
USR_21138,Household,6.0,2026-04-17,Free Tier,Active,6.4329155973432135,3.4275837435846417,Lekki Phase 1,Lagos
USR_21139,Household,6.0,2026-03-11,Free Tier,Active,6.559465703804063,3.402852234496689,Gbagada Estate,Lagos
USR_21140,Household,12.5,2026-04-10,Free Tier,Active,6.548290086773855,3.3951593995848097,Gbagada Estate,Lagos
USR_21141,Household,12.5,2026-03-29,Premium Paid,Active,6.622496908699674,3.372815859828553,Magodo Phase 2,Lagos
USR_21142,Household,6.0,2026-03-17,Free Tier,Active,6.6281988040031665,3.372787070484999,Magodo Phase 2,Lagos
USR_21143,Household,6.0,2026-02-12,Free Tier,Active,6.420864641735706,3.419880809040966,Lekki Phase 1,Lagos
USR_21144,Household,12.5,2026-04-29,Premium Paid,Suspended,6.437698288655647,3.4164176282586713,Lekki Phase 1,Lagos
USR_21145,Business,25.0,2026-01-23,Free Tier,Active,6.556443173178865,3.397059460996794,Gbagada Estate,Lagos
USR_21146,Household,6.0,2026-01-27,Free Tier,Active,6.6145204913529865,3.375957532119961,Magodo Phase 2,Lagos
USR_21147,Household,12.5,2026-02-27,Free Tier,Active,6.558243286572966,3.3986643995165564,Gbagada Estate,Lagos
USR_21148,Business,50.0,2026-04-19,Free Tier,Active,6.630542121274932,3.3719787403331516,Magodo Phase 2,Lagos
USR_21149,Business,25.0,2026-02-06,Free Tier,Active,6.5459249834260795,3.4071313122331603,Gbagada Estate,Lagos
USR_21150,Household,12.5,2026-01-06,Premium Paid,Active,6.620663926990565,3.3777281110290724,Magodo Phase 2,Lagos
USR_21151,Household,12.5,2026-03-06,Free Tier,Active,6.433940062522604,3.4183862732775117,Lekki Phase 1,Lagos
USR_21152,Household,6.0,2026-01-06,Free Tier,Active,6.432423290763552,3.4146083769963567,Lekki Phase 1,Lagos
USR_21153,Household,12.5,2026-02-19,Premium Paid,Active,6.61892587494411,3.36909421272273,Magodo Phase 2,Lagos
USR_21154,Household,6.0,2026-01-22,Free Tier,Active,6.560424611168027,3.3928529847045357,Gbagada Estate,Lagos
USR_21155,Household,6.0,2026-04-15,Free Tier,Active,6.432448071108104,3.430765967944913,Lekki Phase 1,Lagos
USR_21156,Household,12.5,2026-03-29,Free Tier,Active,6.623655444181377,3.3770005838452137,Magodo Phase 2,Lagos
USR_21157,Business,50.0,2026-01-25,Free Tier,Active,6.6223206713619565,3.372717802867873,Magodo Phase 2,Lagos
USR_21158,Business,50.0,2026-03-20,Premium Paid,Retained,6.5537131006184985,3.4004561506453355,Gbagada Estate,Lagos
USR_21159,Household,12.5,2026-03-31,Free Tier,Active,6.632819831443413,3.3849552911863645,Magodo Phase 2,Lagos
USR_21160,Household,6.0,2026-03-13,Free Tier,Active,6.435343059165862,3.429682610714097,Lekki Phase 1,Lagos
USR_21161,Household,6.0,2026-02-20,Free Tier,Active,6.427456983665841,3.425048886543549,Lekki Phase 1,Lagos
USR_21162,Household,12.5,2026-03-29,Premium Paid,Active,6.562101334458724,3.3962590152998273,Gbagada Estate,Lagos
USR_21163,Household,12.5,2026-02-17,Free Tier,Active,6.5634352495669095,3.396715721241384,Gbagada Estate,Lagos
USR_21164,Household,12.5,2026-04-12,Free Tier,Active,6.4301216533078644,3.4260960942654473,Lekki Phase 1,Lagos
USR_21165,Household,12.5,2026-03-11,Free Tier,Active,6.563211840261519,3.3932923254810454,Gbagada Estate,Lagos
USR_21166,Household,12.5,2026-04-28,Premium Paid,Active,6.433022619564772,3.4223163117228816,Lekki Phase 1,Lagos
USR_21167,Household,12.5,2026-04-09,Free Tier,Active,6.618471142812413,3.381732136795928,Magodo Phase 2,Lagos
USR_21168,Household,6.0,2026-04-16,Free Tier,Active,6.555244445603477,3.4016194764129937,Gbagada Estate,Lagos
USR_21169,Household,12.5,2026-03-06,Free Tier,Active,6.424558021371558,3.421525479036552,Lekki Phase 1,Lagos
USR_21170,Household,12.5,2026-03-01,Free Tier,Active,6.556547085019761,3.396498216285397,Gbagada Estate,Lagos
USR_21171,Business,25.0,2026-02-15,Free Tier,Retained,6.617067450796954,3.385432809846306,Magodo Phase 2,Lagos
USR_21172,Household,12.5,2026-02-05,Free Tier,Active,6.428329350800852,3.426578407405754,Lekki Phase 1,Lagos
USR_21173,Household,6.0,2026-02-27,Premium Paid,Active,6.426320943871121,3.4190026352805143,Lekki Phase 1,Lagos
USR_21174,Household,12.5,2026-03-17,Free Tier,Active,6.426243285969342,3.420083932875713,Lekki Phase 1,Lagos
USR_21175,Household,6.0,2026-02-07,Free Tier,Retained,6.623983602318839,3.377069397399627,Magodo Phase 2,Lagos
USR_21176,Household,12.5,2026-01-11,Free Tier,Active,6.428043076317657,3.414595715698349,Lekki Phase 1,Lagos
USR_21177,Household,6.0,2026-01-12,Premium Paid,Active,6.5541215095700105,3.391782078008413,Gbagada Estate,Lagos
USR_21178,Household,12.5,2026-02-11,Premium Paid,Active,6.420622715725915,3.430552914346823,Lekki Phase 1,Lagos
USR_21179,Household,6.0,2026-04-24,Free Tier,Active,6.625199000262954,3.3793898011624917,Magodo Phase 2,Lagos
USR_21180,Business,25.0,2026-02-08,Free Tier,Active,6.5522358734066675,3.406579617838297,Gbagada Estate,Lagos
USR_21181,Household,12.5,2026-03-12,Free Tier,Active,6.625858609791593,3.3815833973904716,Magodo Phase 2,Lagos
USR_21182,Household,12.5,2026-01-11,Premium Paid,Active,6.5515712493805545,3.4076002376163825,Gbagada Estate,Lagos
USR_21183,Business,25.0,2026-02-05,Free Tier,Active,6.560609225803166,3.405478969260291,Gbagada Estate,Lagos
USR_21184,Household,6.0,2026-02-21,Free Tier,Active,6.6165438853485155,3.3716192641574243,Magodo Phase 2,Lagos
USR_21185,Business,50.0,2026-01-31,Premium Paid,Active,6.6188125319936715,3.3716181844649373,Magodo Phase 2,Lagos
USR_21186,Household,12.5,2026-02-02,Premium Paid,Active,6.630208163242086,3.366837695904172,Magodo Phase 2,Lagos
USR_21187,Household,12.5,2026-01-13,Free Tier,Active,6.614621999779615,3.371678297412598,Magodo Phase 2,Lagos
USR_21188,Household,6.0,2026-01-18,Free Tier,Active,6.4220974594929885,3.416537192277657,Lekki Phase 1,Lagos
USR_21189,Household,12.5,2026-02-10,Free Tier,Active,6.629058863785066,3.377462531877841,Magodo Phase 2,Lagos
USR_21190,Household,6.0,2026-02-27,Free Tier,Active,6.544315413225859,3.396986455314084,Gbagada Estate,Lagos
USR_21191,Household,6.0,2026-02-25,Free Tier,Active,6.426257698537007,3.4141789053888907,Lekki Phase 1,Lagos
USR_21192,Household,12.5,2026-01-24,Premium Paid,Active,6.626622835772029,3.3802419437675897,Magodo Phase 2,Lagos
USR_21193,Household,12.5,2026-03-14,Free Tier,Active,6.432517864381041,3.426469418911172,Lekki Phase 1,Lagos
USR_21194,Household,12.5,2026-01-31,Free Tier,Active,6.544201056538646,3.4074784160769345,Gbagada Estate,Lagos
USR_21195,Business,25.0,2026-02-24,Free Tier,Active,6.560484175341093,3.4064796339317858,Gbagada Estate,Lagos
USR_21196,Business,25.0,2026-04-15,Free Tier,Active,6.544512865906149,3.407077175915715,Gbagada Estate,Lagos
USR_21197,Business,25.0,2026-01-10,Free Tier,Active,6.434295770573762,3.428644382859174,Lekki Phase 1,Lagos
USR_21198,Household,12.5,2026-03-01,Free Tier,Active,6.419965747694439,3.426675560578372,Lekki Phase 1,Lagos
USR_21199,Household,6.0,2026-01-02,Free Tier,Active,6.632298333792842,3.379770946828363,Magodo Phase 2,Lagos
USR_21200,Household,6.0,2026-04-12,Free Tier,Active,6.6245112280924925,3.3851125935549797,Magodo Phase 2,Lagos
USR_21201,Household,12.5,2026-01-15,Free Tier,Active,6.621958742434689,3.3781858713262096,Magodo Phase 2,Lagos
USR_21202,Household,12.5,2026-01-03,Premium Paid,Active,6.553726765869887,3.407056924427206,Gbagada Estate,Lagos
USR_21203,Household,6.0,2026-02-12,Premium Paid,Retained,6.61462169453531,3.376222394016507,Magodo Phase 2,Lagos
USR_21204,Household,12.5,2026-01-31,Free Tier,Active,6.431839048827708,3.4277381307684447,Lekki Phase 1,Lagos
USR_21205,Household,6.0,2026-03-11,Free Tier,Active,6.624760372948883,3.384378354882429,Magodo Phase 2,Lagos
USR_21206,Household,12.5,2026-03-08,Premium Paid,Active,6.5630398289376775,3.3896863844638716,Gbagada Estate,Lagos
USR_21207,Household,6.0,2026-02-25,Free Tier,Active,6.621147410790828,3.366669180434423,Magodo Phase 2,Lagos
USR_21208,Household,12.5,2026-03-04,Premium Paid,Active,6.550788333147489,3.399137364359412,Gbagada Estate,Lagos
USR_21209,Business,50.0,2026-03-16,Free Tier,Active,6.562415898610198,3.405331086449308,Gbagada Estate,Lagos
USR_21210,Household,6.0,2026-01-15,Free Tier,Active,6.54674999453344,3.390260607494818,Gbagada Estate,Lagos
USR_21211,Household,12.5,2026-04-19,Free Tier,Active,6.624885346775133,3.3768423594491757,Magodo Phase 2,Lagos
USR_21212,Household,12.5,2026-04-26,Free Tier,Active,6.4234275528286,3.4298890616910764,Lekki Phase 1,Lagos
USR_21213,Household,12.5,2026-04-02,Free Tier,Active,6.631647328189231,3.374252228766803,Magodo Phase 2,Lagos
USR_21214,Household,12.5,2026-01-10,Premium Paid,Active,6.56200605114227,3.3960789778852596,Gbagada Estate,Lagos
USR_21215,Household,6.0,2026-02-07,Free Tier,Active,6.6278363366365936,3.3757188443509545,Magodo Phase 2,Lagos
USR_21216,Household,6.0,2026-02-16,Free Tier,Active,6.615551663130144,3.38475868402474,Magodo Phase 2,Lagos
USR_21217,Household,6.0,2026-02-26,Free Tier,Active,6.6221819318675506,3.380889740806448,Magodo Phase 2,Lagos
USR_21218,Household,6.0,2026-02-19,Free Tier,Active,6.551543476288626,3.3887776175715247,Gbagada Estate,Lagos
USR_21219,Household,6.0,2026-04-24,Premium Paid,Active,6.546210607173837,3.3983243895897988,Gbagada Estate,Lagos
USR_21220,Business,25.0,2026-03-12,Free Tier,Active,6.626899287142527,3.3728947065315853,Magodo Phase 2,Lagos
USR_21221,Household,12.5,2026-01-15,Free Tier,Active,6.627009769183553,3.380172711788639,Magodo Phase 2,Lagos
USR_21222,Household,12.5,2026-01-18,Free Tier,Active,6.627178718146556,3.37605043708041,Magodo Phase 2,Lagos
USR_21223,Business,25.0,2026-03-23,Free Tier,Active,6.43639772300243,3.4216839303596123,Lekki Phase 1,Lagos
USR_21224,Household,6.0,2026-04-26,Free Tier,Active,6.553205303869933,3.3923876163802125,Gbagada Estate,Lagos
USR_21225,Household,12.5,2026-04-15,Free Tier,Active,6.4242531017471265,3.412746689850366,Lekki Phase 1,Lagos
USR_21226,Household,6.0,2026-03-29,Premium Paid,Active,6.556870705872323,3.393370714878542,Gbagada Estate,Lagos
USR_21227,Household,6.0,2026-01-02,Premium Paid,Active,6.619183105089709,3.3816162904332865,Magodo Phase 2,Lagos
USR_21228,Business,25.0,2026-04-14,Premium Paid,Active,6.424644423663229,3.4167439178402628,Lekki Phase 1,Lagos
USR_21229,Household,12.5,2026-03-25,Free Tier,Active,6.616481154982674,3.381697168043639,Magodo Phase 2,Lagos
USR_21230,Business,50.0,2026-04-08,Free Tier,Active,6.4206941251598,3.420975075205007,Lekki Phase 1,Lagos
USR_21231,Household,12.5,2026-02-12,Free Tier,Active,6.6232386023215435,3.3799477982537143,Magodo Phase 2,Lagos
USR_21232,Household,12.5,2026-01-26,Premium Paid,Active,6.55686566964666,3.4046144134589036,Gbagada Estate,Lagos
USR_21233,Household,12.5,2026-03-12,Free Tier,Suspended,6.6139950286785245,3.372128814495588,Magodo Phase 2,Lagos
USR_21234,Household,12.5,2026-02-07,Free Tier,Active,6.549802682375508,3.3913203381118424,Gbagada Estate,Lagos
USR_21235,Household,12.5,2026-04-04,Free Tier,Active,6.6188835650771285,3.3723953062828578,Magodo Phase 2,Lagos
USR_21236,Business,50.0,2026-02-11,Free Tier,Active,6.62353768923855,3.379474089578525,Magodo Phase 2,Lagos
USR_21237,Household,6.0,2026-01-05,Free Tier,Active,6.551822010272236,3.402789404626268,Gbagada Estate,Lagos
USR_21238,Business,25.0,2026-01-11,Free Tier,Active,6.550923306771591,3.394205673546295,Gbagada Estate,Lagos
USR_21239,Household,12.5,2026-03-06,Premium Paid,Active,6.42892376111714,3.4123743272061158,Lekki Phase 1,Lagos
USR_21240,Business,50.0,2026-02-03,Free Tier,Active,6.61469578247268,3.3745593908717306,Magodo Phase 2,Lagos
USR_21241,Household,12.5,2026-04-30,Premium Paid,Active,6.436958254227835,3.4263302355968683,Lekki Phase 1,Lagos
USR_21242,Household,12.5,2026-01-01,Premium Paid,Active,6.419862531390011,3.4288263602556173,Lekki Phase 1,Lagos
USR_21243,Household,12.5,2026-03-24,Premium Paid,Active,6.558846015412163,3.400618930514053,Gbagada Estate,Lagos
USR_21244,Household,6.0,2026-01-02,Free Tier,Active,6.560605859212183,3.3964821969548593,Gbagada Estate,Lagos
USR_21245,Household,12.5,2026-03-26,Free Tier,Suspended,6.617530021017077,3.376440467782175,Magodo Phase 2,Lagos
USR_21246,Household,12.5,2026-01-20,Free Tier,Active,6.429076835111869,3.422666527440198,Lekki Phase 1,Lagos
USR_21247,Household,12.5,2026-03-02,Premium Paid,Active,6.624401475829602,3.3851740983647836,Magodo Phase 2,Lagos
USR_21248,Business,50.0,2026-03-28,Free Tier,Active,6.436144912461924,3.429414340731179,Lekki Phase 1,Lagos
USR_21249,Household,12.5,2026-01-21,Free Tier,Retained,6.560228336218172,3.4072685621453056,Gbagada Estate,Lagos
USR_21250,Household,6.0,2026-03-29,Free Tier,Active,6.6150698928335885,3.3715024652289145,Magodo Phase 2,Lagos
USR_21251,Household,12.5,2026-03-09,Free Tier,Active,6.428001118913091,3.428830689862468,Lekki Phase 1,Lagos
USR_21252,Household,6.0,2026-01-12,Free Tier,Active,6.554303314230454,3.403360694786832,Gbagada Estate,Lagos
USR_21253,Household,12.5,2026-01-22,Free Tier,Active,6.420879198104978,3.4169482762595313,Lekki Phase 1,Lagos
USR_21254,Household,12.5,2026-01-20,Free Tier,Active,6.627735521900753,3.3694946801777546,Magodo Phase 2,Lagos
USR_21255,Household,12.5,2026-03-23,Free Tier,Active,6.551227118693098,3.3936973251562716,Gbagada Estate,Lagos
USR_21256,Household,12.5,2026-01-01,Free Tier,Retained,6.42509723388445,3.4260664809815595,Lekki Phase 1,Lagos
USR_21257,Household,12.5,2026-01-30,Free Tier,Active,6.425456943622856,3.423005266452159,Lekki Phase 1,Lagos
USR_21258,Household,12.5,2026-04-07,Free Tier,Active,6.615098637541088,3.3823003538646925,Magodo Phase 2,Lagos
USR_21259,Household,6.0,2026-01-24,Premium Paid,Active,6.620497772512962,3.379170683180667,Magodo Phase 2,Lagos
USR_21260,Household,12.5,2026-01-14,Premium Paid,Active,6.627607792033237,3.370393218442234,Magodo Phase 2,Lagos
USR_21261,Household,12.5,2026-02-05,Premium Paid,Active,6.5618934996990665,3.400724485032139,Gbagada Estate,Lagos
USR_21262,Household,12.5,2026-03-10,Free Tier,Active,6.552774502835029,3.3920467036715647,Gbagada Estate,Lagos
USR_21263,Household,6.0,2026-03-16,Free Tier,Active,6.631946018758024,3.381301364082632,Magodo Phase 2,Lagos
USR_21264,Household,12.5,2026-01-24,Premium Paid,Active,6.548360491254665,3.3951542154944847,Gbagada Estate,Lagos
USR_21265,Household,12.5,2026-03-01,Free Tier,Active,6.434293485161761,3.4258135532643066,Lekki Phase 1,Lagos
USR_21266,Household,6.0,2026-04-05,Free Tier,Active,6.628415685854314,3.3750240220442587,Magodo Phase 2,Lagos
USR_21267,Household,6.0,2026-02-24,Premium Paid,Active,6.558529525252843,3.3961298744572783,Gbagada Estate,Lagos
USR_21268,Household,6.0,2026-03-18,Free Tier,Active,6.548425258338764,3.4010535406968274,Gbagada Estate,Lagos
USR_21269,Household,12.5,2026-03-21,Free Tier,Retained,6.632620278511975,3.3724120194279066,Magodo Phase 2,Lagos
USR_21270,Household,12.5,2026-01-24,Premium Paid,Active,6.6223193918442504,3.3796800274213967,Magodo Phase 2,Lagos
USR_21271,Business,50.0,2026-03-18,Free Tier,Retained,6.55503012564245,3.405268555914181,Gbagada Estate,Lagos
USR_21272,Household,6.0,2026-01-24,Free Tier,Active,6.55943485412939,3.389565944077247,Gbagada Estate,Lagos
USR_21273,Household,12.5,2026-02-23,Free Tier,Active,6.633068424678475,3.3812480490743893,Magodo Phase 2,Lagos
USR_21274,Household,6.0,2026-01-26,Free Tier,Active,6.561478066325882,3.401423954241907,Gbagada Estate,Lagos
USR_21275,Household,12.5,2026-03-07,Free Tier,Active,6.435225702560935,3.4141476594985742,Lekki Phase 1,Lagos
USR_21276,Household,12.5,2026-03-21,Premium Paid,Active,6.5511547567111865,3.4059284188720897,Gbagada Estate,Lagos
USR_21277,Business,25.0,2026-02-07,Premium Paid,Active,6.422133104225337,3.4134648419716003,Lekki Phase 1,Lagos
USR_21278,Household,12.5,2026-04-20,Free Tier,Active,6.433862378798904,3.428609723112866,Lekki Phase 1,Lagos
USR_21279,Household,6.0,2026-03-06,Premium Paid,Active,6.547453044363798,3.4054869196556545,Gbagada Estate,Lagos
USR_21280,Household,12.5,2026-04-23,Premium Paid,Active,6.557935355911943,3.3988016536643317,Gbagada Estate,Lagos
USR_21281,Household,12.5,2026-03-16,Free Tier,Active,6.629705003855627,3.374584984986379,Magodo Phase 2,Lagos
USR_21282,Household,12.5,2026-02-20,Free Tier,Active,6.421979879124468,3.417597053532212,Lekki Phase 1,Lagos
USR_21283,Household,6.0,2026-02-04,Free Tier,Active,6.5543032803658665,3.3990266158534634,Gbagada Estate,Lagos
USR_21284,Household,6.0,2026-02-12,Free Tier,Active,6.434211616528825,3.4277270544730465,Lekki Phase 1,Lagos
USR_21285,Household,12.5,2026-01-29,Premium Paid,Active,6.624727331144092,3.3818157096673094,Magodo Phase 2,Lagos
USR_21286,Household,6.0,2026-02-06,Free Tier,Active,6.421935469165873,3.412901290541866,Lekki Phase 1,Lagos
USR_21287,Household,12.5,2026-03-22,Premium Paid,Active,6.561672676452694,3.3899110898752554,Gbagada Estate,Lagos
USR_21288,Household,12.5,2026-02-27,Free Tier,Active,6.54913376859488,3.402306378992488,Gbagada Estate,Lagos
USR_21289,Household,6.0,2026-02-23,Free Tier,Active,6.426288958752546,3.42942627939831,Lekki Phase 1,Lagos
USR_21290,Household,6.0,2026-02-08,Free Tier,Active,6.619059595893245,3.366437426933387,Magodo Phase 2,Lagos
USR_21291,Household,12.5,2026-02-11,Free Tier,Active,6.424113112811215,3.4234615009836964,Lekki Phase 1,Lagos
USR_21292,Household,12.5,2026-01-28,Free Tier,Active,6.551718767508065,3.399097455115175,Gbagada Estate,Lagos
USR_21293,Household,12.5,2026-01-29,Free Tier,Suspended,6.6306319623767,3.3844497010846073,Magodo Phase 2,Lagos
USR_21294,Household,12.5,2026-02-12,Free Tier,Active,6.423419481293082,3.421142809465398,Lekki Phase 1,Lagos
USR_21295,Household,12.5,2026-01-03,Free Tier,Active,6.429082880304828,3.430882249137765,Lekki Phase 1,Lagos
USR_21296,Household,6.0,2026-04-26,Premium Paid,Active,6.633072346383288,3.3709081449768306,Magodo Phase 2,Lagos
USR_21297,Household,12.5,2026-01-10,Free Tier,Active,6.432639597426916,3.4194606212446637,Lekki Phase 1,Lagos
USR_21298,Household,12.5,2026-02-28,Free Tier,Active,6.6132621639377245,3.366385050448718,Magodo Phase 2,Lagos
USR_21299,Household,6.0,2026-04-16,Premium Paid,Active,6.622311320151245,3.3759666982600867,Magodo Phase 2,Lagos
USR_21300,Household,6.0,2026-01-14,Free Tier,Active,6.613551393931469,3.379938548335486,Magodo Phase 2,Lagos
USR_21301,Business,25.0,2026-03-17,Free Tier,Suspended,6.618980067771899,3.377397862030719,Magodo Phase 2,Lagos
USR_21302,Household,6.0,2026-02-16,Free Tier,Active,6.424118381463308,3.415242686297386,Lekki Phase 1,Lagos
USR_21303,Household,12.5,2026-02-11,Free Tier,Active,6.426243474771977,3.4165454672958098,Lekki Phase 1,Lagos
USR_21304,Household,12.5,2026-04-04,Free Tier,Active,6.554896019538383,3.39237657060573,Gbagada Estate,Lagos
USR_21305,Business,25.0,2026-02-01,Free Tier,Active,6.623268119532892,3.369347570297377,Magodo Phase 2,Lagos
USR_21306,Household,6.0,2026-02-01,Free Tier,Active,6.557619494189716,3.4034787536888285,Gbagada Estate,Lagos
USR_21307,Household,12.5,2026-02-11,Premium Paid,Active,6.5464078846849985,3.3977560482407467,Gbagada Estate,Lagos
USR_21308,Household,12.5,2026-02-01,Free Tier,Active,6.419517434013097,3.42386364891084,Lekki Phase 1,Lagos
USR_21309,Household,12.5,2026-01-26,Free Tier,Active,6.423388085958592,3.422452489136774,Lekki Phase 1,Lagos
USR_21310,Household,6.0,2026-04-25,Premium Paid,Active,6.4284492201876855,3.430387086923876,Lekki Phase 1,Lagos
USR_21311,Business,50.0,2026-01-01,Free Tier,Retained,6.429081664451374,3.423559969594366,Lekki Phase 1,Lagos
USR_21312,Household,12.5,2026-02-25,Free Tier,Active,6.552233062515287,3.4073815920636563,Gbagada Estate,Lagos
USR_21313,Household,6.0,2026-04-16,Premium Paid,Active,6.628643718188792,3.3719081058060567,Magodo Phase 2,Lagos
USR_21314,Household,6.0,2026-01-02,Free Tier,Retained,6.5610841917155245,3.397047927203702,Gbagada Estate,Lagos
USR_21315,Household,6.0,2026-03-22,Free Tier,Active,6.560773342870672,3.40485776136587,Gbagada Estate,Lagos
USR_21316,Household,6.0,2026-01-30,Free Tier,Active,6.421877403735257,3.4259228226276717,Lekki Phase 1,Lagos
USR_21317,Household,12.5,2026-04-30,Premium Paid,Active,6.61891285938613,3.3721498533998533,Magodo Phase 2,Lagos
USR_21318,Household,12.5,2026-04-13,Premium Paid,Active,6.550126961537611,3.402911364951199,Gbagada Estate,Lagos
USR_21319,Household,12.5,2026-03-12,Free Tier,Active,6.42269652083585,3.4119181167049217,Lekki Phase 1,Lagos
USR_21320,Household,12.5,2026-02-21,Free Tier,Active,6.432404737069652,3.4153236948767023,Lekki Phase 1,Lagos
USR_21321,Household,12.5,2026-04-01,Premium Paid,Suspended,6.615189647906156,3.370950322411881,Magodo Phase 2,Lagos
USR_21322,Business,50.0,2026-01-09,Free Tier,Active,6.551798010446454,3.397918126549464,Gbagada Estate,Lagos
USR_21323,Household,12.5,2026-01-22,Premium Paid,Active,6.613991400814252,3.385611466652547,Magodo Phase 2,Lagos
USR_21324,Business,25.0,2026-02-03,Free Tier,Active,6.627421261068391,3.3726638813064866,Magodo Phase 2,Lagos
USR_21325,Household,12.5,2026-04-20,Free Tier,Retained,6.619473945145708,3.3751708509873692,Magodo Phase 2,Lagos
USR_21326,Household,12.5,2026-02-18,Free Tier,Active,6.55672489645526,3.3913274613317794,Gbagada Estate,Lagos
USR_21327,Household,6.0,2026-01-01,Premium Paid,Retained,6.421878596275299,3.4290886916566707,Lekki Phase 1,Lagos
USR_21328,Household,12.5,2026-03-14,Free Tier,Active,6.618225098477781,3.3738038999595035,Magodo Phase 2,Lagos
USR_21329,Household,12.5,2026-03-25,Premium Paid,Active,6.630525437019003,3.379462956587996,Magodo Phase 2,Lagos
USR_21330,Household,12.5,2026-02-22,Free Tier,Active,6.551034237586833,3.4020739909144924,Gbagada Estate,Lagos
USR_21331,Household,12.5,2026-03-24,Free Tier,Active,6.544593664307628,3.4031128532002275,Gbagada Estate,Lagos
USR_21332,Household,12.5,2026-04-10,Premium Paid,Active,6.427840320810325,3.428163642945689,Lekki Phase 1,Lagos
USR_21333,Business,25.0,2026-02-09,Free Tier,Active,6.437192753040129,3.4304157709898915,Lekki Phase 1,Lagos
USR_21334,Business,50.0,2026-02-14,Free Tier,Active,6.631285300869107,3.3764433991186777,Magodo Phase 2,Lagos
USR_21335,Household,12.5,2026-03-09,Free Tier,Active,6.620302842282778,3.375500706494613,Magodo Phase 2,Lagos
USR_21336,Household,12.5,2026-01-09,Free Tier,Active,6.557997920066267,3.406079955537424,Gbagada Estate,Lagos
USR_21337,Household,12.5,2026-04-15,Premium Paid,Suspended,6.617239726060002,3.384563863169234,Magodo Phase 2,Lagos
USR_21338,Household,12.5,2026-01-22,Free Tier,Active,6.560503604639398,3.4079771203035647,Gbagada Estate,Lagos
USR_21339,Household,12.5,2026-01-18,Free Tier,Active,6.630705035465634,3.371798746593838,Magodo Phase 2,Lagos
USR_21340,Household,12.5,2026-03-17,Free Tier,Active,6.546319118226881,3.3906448214398317,Gbagada Estate,Lagos
USR_21341,Household,6.0,2026-04-16,Free Tier,Active,6.618924466371565,3.3784836744796904,Magodo Phase 2,Lagos
USR_21342,Business,25.0,2026-02-12,Free Tier,Active,6.629186406521943,3.384185006139631,Magodo Phase 2,Lagos
USR_21343,Household,6.0,2026-02-08,Free Tier,Active,6.625575067687385,3.366312626254961,Magodo Phase 2,Lagos
USR_21344,Household,12.5,2026-03-14,Free Tier,Active,6.42182633553037,3.4138945240770675,Lekki Phase 1,Lagos
USR_21345,Household,6.0,2026-01-06,Free Tier,Active,6.6203664895113805,3.3762270198726747,Magodo Phase 2,Lagos
USR_21346,Household,6.0,2026-03-24,Free Tier,Active,6.613967943571571,3.373169559515913,Magodo Phase 2,Lagos
USR_21347,Household,12.5,2026-02-17,Free Tier,Active,6.4216835934925065,3.4248414033251775,Lekki Phase 1,Lagos
USR_21348,Business,25.0,2026-04-21,Free Tier,Active,6.427385447386486,3.421806352938678,Lekki Phase 1,Lagos
USR_21349,Household,12.5,2026-01-07,Free Tier,Active,6.621653835760669,3.385320394209731,Magodo Phase 2,Lagos
USR_21350,Business,25.0,2026-03-21,Free Tier,Active,6.548494702502431,3.3987332851968777,Gbagada Estate,Lagos
USR_21351,Household,12.5,2026-03-10,Premium Paid,Active,6.627820347367306,3.377336888262691,Magodo Phase 2,Lagos
USR_21352,Household,12.5,2026-01-16,Premium Paid,Active,6.562780417714336,3.395959367112826,Gbagada Estate,Lagos
USR_21353,Household,12.5,2026-01-01,Free Tier,Retained,6.622373516115464,3.3679704463042945,Magodo Phase 2,Lagos
USR_21354,Household,12.5,2026-04-25,Premium Paid,Active,6.5563799822210385,3.3941642393689624,Gbagada Estate,Lagos
USR_21355,Business,50.0,2026-02-06,Free Tier,Active,6.616306180790311,3.37709062585809,Magodo Phase 2,Lagos
USR_21356,Business,25.0,2026-04-13,Premium Paid,Active,6.428746205267598,3.413417432824481,Lekki Phase 1,Lagos
USR_21357,Household,6.0,2026-03-24,Premium Paid,Active,6.558164309069889,3.400875443813017,Gbagada Estate,Lagos
USR_21358,Household,6.0,2026-04-28,Premium Paid,Active,6.61688034565493,3.3755886972430806,Magodo Phase 2,Lagos
USR_21359,Household,12.5,2026-02-06,Premium Paid,Active,6.627506458329571,3.3767887148108255,Magodo Phase 2,Lagos
USR_21360,Business,25.0,2026-03-22,Free Tier,Active,6.426009781523671,3.418346769161619,Lekki Phase 1,Lagos
USR_21361,Household,12.5,2026-03-05,Free Tier,Active,6.556407877332881,3.4071821739662047,Gbagada Estate,Lagos
USR_21362,Household,6.0,2026-03-31,Free Tier,Active,6.5576348968095495,3.3898949180727262,Gbagada Estate,Lagos
USR_21363,Household,12.5,2026-03-27,Free Tier,Active,6.553413699469642,3.406216482630213,Gbagada Estate,Lagos
USR_21364,Household,12.5,2026-03-03,Free Tier,Active,6.419989248516021,3.4316775142427507,Lekki Phase 1,Lagos
USR_21365,Household,12.5,2026-03-13,Free Tier,Active,6.563181387872908,3.3899654896145974,Gbagada Estate,Lagos
USR_21366,Household,12.5,2026-03-02,Free Tier,Active,6.562868266408991,3.395662651805189,Gbagada Estate,Lagos
USR_21367,Business,25.0,2026-02-02,Free Tier,Active,6.629994183341517,3.3745676667542654,Magodo Phase 2,Lagos
USR_21368,Household,12.5,2026-03-07,Free Tier,Active,6.62191710225405,3.3788848618195506,Magodo Phase 2,Lagos
USR_21369,Household,12.5,2026-01-30,Free Tier,Active,6.43358954838552,3.4125757830189647,Lekki Phase 1,Lagos
USR_21370,Business,25.0,2026-04-21,Free Tier,Active,6.556063119910543,3.3921346598819473,Gbagada Estate,Lagos
USR_21371,Household,6.0,2026-01-20,Free Tier,Active,6.620018990357264,3.3731593733231042,Magodo Phase 2,Lagos
USR_21372,Business,50.0,2026-03-01,Free Tier,Active,6.427481206804423,3.4185827282375234,Lekki Phase 1,Lagos
USR_21373,Household,12.5,2026-03-23,Free Tier,Active,6.546347222369013,3.391312574770509,Gbagada Estate,Lagos
USR_21374,Household,12.5,2026-04-17,Free Tier,Active,6.418768759711222,3.421304981706575,Lekki Phase 1,Lagos
USR_21375,Business,25.0,2026-03-15,Free Tier,Active,6.56328895389706,3.3907135044729624,Gbagada Estate,Lagos
USR_21376,Household,12.5,2026-01-24,Free Tier,Active,6.632025289860062,3.380867230294642,Magodo Phase 2,Lagos
USR_21377,Household,12.5,2026-04-30,Premium Paid,Active,6.556949976058683,3.4013055551064713,Gbagada Estate,Lagos
USR_21378,Household,12.5,2026-01-04,Free Tier,Active,6.560734552967926,3.3905383972875964,Gbagada Estate,Lagos
USR_21379,Household,12.5,2026-02-06,Premium Paid,Active,6.554295086471311,3.4023418227652154,Gbagada Estate,Lagos
USR_21380,Household,6.0,2026-01-04,Free Tier,Active,6.555936408901471,3.405055581420466,Gbagada Estate,Lagos
USR_21381,Household,12.5,2026-03-18,Free Tier,Active,6.419545434180227,3.425714020789983,Lekki Phase 1,Lagos
USR_21382,Business,25.0,2026-03-30,Premium Paid,Active,6.554880554607694,3.395983217279599,Gbagada Estate,Lagos
USR_21383,Household,12.5,2026-03-18,Premium Paid,Active,6.42490549964468,3.424316652655484,Lekki Phase 1,Lagos
USR_21384,Household,12.5,2026-01-18,Premium Paid,Active,6.562019907492885,3.398323518522022,Gbagada Estate,Lagos
USR_21385,Household,12.5,2026-03-29,Free Tier,Active,6.560694463281538,3.3964431276368794,Gbagada Estate,Lagos
USR_21386,Household,12.5,2026-03-07,Free Tier,Retained,6.420147889255864,3.4131301147291726,Lekki Phase 1,Lagos
USR_21387,Household,12.5,2026-02-17,Free Tier,Active,6.614126687426474,3.3738030028391535,Magodo Phase 2,Lagos
USR_21388,Business,50.0,2026-02-02,Free Tier,Active,6.619844755016717,3.380558740472451,Magodo Phase 2,Lagos
USR_21389,Household,12.5,2026-02-27,Free Tier,Active,6.432956430031697,3.4129170793766748,Lekki Phase 1,Lagos
USR_21390,Household,12.5,2026-03-24,Free Tier,Active,6.54862246525778,3.393885237003178,Gbagada Estate,Lagos
USR_21391,Household,12.5,2026-03-14,Free Tier,Active,6.6240522396828565,3.369090304478139,Magodo Phase 2,Lagos
USR_21392,Household,12.5,2026-01-28,Free Tier,Active,6.546878824388,3.407275777784159,Gbagada Estate,Lagos
USR_21393,Household,6.0,2026-02-04,Free Tier,Active,6.434184058145956,3.4155130980418233,Lekki Phase 1,Lagos
USR_21394,Household,12.5,2026-04-13,Premium Paid,Retained,6.42623135615811,3.4190124399851514,Lekki Phase 1,Lagos
USR_21395,Household,6.0,2026-01-10,Free Tier,Active,6.628920081481308,3.376404258329562,Magodo Phase 2,Lagos
USR_21396,Household,12.5,2026-03-06,Free Tier,Active,6.61565699473987,3.380979841263125,Magodo Phase 2,Lagos
USR_21397,Household,6.0,2026-02-11,Free Tier,Active,6.5521377595644985,3.393658484952643,Gbagada Estate,Lagos
USR_21398,Household,12.5,2026-03-26,Free Tier,Active,6.620609972440414,3.376155131272138,Magodo Phase 2,Lagos
USR_21399,Household,12.5,2026-01-09,Premium Paid,Active,6.42496231032834,3.4167381154518353,Lekki Phase 1,Lagos
USR_21400,Household,12.5,2026-03-01,Premium Paid,Active,6.42607004057608,3.412283458214998,Lekki Phase 1,Lagos
USR_21401,Household,12.5,2026-04-21,Free Tier,Active,6.433549956921926,3.4153188978713516,Lekki Phase 1,Lagos
USR_21402,Household,6.0,2026-01-15,Premium Paid,Active,6.545078092272613,3.4014739738581015,Gbagada Estate,Lagos
USR_21403,Household,12.5,2026-04-09,Free Tier,Active,6.628578722576473,3.3824765826318566,Magodo Phase 2,Lagos
USR_21404,Household,6.0,2026-02-26,Free Tier,Retained,6.554070183653212,3.3925073636937997,Gbagada Estate,Lagos
USR_21405,Household,12.5,2026-03-10,Premium Paid,Active,6.558944553544996,3.402394261543087,Gbagada Estate,Lagos
USR_21406,Household,12.5,2026-04-15,Free Tier,Retained,6.618025414682063,3.3842681551172555,Magodo Phase 2,Lagos
USR_21407,Household,12.5,2026-01-22,Premium Paid,Active,6.420187429161656,3.4315537647918264,Lekki Phase 1,Lagos
USR_21408,Household,6.0,2026-03-05,Free Tier,Active,6.6303049562195495,3.3799579729095814,Magodo Phase 2,Lagos
USR_21409,Business,25.0,2026-02-10,Free Tier,Active,6.631874997765597,3.3806462233664742,Magodo Phase 2,Lagos
USR_21410,Household,12.5,2026-03-28,Premium Paid,Active,6.616909139940601,3.375043122762256,Magodo Phase 2,Lagos
USR_21411,Household,12.5,2026-03-12,Premium Paid,Active,6.545630060486633,3.3961931484457626,Gbagada Estate,Lagos
USR_21412,Household,12.5,2026-02-25,Free Tier,Active,6.627932060394744,3.3739288670186163,Magodo Phase 2,Lagos
USR_21413,Household,12.5,2026-01-23,Free Tier,Active,6.424705883509362,3.4238071144502062,Lekki Phase 1,Lagos
USR_21414,Household,12.5,2026-04-18,Premium Paid,Active,6.630544090579978,3.367151663850922,Magodo Phase 2,Lagos
USR_21415,Business,25.0,2026-01-25,Free Tier,Active,6.425809408693994,3.415064814836305,Lekki Phase 1,Lagos
USR_21416,Household,12.5,2026-04-01,Free Tier,Active,6.432007085014637,3.4140144912086225,Lekki Phase 1,Lagos
USR_21417,Household,12.5,2026-04-15,Free Tier,Active,6.431396155171605,3.417623617415958,Lekki Phase 1,Lagos
USR_21418,Household,6.0,2026-01-06,Free Tier,Active,6.548178336274744,3.4071270511565,Gbagada Estate,Lagos
USR_21419,Business,25.0,2026-04-29,Free Tier,Active,6.544570491534919,3.3971555454377915,Gbagada Estate,Lagos
USR_21420,Household,6.0,2026-02-03,Free Tier,Active,6.5446325398492355,3.398071860962087,Gbagada Estate,Lagos
USR_21421,Household,12.5,2026-03-04,Free Tier,Retained,6.623120947555888,3.3726332494278948,Magodo Phase 2,Lagos
USR_21422,Household,6.0,2026-01-09,Free Tier,Active,6.5468432355505,3.3959277507546894,Gbagada Estate,Lagos
USR_21423,Household,12.5,2026-03-01,Premium Paid,Active,6.626545258798651,3.381847916172889,Magodo Phase 2,Lagos
USR_21424,Business,25.0,2026-02-18,Free Tier,Active,6.428715012047762,3.423696687888795,Lekki Phase 1,Lagos
USR_21425,Business,50.0,2026-04-07,Free Tier,Active,6.617112327422493,3.3719466066645527,Magodo Phase 2,Lagos
USR_21426,Household,12.5,2026-02-20,Free Tier,Active,6.4213379122010465,3.416885907000092,Lekki Phase 1,Lagos
USR_21427,Business,50.0,2026-03-01,Free Tier,Active,6.617597735604511,3.3765889757278247,Magodo Phase 2,Lagos
USR_21428,Household,12.5,2026-03-11,Free Tier,Active,6.555453775115814,3.40729894841643,Gbagada Estate,Lagos
USR_21429,Business,50.0,2026-02-06,Free Tier,Active,6.42201141294203,3.42473351420323,Lekki Phase 1,Lagos
USR_21430,Household,6.0,2026-01-31,Free Tier,Active,6.62944518537975,3.377404829275661,Magodo Phase 2,Lagos
USR_21431,Household,6.0,2026-04-08,Free Tier,Active,6.618200073050022,3.3714510046004,Magodo Phase 2,Lagos
USR_21432,Household,6.0,2026-02-10,Premium Paid,Active,6.5449850610614195,3.39450888453097,Gbagada Estate,Lagos
USR_21433,Household,12.5,2026-03-03,Free Tier,Suspended,6.559092073580067,3.3893503551441424,Gbagada Estate,Lagos
USR_21434,Household,12.5,2026-04-03,Free Tier,Active,6.548585905650096,3.4025246499706356,Gbagada Estate,Lagos
USR_21435,Household,12.5,2026-02-27,Premium Paid,Active,6.6287530312564575,3.3753063682012385,Magodo Phase 2,Lagos
USR_21436,Household,12.5,2026-01-14,Free Tier,Active,6.558161486769573,3.396159043373098,Gbagada Estate,Lagos
USR_21437,Household,6.0,2026-02-05,Free Tier,Active,6.6162982649004825,3.374162989870458,Magodo Phase 2,Lagos
USR_21438,Household,6.0,2026-02-05,Free Tier,Retained,6.555799356404063,3.407361065637058,Gbagada Estate,Lagos
USR_21439,Household,6.0,2026-04-27,Premium Paid,Active,6.614475019041773,3.376347881876899,Magodo Phase 2,Lagos
USR_21440,Business,25.0,2026-03-20,Free Tier,Active,6.424678395564214,3.4220662338855337,Lekki Phase 1,Lagos
USR_21441,Household,6.0,2026-01-08,Free Tier,Active,6.544679508947531,3.3946605070940317,Gbagada Estate,Lagos
USR_21442,Household,6.0,2026-01-26,Free Tier,Active,6.43449736295054,3.422978834677093,Lekki Phase 1,Lagos
USR_21443,Household,12.5,2026-02-05,Free Tier,Active,6.622111649856322,3.3719105014343067,Magodo Phase 2,Lagos
USR_21444,Business,50.0,2026-02-17,Free Tier,Active,6.4240608504558265,3.4195620286718116,Lekki Phase 1,Lagos
USR_21445,Household,6.0,2026-03-26,Premium Paid,Retained,6.560911414199291,3.4077442641361655,Gbagada Estate,Lagos
USR_21446,Household,6.0,2026-01-28,Free Tier,Active,6.5529731076270075,3.3962670567749553,Gbagada Estate,Lagos
USR_21447,Household,6.0,2026-03-09,Free Tier,Active,6.630031015516397,3.374738106412726,Magodo Phase 2,Lagos
USR_21448,Business,50.0,2026-03-03,Free Tier,Active,6.555240363445913,3.393018833291975,Gbagada Estate,Lagos
USR_21449,Household,12.5,2026-03-21,Free Tier,Active,6.432970050715581,3.4225397663654156,Lekki Phase 1,Lagos
USR_21450,Household,6.0,2026-03-27,Free Tier,Active,6.560380691004807,3.4040146546005734,Gbagada Estate,Lagos
USR_21451,Household,6.0,2026-03-17,Free Tier,Active,6.422400095365401,3.4262127110111553,Lekki Phase 1,Lagos
USR_21452,Business,50.0,2026-03-21,Free Tier,Active,6.560201088159027,3.395322144815648,Gbagada Estate,Lagos
USR_21453,Household,12.5,2026-02-20,Free Tier,Active,6.6165521822580455,3.366252643111592,Magodo Phase 2,Lagos
USR_21454,Household,6.0,2026-04-14,Free Tier,Active,6.5532180730618625,3.3954486546307767,Gbagada Estate,Lagos
USR_21455,Business,50.0,2026-04-12,Free Tier,Active,6.624198196676508,3.3699608218517754,Magodo Phase 2,Lagos
USR_21456,Household,6.0,2026-02-11,Free Tier,Active,6.56139331095333,3.3935551043125622,Gbagada Estate,Lagos
USR_21457,Household,12.5,2026-04-11,Free Tier,Active,6.617628592101753,3.375814281129687,Magodo Phase 2,Lagos
USR_21458,Household,12.5,2026-01-29,Free Tier,Active,6.428077020474885,3.416201704575702,Lekki Phase 1,Lagos
USR_21459,Household,12.5,2026-03-23,Free Tier,Active,6.423537214534518,3.4152941047831047,Lekki Phase 1,Lagos
USR_21460,Household,12.5,2026-01-10,Premium Paid,Active,6.4324692035664635,3.4273017806250814,Lekki Phase 1,Lagos
USR_21461,Household,12.5,2026-04-16,Free Tier,Active,6.427346569949186,3.4261817404537003,Lekki Phase 1,Lagos
USR_21462,Household,12.5,2026-02-08,Free Tier,Retained,6.627818707838749,3.368965510553556,Magodo Phase 2,Lagos
USR_21463,Household,12.5,2026-03-23,Free Tier,Active,6.632423560496691,3.3826206389419284,Magodo Phase 2,Lagos
USR_21464,Business,25.0,2026-01-01,Free Tier,Active,6.422189669223916,3.4156233007149215,Lekki Phase 1,Lagos
USR_21465,Household,12.5,2026-02-08,Free Tier,Active,6.420613222911592,3.4146675712508383,Lekki Phase 1,Lagos
USR_21466,Business,50.0,2026-01-21,Free Tier,Active,6.4330632359805735,3.4212930851390326,Lekki Phase 1,Lagos
USR_21467,Household,6.0,2026-03-06,Free Tier,Active,6.559858683454797,3.403325097887004,Gbagada Estate,Lagos
USR_21468,Business,50.0,2026-01-15,Free Tier,Retained,6.430192254270104,3.4256273321315733,Lekki Phase 1,Lagos
USR_21469,Household,12.5,2026-01-04,Free Tier,Active,6.613467114487583,3.3724355529361003,Magodo Phase 2,Lagos
USR_21470,Household,12.5,2026-03-01,Free Tier,Suspended,6.625856443585188,3.3663868990697248,Magodo Phase 2,Lagos
USR_21471,Household,6.0,2026-03-02,Premium Paid,Retained,6.613759538873651,3.3832377596494076,Magodo Phase 2,Lagos
USR_21472,Business,50.0,2026-01-20,Free Tier,Active,6.557880497233842,3.393707394662407,Gbagada Estate,Lagos
USR_21473,Household,12.5,2026-01-10,Free Tier,Active,6.557959256802374,3.4042491333827853,Gbagada Estate,Lagos
USR_21474,Household,6.0,2026-03-28,Free Tier,Active,6.550335885662202,3.389120747549984,Gbagada Estate,Lagos
USR_21475,Household,12.5,2026-04-15,Premium Paid,Active,6.5628555824937544,3.395303596765913,Gbagada Estate,Lagos
USR_21476,Household,6.0,2026-02-03,Free Tier,Active,6.6152296352656945,3.3760371374278626,Magodo Phase 2,Lagos
USR_21477,Household,6.0,2026-04-20,Premium Paid,Active,6.559569355913283,3.3928329462923514,Gbagada Estate,Lagos
USR_21478,Household,12.5,2026-02-17,Free Tier,Active,6.549589801002667,3.393254299735972,Gbagada Estate,Lagos
USR_21479,Household,12.5,2026-02-02,Free Tier,Active,6.564033461056633,3.392348074674611,Gbagada Estate,Lagos
USR_21480,Household,12.5,2026-04-08,Free Tier,Active,6.429610404339322,3.4304052928331394,Lekki Phase 1,Lagos
USR_21481,Household,6.0,2026-04-13,Premium Paid,Active,6.616037931377556,3.385617083957354,Magodo Phase 2,Lagos
USR_21482,Household,12.5,2026-03-02,Free Tier,Active,6.563149544687913,3.4060914397411652,Gbagada Estate,Lagos
USR_21483,Household,6.0,2026-01-10,Free Tier,Active,6.4223911304265995,3.4245811011202196,Lekki Phase 1,Lagos
USR_21484,Household,6.0,2026-02-23,Free Tier,Active,6.628317829459225,3.3859205585639285,Magodo Phase 2,Lagos
USR_21485,Household,6.0,2026-03-25,Free Tier,Active,6.547808476441627,3.403720517990386,Gbagada Estate,Lagos
USR_21486,Household,12.5,2026-03-06,Premium Paid,Active,6.619876023398542,3.36971252931136,Magodo Phase 2,Lagos
USR_21487,Household,12.5,2026-03-18,Free Tier,Active,6.621527538824277,3.3820767182429723,Magodo Phase 2,Lagos
USR_21488,Household,12.5,2026-01-01,Free Tier,Active,6.427396996074081,3.4226504620040608,Lekki Phase 1,Lagos
USR_21489,Household,12.5,2026-01-05,Free Tier,Active,6.564103188204002,3.3963821859911487,Gbagada Estate,Lagos
USR_21490,Household,6.0,2026-03-21,Premium Paid,Active,6.625408015094185,3.3735048840323074,Magodo Phase 2,Lagos
USR_21491,Household,12.5,2026-01-15,Free Tier,Active,6.425955712926574,3.425812815068908,Lekki Phase 1,Lagos
USR_21492,Household,12.5,2026-04-23,Free Tier,Active,6.631857739521898,3.377047179009846,Magodo Phase 2,Lagos
USR_21493,Household,12.5,2026-01-28,Free Tier,Active,6.628467998578976,3.367984131176339,Magodo Phase 2,Lagos
USR_21494,Household,6.0,2026-04-05,Premium Paid,Active,6.422323160748638,3.4219426328183906,Lekki Phase 1,Lagos
USR_21495,Household,12.5,2026-01-23,Free Tier,Active,6.613500234472576,3.371257099575251,Magodo Phase 2,Lagos
USR_21496,Household,12.5,2026-04-22,Premium Paid,Active,6.428448025796499,3.4121992239651258,Lekki Phase 1,Lagos
USR_21497,Household,12.5,2026-04-19,Free Tier,Active,6.549490925724521,3.3986806163895174,Gbagada Estate,Lagos
USR_21498,Household,12.5,2026-04-17,Free Tier,Active,6.624562984959625,3.384715033861106,Magodo Phase 2,Lagos
USR_21499,Business,25.0,2026-01-17,Free Tier,Active,6.557106912465012,3.3966947160506,Gbagada Estate,Lagos
