user_id,refill_cycle_id,refill_date,cylinder_size_kg,refill_quantity_kg,household_size,meals_per_day,cooking_days_per_week,lpg_primary_fuel,usage_change,festive_period,refill_month,previous_cycle_days,average_previous_cycle_days,number_previous_cycles,actual_cycle_days
USR_20000,USR_20000_C01,2025-03-06,12.5,11.52,6,3,6,0,normal,0,3,,,0,40
USR_20000,USR_20000_C02,2025-04-15,12.5,9.37,6,3,6,0,normal,0,4,40.0,40.0,1,34
USR_20000,USR_20000_C03,2025-05-19,12.5,11.94,6,3,6,0,normal,0,5,34.0,37.0,2,36
USR_20000,USR_20000_C04,2025-06-24,12.5,9.65,6,3,6,0,more,0,6,36.0,36.666666666666664,3,28
USR_20000,USR_20000_C05,2025-07-22,12.5,12.5,6,3,6,0,less,0,7,28.0,34.5,4,55
USR_20002,USR_20002_C01,2025-04-19,6.0,4.98,3,2,7,1,normal,0,4,,,0,15
USR_20002,USR_20002_C02,2025-05-04,6.0,5.88,3,2,7,1,normal,0,5,15.0,15.0,1,19
USR_20002,USR_20002_C03,2025-05-23,6.0,3.93,3,2,7,1,normal,0,5,19.0,17.0,2,12
USR_20002,USR_20002_C04,2025-06-04,6.0,5.88,3,2,7,1,normal,0,6,12.0,15.333333333333334,3,18
USR_20002,USR_20002_C05,2025-06-22,6.0,5.97,3,2,7,1,more,0,6,18.0,16.0,4,17
USR_20003,USR_20003_C01,2025-03-10,6.0,4.55,5,3,5,1,normal,0,3,,,0,11
USR_20003,USR_20003_C02,2025-03-21,6.0,4.54,5,3,5,1,normal,0,3,11.0,11.0,1,14
USR_20003,USR_20003_C03,2025-04-04,6.0,5.86,5,3,5,1,normal,0,4,14.0,12.5,2,17
USR_20003,USR_20003_C04,2025-04-21,6.0,5.67,5,3,5,1,normal,0,4,17.0,14.0,3,17
USR_20003,USR_20003_C05,2025-05-08,6.0,5.62,5,3,5,1,normal,0,5,17.0,14.75,4,16
USR_20003,USR_20003_C06,2025-05-24,6.0,5.78,5,3,5,1,normal,0,5,16.0,15.0,5,16
USR_20003,USR_20003_C07,2025-06-09,6.0,3.61,5,3,5,1,normal,0,6,16.0,15.166666666666666,6,12
USR_20003,USR_20003_C08,2025-06-21,6.0,5.77,5,3,5,1,less,0,6,12.0,14.714285714285714,7,23
USR_20003,USR_20003_C09,2025-07-14,6.0,5.77,5,3,5,1,normal,0,7,23.0,15.75,8,18
USR_20003,USR_20003_C10,2025-08-01,6.0,5.45,5,3,5,1,normal,0,8,18.0,16.0,9,14
USR_20004,USR_20004_C01,2025-03-26,12.5,12.33,5,1,6,1,normal,0,3,,,0,49
USR_20004,USR_20004_C02,2025-05-14,12.5,11.53,5,1,6,1,normal,0,5,49.0,49.0,1,53
USR_20004,USR_20004_C03,2025-07-06,12.5,12.08,5,1,6,1,normal,0,7,53.0,51.0,2,66
USR_20004,USR_20004_C04,2025-09-10,12.5,11.66,5,1,6,1,normal,0,9,66.0,56.0,3,53
USR_20004,USR_20004_C05,2025-11-02,12.5,12.01,5,1,6,1,normal,0,11,53.0,55.25,4,55
USR_20004,USR_20004_C06,2025-12-27,12.5,11.93,5,1,6,1,normal,1,12,55.0,55.2,5,49
USR_20004,USR_20004_C07,2026-02-14,12.5,12.04,5,1,6,1,more,0,2,49.0,54.166666666666664,6,43
USR_20004,USR_20004_C08,2026-03-29,12.5,7.13,5,1,6,1,normal,0,3,43.0,52.57142857142857,7,29
USR_20005,USR_20005_C01,2025-04-19,6.0,5.81,2,2,7,1,normal,0,4,,,0,20
USR_20005,USR_20005_C02,2025-05-09,6.0,5.64,2,2,7,1,more,0,5,20.0,20.0,1,16
USR_20005,USR_20005_C03,2025-05-25,6.0,5.73,2,2,7,1,normal,0,5,16.0,18.0,2,20
USR_20005,USR_20005_C04,2025-06-14,6.0,5.0,2,2,7,1,normal,0,6,20.0,18.666666666666668,3,19
USR_20005,USR_20005_C05,2025-07-03,6.0,5.91,2,2,7,1,more,0,7,19.0,18.75,4,16
USR_20006,USR_20006_C01,2025-01-15,12.5,12.41,8,2,6,1,normal,1,1,,,0,31
USR_20006,USR_20006_C02,2025-02-15,12.5,12.44,8,2,6,1,normal,0,2,31.0,31.0,1,26
USR_20006,USR_20006_C03,2025-03-13,12.5,12.23,8,2,6,1,normal,0,3,26.0,28.5,2,24
USR_20006,USR_20006_C04,2025-04-06,12.5,11.59,8,2,6,1,normal,0,4,24.0,27.0,3,25
USR_20006,USR_20006_C05,2025-05-01,12.5,11.7,8,2,6,1,more,0,5,25.0,26.5,4,19
USR_20008,USR_20008_C01,2025-01-25,12.5,11.72,6,3,6,1,normal,1,1,,,0,23
USR_20008,USR_20008_C02,2025-02-17,12.5,11.74,6,3,6,1,normal,0,2,23.0,23.0,1,23
USR_20008,USR_20008_C03,2025-03-12,12.5,12.13,6,3,6,1,normal,0,3,23.0,23.0,2,22
USR_20008,USR_20008_C04,2025-04-03,12.5,11.77,6,3,6,1,normal,0,4,22.0,22.666666666666668,3,22
USR_20008,USR_20008_C05,2025-04-25,12.5,11.72,6,3,6,1,normal,0,4,22.0,22.5,4,26
USR_20008,USR_20008_C06,2025-05-21,12.5,7.01,6,3,6,1,normal,0,5,26.0,23.2,5,13
USR_20009,USR_20009_C01,2025-02-05,12.5,12.05,6,2,7,1,normal,0,2,,,0,32
USR_20009,USR_20009_C02,2025-03-09,12.5,8.93,6,2,7,1,normal,0,3,32.0,32.0,1,26
USR_20009,USR_20009_C03,2025-04-04,12.5,12.49,6,2,7,1,normal,0,4,26.0,29.0,2,35
USR_20009,USR_20009_C04,2025-05-09,12.5,7.71,6,2,7,1,less,0,5,35.0,31.0,3,26
USR_20009,USR_20009_C05,2025-06-04,12.5,11.84,6,2,7,1,normal,0,6,26.0,29.75,4,30
USR_20009,USR_20009_C06,2025-07-04,12.5,12.38,6,2,7,1,normal,0,7,30.0,29.8,5,31
USR_20010,USR_20010_C01,2025-03-23,6.0,5.76,2,3,7,0,normal,0,3,,,0,24
USR_20010,USR_20010_C02,2025-04-16,6.0,5.92,2,3,7,0,normal,0,4,24.0,24.0,1,20
USR_20010,USR_20010_C03,2025-05-06,6.0,3.73,2,3,7,0,normal,0,5,20.0,22.0,2,15
USR_20010,USR_20010_C04,2025-05-21,6.0,5.54,2,3,7,0,normal,0,5,15.0,19.666666666666668,3,22
USR_20010,USR_20010_C05,2025-06-12,6.0,5.8,2,3,7,0,normal,0,6,22.0,20.25,4,22
USR_20010,USR_20010_C06,2025-07-04,6.0,5.56,2,3,7,0,normal,0,7,22.0,20.6,5,23
USR_20010,USR_20010_C07,2025-07-27,6.0,5.99,2,3,7,0,less,0,7,23.0,21.0,6,28
USR_20010,USR_20010_C08,2025-08-24,6.0,5.55,2,3,7,0,normal,0,8,28.0,22.0,7,23
USR_20010,USR_20010_C09,2025-09-16,6.0,5.84,2,3,7,0,normal,0,9,23.0,22.125,8,19
USR_20012,USR_20012_C01,2025-01-13,6.0,5.7,3,2,7,1,normal,1,1,,,0,20
USR_20012,USR_20012_C02,2025-02-02,6.0,5.69,3,2,7,1,normal,0,2,20.0,20.0,1,18
USR_20012,USR_20012_C03,2025-02-20,6.0,3.71,3,2,7,1,normal,0,2,18.0,19.0,2,12
USR_20012,USR_20012_C04,2025-03-04,6.0,5.99,3,2,7,1,normal,0,3,12.0,16.666666666666668,3,18
USR_20012,USR_20012_C05,2025-03-22,6.0,5.42,3,2,7,1,more,0,3,18.0,17.0,4,15
USR_20013,USR_20013_C01,2025-03-10,12.5,12.31,4,3,7,1,normal,0,3,,,0,27
USR_20013,USR_20013_C02,2025-04-06,12.5,11.94,4,3,7,1,normal,0,4,27.0,27.0,1,28
USR_20013,USR_20013_C03,2025-05-04,12.5,11.57,4,3,7,1,normal,0,5,28.0,27.5,2,35
USR_20013,USR_20013_C04,2025-06-08,12.5,11.73,4,3,7,1,normal,0,6,35.0,30.0,3,31
USR_20013,USR_20013_C05,2025-07-09,12.5,12.19,4,3,7,1,normal,0,7,31.0,30.25,4,36
USR_20013,USR_20013_C06,2025-08-14,12.5,8.74,4,3,7,1,normal,0,8,36.0,31.4,5,21
USR_20013,USR_20013_C07,2025-09-04,12.5,12.39,4,3,7,1,normal,0,9,21.0,29.666666666666668,6,34
USR_20014,USR_20014_C01,2025-03-20,12.5,11.76,7,2,6,0,normal,0,3,,,0,55
USR_20014,USR_20014_C02,2025-05-14,12.5,12.19,7,2,6,0,normal,0,5,55.0,55.0,1,55
USR_20014,USR_20014_C03,2025-07-08,12.5,12.35,7,2,6,0,normal,0,7,55.0,55.0,2,55
USR_20014,USR_20014_C04,2025-09-01,12.5,12.02,7,2,6,0,normal,0,9,55.0,55.0,3,50
USR_20014,USR_20014_C05,2025-10-21,12.5,11.19,7,2,6,0,more,0,10,50.0,53.75,4,38
USR_20014,USR_20014_C06,2025-11-28,12.5,11.25,7,2,6,0,normal,0,11,38.0,50.6,5,51
USR_20014,USR_20014_C07,2026-01-18,12.5,9.87,7,2,6,0,more,1,1,51.0,50.666666666666664,6,26
USR_20014,USR_20014_C08,2026-02-13,12.5,11.84,7,2,6,0,normal,0,2,26.0,47.142857142857146,7,50
USR_20015,USR_20015_C01,2025-03-21,12.5,12.4,5,2,7,1,normal,0,3,,,0,41
USR_20015,USR_20015_C02,2025-05-01,12.5,12.05,5,2,7,1,more,0,5,41.0,41.0,1,39
USR_20015,USR_20015_C03,2025-06-09,12.5,12.18,5,2,7,1,normal,0,6,39.0,40.0,2,43
USR_20015,USR_20015_C04,2025-07-22,12.5,12.21,5,2,7,1,normal,0,7,43.0,41.0,3,42
USR_20015,USR_20015_C05,2025-09-02,12.5,12.45,5,2,7,1,normal,0,9,42.0,41.25,4,40
USR_20015,USR_20015_C06,2025-10-12,12.5,12.23,5,2,7,1,less,0,10,40.0,41.0,5,59
USR_20016,USR_20016_C01,2025-04-25,12.5,11.82,6,3,7,1,normal,0,4,,,0,34
USR_20016,USR_20016_C02,2025-05-29,12.5,11.58,6,3,7,1,more,0,5,34.0,34.0,1,21
USR_20016,USR_20016_C03,2025-06-19,12.5,12.43,6,3,7,1,normal,0,6,21.0,27.5,2,24
USR_20016,USR_20016_C04,2025-07-13,12.5,12.19,6,3,7,1,normal,0,7,24.0,26.333333333333332,3,29
USR_20016,USR_20016_C05,2025-08-11,12.5,12.44,6,3,7,1,normal,0,8,29.0,27.0,4,32
USR_20017,USR_20017_C01,2025-04-17,12.5,9.78,4,2,7,0,normal,0,4,,,0,59
USR_20017,USR_20017_C02,2025-06-15,12.5,7.58,4,2,7,0,normal,0,6,59.0,59.0,1,51
USR_20017,USR_20017_C03,2025-08-05,12.5,8.78,4,2,7,0,normal,0,8,51.0,55.0,2,63
USR_20017,USR_20017_C04,2025-10-07,12.5,9.07,4,2,7,0,normal,0,10,63.0,57.666666666666664,3,49
USR_20017,USR_20017_C05,2025-11-25,12.5,7.82,4,2,7,0,normal,0,11,49.0,55.5,4,58
USR_20017,USR_20017_C06,2026-01-22,12.5,12.32,4,2,7,0,less,1,1,58.0,56.0,5,75
USR_20017,USR_20017_C07,2026-04-07,12.5,11.76,4,2,7,0,less,0,4,75.0,59.166666666666664,6,75
USR_20018,USR_20018_C01,2025-03-27,6.0,5.74,2,2,7,0,less,0,3,,,0,38
USR_20018,USR_20018_C02,2025-05-04,6.0,5.86,2,2,7,0,normal,0,5,38.0,38.0,1,25
USR_20018,USR_20018_C03,2025-05-29,6.0,5.81,2,2,7,0,normal,0,5,25.0,31.5,2,28
USR_20018,USR_20018_C04,2025-06-26,6.0,5.58,2,2,7,0,less,0,6,28.0,30.333333333333332,3,36
USR_20018,USR_20018_C05,2025-08-01,6.0,5.7,2,2,7,0,normal,0,8,36.0,31.75,4,34
USR_20018,USR_20018_C06,2025-09-04,6.0,4.07,2,2,7,0,normal,0,9,34.0,32.2,5,21
USR_20018,USR_20018_C07,2025-09-25,6.0,5.83,2,2,7,0,more,0,9,21.0,30.333333333333332,6,20
USR_20019,USR_20019_C01,2025-01-08,6.0,5.54,3,2,7,1,normal,1,1,,,0,20
USR_20019,USR_20019_C02,2025-01-28,6.0,5.68,3,2,7,1,normal,1,1,20.0,20.0,1,22
USR_20019,USR_20019_C03,2025-02-19,6.0,3.5,3,2,7,1,normal,0,2,22.0,21.0,2,14
USR_20019,USR_20019_C04,2025-03-05,6.0,4.65,3,2,7,1,less,0,3,14.0,18.666666666666668,3,25
USR_20019,USR_20019_C05,2025-03-30,6.0,5.71,3,2,7,1,normal,0,3,25.0,20.25,4,26
USR_20020,USR_20020_C01,2025-02-20,12.5,12.17,3,1,7,1,normal,0,2,,,0,61
USR_20020,USR_20020_C02,2025-04-22,12.5,12.46,3,1,7,1,normal,0,4,61.0,61.0,1,58
USR_20020,USR_20020_C03,2025-06-19,12.5,12.39,3,1,7,1,normal,0,6,58.0,59.5,2,64
USR_20020,USR_20020_C04,2025-08-22,12.5,11.75,3,1,7,1,normal,0,8,64.0,61.0,3,55
USR_20020,USR_20020_C05,2025-10-16,12.5,12.43,3,1,7,1,normal,0,10,55.0,59.5,4,53
USR_20020,USR_20020_C06,2025-12-08,12.5,9.88,3,1,7,1,more,1,12,53.0,58.2,5,37
USR_20021,USR_20021_C01,2025-03-29,12.5,11.95,6,2,7,1,normal,0,3,,,0,35
USR_20021,USR_20021_C02,2025-05-03,12.5,12.09,6,2,7,1,normal,0,5,35.0,35.0,1,48
USR_20021,USR_20021_C03,2025-06-20,12.5,12.14,6,2,7,1,less,0,6,48.0,41.5,2,51
USR_20021,USR_20021_C04,2025-08-10,12.5,11.74,6,2,7,1,normal,0,8,51.0,44.666666666666664,3,33
USR_20021,USR_20021_C05,2025-09-12,12.5,12.31,6,2,7,1,normal,0,9,33.0,41.75,4,42
USR_20022,USR_20022_C01,2025-03-16,12.5,8.08,5,2,4,1,normal,0,3,,,0,27
USR_20022,USR_20022_C02,2025-04-12,12.5,9.82,5,2,4,1,normal,0,4,27.0,27.0,1,37
USR_20022,USR_20022_C03,2025-05-19,12.5,12.39,5,2,4,1,normal,0,5,37.0,32.0,2,44
USR_20022,USR_20022_C04,2025-07-02,12.5,11.87,5,2,4,1,normal,0,7,44.0,36.0,3,32
USR_20022,USR_20022_C05,2025-08-03,12.5,12.44,5,2,4,1,normal,0,8,32.0,35.0,4,43
USR_20022,USR_20022_C06,2025-09-15,12.5,11.55,5,2,4,1,normal,0,9,43.0,36.6,5,37
USR_20022,USR_20022_C07,2025-10-22,12.5,9.97,5,2,4,1,normal,0,10,37.0,36.666666666666664,6,33
USR_20022,USR_20022_C08,2025-11-24,12.5,11.58,5,2,4,1,more,0,11,33.0,36.142857142857146,7,27
USR_20022,USR_20022_C09,2025-12-21,12.5,7.75,5,2,4,1,normal,1,12,27.0,35.0,8,28
USR_20023,USR_20023_C01,2025-02-08,12.5,11.77,6,1,7,1,normal,0,2,,,0,28
USR_20023,USR_20023_C02,2025-03-08,12.5,8.32,6,1,7,1,normal,0,3,28.0,28.0,1,19
USR_20023,USR_20023_C03,2025-03-27,12.5,11.61,6,1,7,1,normal,0,3,19.0,23.5,2,23
USR_20023,USR_20023_C04,2025-04-19,12.5,11.75,6,1,7,1,normal,0,4,23.0,23.333333333333332,3,25
USR_20023,USR_20023_C05,2025-05-14,12.5,12.19,6,1,7,1,normal,0,5,25.0,23.75,4,26
USR_20024,USR_20024_C01,2025-04-27,12.5,11.84,4,3,7,1,normal,0,4,,,0,24
USR_20024,USR_20024_C02,2025-05-21,12.5,12.25,4,3,7,1,normal,0,5,24.0,24.0,1,26
USR_20024,USR_20024_C03,2025-06-16,12.5,12.47,4,3,7,1,more,0,6,26.0,25.0,2,22
USR_20024,USR_20024_C04,2025-07-08,12.5,12.05,4,3,7,1,more,0,7,22.0,24.0,3,22
USR_20025,USR_20025_C01,2025-04-27,12.5,11.56,8,2,7,1,less,0,4,,,0,52
USR_20025,USR_20025_C02,2025-06-18,12.5,12.3,8,2,7,1,normal,0,6,52.0,52.0,1,41
USR_20025,USR_20025_C03,2025-07-29,12.5,12.08,8,2,7,1,normal,0,7,41.0,46.5,2,35
USR_20025,USR_20025_C04,2025-09-02,12.5,11.9,8,2,7,1,normal,0,9,35.0,42.666666666666664,3,39
USR_20026,USR_20026_C01,2025-01-05,12.5,11.85,7,2,7,1,more,1,1,,,0,26
USR_20026,USR_20026_C02,2025-01-31,12.5,12.4,7,2,7,1,more,1,1,26.0,26.0,1,23
USR_20026,USR_20026_C03,2025-02-23,12.5,11.62,7,2,7,1,more,0,2,23.0,24.5,2,27
USR_20026,USR_20026_C04,2025-03-22,12.5,11.87,7,2,7,1,normal,0,3,27.0,25.333333333333332,3,31
USR_20027,USR_20027_C01,2025-02-06,12.5,11.62,6,2,4,1,normal,0,2,,,0,41
USR_20027,USR_20027_C02,2025-03-19,12.5,12.14,6,2,4,1,normal,0,3,41.0,41.0,1,45
USR_20027,USR_20027_C03,2025-05-03,12.5,11.92,6,2,4,1,normal,0,5,45.0,43.0,2,38
USR_20027,USR_20027_C04,2025-06-10,12.5,11.67,6,2,4,1,normal,0,6,38.0,41.333333333333336,3,50
USR_20027,USR_20027_C05,2025-07-30,12.5,12.07,6,2,4,1,normal,0,7,50.0,43.5,4,45
USR_20028,USR_20028_C01,2025-04-01,12.5,11.56,3,2,7,1,normal,0,4,,,0,33
USR_20028,USR_20028_C02,2025-05-04,12.5,10.46,3,2,7,1,normal,0,5,33.0,33.0,1,25
USR_20028,USR_20028_C03,2025-05-29,12.5,11.07,3,2,7,1,more,0,5,25.0,29.0,2,27
USR_20028,USR_20028_C04,2025-06-25,12.5,12.19,3,2,7,1,normal,0,6,27.0,28.333333333333332,3,34
USR_20028,USR_20028_C05,2025-07-29,12.5,12.33,3,2,7,1,less,0,7,34.0,29.75,4,44
USR_20029,USR_20029_C01,2025-01-28,6.0,4.72,3,2,7,1,less,1,1,,,0,21
USR_20029,USR_20029_C02,2025-02-18,6.0,4.58,3,2,7,1,normal,0,2,21.0,21.0,1,15
USR_20029,USR_20029_C03,2025-03-05,6.0,5.89,3,2,7,1,normal,0,3,15.0,18.0,2,20
USR_20029,USR_20029_C04,2025-03-25,6.0,3.67,3,2,7,1,normal,0,3,20.0,18.666666666666668,3,13
USR_20030,USR_20030_C01,2025-02-03,6.0,5.93,1,3,7,1,normal,0,2,,,0,26
USR_20030,USR_20030_C02,2025-03-01,6.0,5.9,1,3,7,1,less,0,3,26.0,26.0,1,32
USR_20030,USR_20030_C03,2025-04-02,6.0,5.56,1,3,7,1,less,0,4,32.0,29.0,2,27
USR_20030,USR_20030_C04,2025-04-29,6.0,4.72,1,3,7,1,normal,0,4,27.0,28.333333333333332,3,22
USR_20030,USR_20030_C05,2025-05-21,6.0,5.71,1,3,7,1,normal,0,5,22.0,26.75,4,25
USR_20030,USR_20030_C06,2025-06-15,6.0,5.9,1,3,7,1,normal,0,6,25.0,26.4,5,24
USR_20031,USR_20031_C01,2025-02-16,6.0,4.27,2,3,6,1,normal,0,2,,,0,16
USR_20031,USR_20031_C02,2025-03-04,6.0,5.92,2,3,6,1,normal,0,3,16.0,16.0,1,20
USR_20031,USR_20031_C03,2025-03-24,6.0,3.44,2,3,6,1,normal,0,3,20.0,18.0,2,14
USR_20031,USR_20031_C04,2025-04-07,6.0,4.17,2,3,6,1,more,0,4,14.0,16.666666666666668,3,12
USR_20031,USR_20031_C05,2025-04-19,6.0,4.5,2,3,6,1,normal,0,4,12.0,15.5,4,15
USR_20032,USR_20032_C01,2025-01-28,6.0,5.81,4,2,6,1,normal,1,1,,,0,18
USR_20032,USR_20032_C02,2025-02-15,6.0,5.16,4,2,6,1,normal,0,2,18.0,18.0,1,19
USR_20032,USR_20032_C03,2025-03-06,6.0,4.15,4,2,6,1,normal,0,3,19.0,18.5,2,15
USR_20032,USR_20032_C04,2025-03-21,6.0,5.57,4,2,6,1,normal,0,3,15.0,17.333333333333332,3,18
USR_20032,USR_20032_C05,2025-04-08,6.0,5.59,4,2,6,1,more,0,4,18.0,17.5,4,17
USR_20032,USR_20032_C06,2025-04-25,6.0,5.54,4,2,6,1,normal,0,4,17.0,17.4,5,18
USR_20032,USR_20032_C07,2025-05-13,6.0,5.57,4,2,6,1,less,0,5,18.0,17.5,6,30
USR_20032,USR_20032_C08,2025-06-12,6.0,5.67,4,2,6,1,less,0,6,30.0,19.285714285714285,7,25
USR_20032,USR_20032_C09,2025-07-07,6.0,5.88,4,2,6,1,normal,0,7,25.0,20.0,8,25
USR_20035,USR_20035_C01,2025-01-31,12.5,12.29,6,2,7,1,normal,1,1,,,0,27
USR_20035,USR_20035_C02,2025-02-27,12.5,8.25,6,2,7,1,normal,0,2,27.0,27.0,1,18
USR_20035,USR_20035_C03,2025-03-17,12.5,11.87,6,2,7,1,more,0,3,18.0,22.5,2,22
USR_20035,USR_20035_C04,2025-04-08,12.5,12.44,6,2,7,1,normal,0,4,22.0,22.333333333333332,3,26
USR_20035,USR_20035_C05,2025-05-04,12.5,11.52,6,2,7,1,normal,0,5,26.0,23.25,4,23
USR_20035,USR_20035_C06,2025-05-27,12.5,11.86,6,2,7,1,normal,0,5,23.0,23.2,5,29
USR_20035,USR_20035_C07,2025-06-25,12.5,11.64,6,2,7,1,normal,0,6,29.0,24.166666666666668,6,27
USR_20035,USR_20035_C08,2025-07-22,12.5,11.54,6,2,7,1,more,0,7,27.0,24.571428571428573,7,19
USR_20036,USR_20036_C01,2025-04-06,12.5,12.15,8,2,7,1,normal,0,4,,,0,23
USR_20036,USR_20036_C02,2025-04-29,12.5,11.8,8,2,7,1,less,0,4,23.0,23.0,1,32
USR_20036,USR_20036_C03,2025-05-31,12.5,11.76,8,2,7,1,normal,0,5,32.0,27.5,2,24
USR_20036,USR_20036_C04,2025-06-24,12.5,11.57,8,2,7,1,normal,0,6,24.0,26.333333333333332,3,24
USR_20036,USR_20036_C05,2025-07-18,12.5,11.68,8,2,7,1,normal,0,7,24.0,25.75,4,22
USR_20036,USR_20036_C06,2025-08-09,12.5,12.18,8,2,7,1,normal,0,8,22.0,25.0,5,24
USR_20036,USR_20036_C07,2025-09-02,12.5,8.73,8,2,7,1,more,0,9,24.0,24.833333333333332,6,13
USR_20036,USR_20036_C08,2025-09-15,12.5,11.61,8,2,7,1,normal,0,9,13.0,23.142857142857142,7,23
USR_20036,USR_20036_C09,2025-10-08,12.5,11.51,8,2,7,1,normal,0,10,23.0,23.125,8,23
USR_20036,USR_20036_C10,2025-10-31,12.5,11.82,8,2,7,1,normal,0,10,23.0,23.11111111111111,9,27
USR_20036,USR_20036_C11,2025-11-27,12.5,12.14,8,2,7,1,normal,0,11,27.0,23.5,10,25
USR_20037,USR_20037_C01,2025-02-19,12.5,11.71,4,2,7,1,normal,0,2,,,0,30
USR_20037,USR_20037_C02,2025-03-21,12.5,11.77,4,2,7,1,normal,0,3,30.0,30.0,1,28
USR_20037,USR_20037_C03,2025-04-18,12.5,12.16,4,2,7,1,normal,0,4,28.0,29.0,2,29
USR_20037,USR_20037_C04,2025-05-17,12.5,7.18,4,2,7,1,normal,0,5,29.0,29.0,3,18
USR_20038,USR_20038_C01,2025-01-15,6.0,5.87,3,2,6,1,normal,1,1,,,0,28
USR_20038,USR_20038_C02,2025-02-12,6.0,5.81,3,2,6,1,normal,0,2,28.0,28.0,1,23
USR_20038,USR_20038_C03,2025-03-07,6.0,5.89,3,2,6,1,normal,0,3,23.0,25.5,2,30
USR_20038,USR_20038_C04,2025-04-06,6.0,5.68,3,2,6,1,normal,0,4,30.0,27.0,3,27
USR_20038,USR_20038_C05,2025-05-03,6.0,5.59,3,2,6,1,normal,0,5,27.0,27.0,4,27
USR_20038,USR_20038_C06,2025-05-30,6.0,5.78,3,2,6,1,normal,0,5,27.0,27.0,5,27
USR_20038,USR_20038_C07,2025-06-26,6.0,5.58,3,2,6,1,normal,0,6,27.0,27.0,6,26
USR_20038,USR_20038_C08,2025-07-22,6.0,5.58,3,2,6,1,normal,0,7,26.0,26.857142857142858,7,30
USR_20038,USR_20038_C09,2025-08-21,6.0,5.61,3,2,6,1,normal,0,8,30.0,27.25,8,27
USR_20038,USR_20038_C10,2025-09-17,6.0,4.36,3,2,6,1,normal,0,9,27.0,27.22222222222222,9,21
USR_20039,USR_20039_C01,2025-02-22,6.0,4.08,3,2,6,1,normal,0,2,,,0,17
USR_20039,USR_20039_C02,2025-03-11,6.0,5.7,3,2,6,1,normal,0,3,17.0,17.0,1,22
USR_20039,USR_20039_C03,2025-04-02,6.0,5.68,3,2,6,1,normal,0,4,22.0,19.5,2,21
USR_20039,USR_20039_C04,2025-04-23,6.0,5.6,3,2,6,1,normal,0,4,21.0,20.0,3,20
USR_20039,USR_20039_C05,2025-05-13,6.0,5.93,3,2,6,1,normal,0,5,20.0,20.0,4,23
USR_20039,USR_20039_C06,2025-06-05,6.0,5.9,3,2,6,1,more,0,6,23.0,20.6,5,17
USR_20039,USR_20039_C07,2025-06-22,6.0,5.71,3,2,6,1,normal,0,6,17.0,20.0,6,18
USR_20039,USR_20039_C08,2025-07-10,6.0,5.84,3,2,6,1,normal,0,7,18.0,19.714285714285715,7,24
USR_20039,USR_20039_C09,2025-08-03,6.0,4.52,3,2,6,1,normal,0,8,24.0,20.25,8,18
USR_20040,USR_20040_C01,2025-04-22,6.0,5.88,2,2,6,1,normal,0,4,,,0,15
USR_20040,USR_20040_C02,2025-05-07,6.0,5.17,2,2,6,1,normal,0,5,15.0,15.0,1,16
USR_20040,USR_20040_C03,2025-05-23,6.0,3.84,2,2,6,1,normal,0,5,16.0,15.5,2,7
USR_20040,USR_20040_C04,2025-05-30,6.0,5.68,2,2,6,1,more,0,5,7.0,12.666666666666666,3,11
USR_20040,USR_20040_C05,2025-06-10,6.0,5.79,2,2,6,1,normal,0,6,11.0,12.25,4,15
USR_20040,USR_20040_C06,2025-06-25,6.0,5.72,2,2,6,1,normal,0,6,15.0,12.8,5,15
USR_20040,USR_20040_C07,2025-07-10,6.0,5.9,2,2,6,1,normal,0,7,15.0,13.166666666666666,6,16
USR_20041,USR_20041_C01,2025-02-01,12.5,10.58,3,2,7,1,less,0,2,,,0,42
USR_20041,USR_20041_C02,2025-03-15,12.5,12.36,3,2,7,1,normal,0,3,42.0,42.0,1,37
USR_20041,USR_20041_C03,2025-04-21,12.5,11.9,3,2,7,1,normal,0,4,37.0,39.5,2,47
USR_20041,USR_20041_C04,2025-06-07,12.5,10.12,3,2,7,1,less,0,6,47.0,42.0,3,36
USR_20041,USR_20041_C05,2025-07-13,12.5,11.59,3,2,7,1,normal,0,7,36.0,40.5,4,38
USR_20041,USR_20041_C06,2025-08-20,12.5,12.23,3,2,7,1,normal,0,8,38.0,40.0,5,32
USR_20041,USR_20041_C07,2025-09-21,12.5,11.65,3,2,7,1,normal,0,9,32.0,38.666666666666664,6,32
USR_20041,USR_20041_C08,2025-10-23,12.5,9.54,3,2,7,1,normal,0,10,32.0,37.714285714285715,7,33
USR_20041,USR_20041_C09,2025-11-25,12.5,11.64,3,2,7,1,normal,0,11,33.0,37.125,8,35
USR_20041,USR_20041_C10,2025-12-30,12.5,11.18,3,2,7,1,normal,1,12,35.0,36.888888888888886,9,35
USR_20041,USR_20041_C11,2026-02-03,12.5,9.56,3,2,7,1,normal,0,2,35.0,36.7,10,26
USR_20042,USR_20042_C01,2025-04-20,6.0,5.71,3,2,7,0,normal,0,4,,,0,32
USR_20042,USR_20042_C02,2025-05-22,6.0,5.53,3,2,7,0,normal,0,5,32.0,32.0,1,39
USR_20042,USR_20042_C03,2025-06-30,6.0,5.76,3,2,7,0,normal,0,6,39.0,35.5,2,36
USR_20042,USR_20042_C04,2025-08-05,6.0,5.76,3,2,7,0,normal,0,8,36.0,35.666666666666664,3,37
USR_20042,USR_20042_C05,2025-09-11,6.0,5.54,3,2,7,0,normal,0,9,37.0,36.0,4,34
USR_20042,USR_20042_C06,2025-10-15,6.0,5.71,3,2,7,0,normal,0,10,34.0,35.6,5,40
USR_20044,USR_20044_C01,2025-04-25,12.5,11.69,4,2,7,1,more,0,4,,,0,30
USR_20044,USR_20044_C02,2025-05-25,12.5,11.91,4,2,7,1,more,0,5,30.0,30.0,1,34
USR_20044,USR_20044_C03,2025-06-28,12.5,12.12,4,2,7,1,normal,0,6,34.0,32.0,2,43
USR_20044,USR_20044_C04,2025-08-10,12.5,11.72,4,2,7,1,more,0,8,43.0,35.666666666666664,3,35
USR_20045,USR_20045_C01,2025-02-08,12.5,11.84,5,1,7,1,normal,0,2,,,0,56
USR_20045,USR_20045_C02,2025-04-05,12.5,8.58,5,1,7,1,normal,0,4,56.0,56.0,1,32
USR_20045,USR_20045_C03,2025-05-07,12.5,12.46,5,1,7,1,normal,0,5,32.0,44.0,2,46
USR_20045,USR_20045_C04,2025-06-22,12.5,11.94,5,1,7,1,less,0,6,46.0,44.666666666666664,3,65
USR_20045,USR_20045_C05,2025-08-26,12.5,12.29,5,1,7,1,normal,0,8,65.0,49.75,4,53
USR_20045,USR_20045_C06,2025-10-18,12.5,11.66,5,1,7,1,normal,0,10,53.0,50.4,5,44
USR_20046,USR_20046_C01,2025-01-22,6.0,5.7,3,2,6,1,normal,1,1,,,0,13
USR_20046,USR_20046_C02,2025-02-04,6.0,5.7,3,2,6,1,normal,0,2,13.0,13.0,1,18
USR_20046,USR_20046_C03,2025-02-22,6.0,5.76,3,2,6,1,normal,0,2,18.0,15.5,2,16
USR_20046,USR_20046_C04,2025-03-10,6.0,4.14,3,2,6,1,more,0,3,16.0,15.666666666666666,3,10
USR_20046,USR_20046_C05,2025-03-20,6.0,5.96,3,2,6,1,normal,0,3,10.0,14.25,4,17
USR_20046,USR_20046_C06,2025-04-06,6.0,5.83,3,2,6,1,more,0,4,17.0,14.8,5,16
USR_20046,USR_20046_C07,2025-04-22,6.0,3.37,3,2,6,1,normal,0,4,16.0,15.0,6,10
USR_20046,USR_20046_C08,2025-05-02,6.0,5.7,3,2,6,1,normal,0,5,10.0,14.285714285714286,7,18
USR_20046,USR_20046_C09,2025-05-20,6.0,5.99,3,2,6,1,normal,0,5,18.0,14.75,8,21
USR_20046,USR_20046_C10,2025-06-10,6.0,5.53,3,2,6,1,normal,0,6,21.0,15.444444444444445,9,16
USR_20046,USR_20046_C11,2025-06-26,6.0,5.85,3,2,6,1,normal,0,6,16.0,15.5,10,17
USR_20047,USR_20047_C01,2025-04-27,12.5,8.22,6,3,7,1,less,0,4,,,0,25
USR_20047,USR_20047_C02,2025-05-22,12.5,12.32,6,3,7,1,normal,0,5,25.0,25.0,1,27
USR_20047,USR_20047_C03,2025-06-18,12.5,12.22,6,3,7,1,normal,0,6,27.0,26.0,2,28
USR_20047,USR_20047_C04,2025-07-16,12.5,11.58,6,3,7,1,normal,0,7,28.0,26.666666666666668,3,27
USR_20047,USR_20047_C05,2025-08-12,12.5,8.96,6,3,7,1,normal,0,8,27.0,26.75,4,23
USR_20047,USR_20047_C06,2025-09-04,12.5,11.54,6,3,7,1,normal,0,9,23.0,26.0,5,27
USR_20047,USR_20047_C07,2025-10-01,12.5,11.81,6,3,7,1,normal,0,10,27.0,26.166666666666668,6,28
USR_20047,USR_20047_C08,2025-10-29,12.5,8.64,6,3,7,1,normal,0,10,28.0,26.428571428571427,7,22
USR_20048,USR_20048_C01,2025-03-03,12.5,11.05,6,2,4,1,normal,0,3,,,0,46
USR_20048,USR_20048_C02,2025-04-18,12.5,10.73,6,2,4,1,more,0,4,46.0,46.0,1,34
USR_20049,USR_20049_C01,2025-04-05,12.5,11.86,4,2,6,1,normal,0,4,,,0,38
USR_20049,USR_20049_C02,2025-05-13,12.5,11.82,4,2,6,1,normal,0,5,38.0,38.0,1,49
USR_20049,USR_20049_C03,2025-07-01,12.5,12.32,4,2,6,1,normal,0,7,49.0,43.5,2,42
USR_20049,USR_20049_C04,2025-08-12,12.5,11.86,4,2,6,1,normal,0,8,42.0,43.0,3,38
USR_20049,USR_20049_C05,2025-09-19,12.5,11.77,4,2,6,1,more,0,9,38.0,41.75,4,33
USR_20049,USR_20049_C06,2025-10-22,12.5,11.63,4,2,6,1,normal,0,10,33.0,40.0,5,36
USR_20051,USR_20051_C01,2025-04-09,6.0,5.79,5,2,7,1,less,0,4,,,0,36
USR_20051,USR_20051_C02,2025-05-15,6.0,5.87,5,2,7,1,normal,0,5,36.0,36.0,1,26
USR_20051,USR_20051_C03,2025-06-10,6.0,4.12,5,2,7,1,less,0,6,26.0,31.0,2,25
USR_20051,USR_20051_C04,2025-07-05,6.0,5.93,5,2,7,1,normal,0,7,25.0,29.0,3,22
USR_20051,USR_20051_C05,2025-07-27,6.0,4.62,5,2,7,1,less,0,7,22.0,27.25,4,28
USR_20054,USR_20054_C01,2025-02-25,12.5,8.03,6,3,4,1,normal,0,2,,,0,24
USR_20054,USR_20054_C02,2025-03-21,12.5,12.23,6,3,4,1,normal,0,3,24.0,24.0,1,37
USR_20054,USR_20054_C03,2025-04-27,12.5,12.0,6,3,4,1,normal,0,4,37.0,30.5,2,39
USR_20054,USR_20054_C04,2025-06-05,12.5,12.44,6,3,4,1,normal,0,6,39.0,33.333333333333336,3,42
USR_20054,USR_20054_C05,2025-07-17,12.5,11.74,6,3,4,1,normal,0,7,42.0,35.5,4,37
USR_20056,USR_20056_C01,2025-01-16,12.5,12.02,4,2,7,1,less,1,1,,,0,36
USR_20056,USR_20056_C02,2025-02-21,12.5,11.91,4,2,7,1,normal,0,2,36.0,36.0,1,38
USR_20056,USR_20056_C03,2025-03-31,12.5,11.99,4,2,7,1,normal,0,3,38.0,37.0,2,39
USR_20056,USR_20056_C04,2025-05-09,12.5,11.67,4,2,7,1,normal,0,5,39.0,37.666666666666664,3,40
USR_20056,USR_20056_C05,2025-06-18,12.5,11.36,4,2,7,1,normal,0,6,40.0,38.25,4,34
USR_20056,USR_20056_C06,2025-07-22,12.5,11.93,4,2,7,1,normal,0,7,34.0,37.4,5,35
USR_20056,USR_20056_C07,2025-08-26,12.5,12.49,4,2,7,1,normal,0,8,35.0,37.0,6,37
USR_20056,USR_20056_C08,2025-10-02,12.5,11.96,4,2,7,1,normal,0,10,37.0,37.0,7,39
USR_20056,USR_20056_C09,2025-11-10,12.5,11.65,4,2,7,1,normal,0,11,39.0,37.25,8,34
USR_20057,USR_20057_C01,2025-02-11,12.5,11.66,4,3,7,1,less,0,2,,,0,46
USR_20057,USR_20057_C02,2025-03-29,12.5,9.69,4,3,7,1,normal,0,3,46.0,46.0,1,25
USR_20057,USR_20057_C03,2025-04-23,12.5,8.59,4,3,7,1,normal,0,4,25.0,35.5,2,24
USR_20057,USR_20057_C04,2025-05-17,12.5,12.48,4,3,7,1,less,0,5,24.0,31.666666666666668,3,34
USR_20057,USR_20057_C05,2025-06-20,12.5,11.83,4,3,7,1,normal,0,6,34.0,32.25,4,32
USR_20057,USR_20057_C06,2025-07-22,12.5,10.36,4,3,7,1,normal,0,7,32.0,32.2,5,26
USR_20057,USR_20057_C07,2025-08-17,12.5,9.56,4,3,7,1,more,0,8,26.0,31.166666666666668,6,22
USR_20057,USR_20057_C08,2025-09-08,12.5,12.29,4,3,7,1,less,0,9,22.0,29.857142857142858,7,40
USR_20057,USR_20057_C09,2025-10-18,12.5,12.09,4,3,7,1,normal,0,10,40.0,31.125,8,33
USR_20057,USR_20057_C10,2025-11-20,12.5,7.96,4,3,7,1,normal,0,11,33.0,31.333333333333332,9,22
USR_20057,USR_20057_C11,2025-12-12,12.5,7.82,4,3,7,1,normal,1,12,22.0,30.4,10,20
USR_20057,USR_20057_C12,2026-01-01,12.5,7.38,4,3,7,1,normal,1,1,20.0,29.454545454545453,11,17
USR_20058,USR_20058_C01,2025-01-26,12.5,10.96,5,3,7,0,more,1,1,,,0,46
USR_20058,USR_20058_C02,2025-03-13,12.5,11.55,5,3,7,0,more,0,3,46.0,46.0,1,52
USR_20058,USR_20058_C03,2025-05-04,12.5,11.34,5,3,7,0,normal,0,5,52.0,49.0,2,47
USR_20058,USR_20058_C04,2025-06-20,12.5,12.37,5,3,7,0,normal,0,6,47.0,48.333333333333336,3,62
USR_20058,USR_20058_C05,2025-08-21,12.5,12.37,5,3,7,0,normal,0,8,62.0,51.75,4,67
USR_20058,USR_20058_C06,2025-10-27,12.5,11.6,5,3,7,0,less,0,10,67.0,54.8,5,75
USR_20059,USR_20059_C01,2025-02-26,12.5,11.74,3,2,7,1,normal,0,2,,,0,41
USR_20059,USR_20059_C02,2025-04-08,12.5,11.05,3,2,7,1,normal,0,4,41.0,41.0,1,40
USR_20059,USR_20059_C03,2025-05-18,12.5,11.75,3,2,7,1,normal,0,5,40.0,40.5,2,36
USR_20059,USR_20059_C04,2025-06-23,12.5,8.39,3,2,7,1,normal,0,6,36.0,39.0,3,25
USR_20059,USR_20059_C05,2025-07-18,12.5,11.64,3,2,7,1,normal,0,7,25.0,35.5,4,38
USR_20060,USR_20060_C01,2025-02-25,12.5,11.55,3,2,7,1,normal,0,2,,,0,46
USR_20060,USR_20060_C02,2025-04-12,12.5,12.16,3,2,7,1,more,0,4,46.0,46.0,1,28
USR_20060,USR_20060_C03,2025-05-10,12.5,11.55,3,2,7,1,normal,0,5,28.0,37.0,2,36
USR_20060,USR_20060_C04,2025-06-15,12.5,12.08,3,2,7,1,normal,0,6,36.0,36.666666666666664,3,34
USR_20060,USR_20060_C05,2025-07-19,12.5,12.28,3,2,7,1,normal,0,7,34.0,36.0,4,36
USR_20060,USR_20060_C06,2025-08-24,12.5,11.81,3,2,7,1,less,0,8,36.0,36.0,5,43
USR_20060,USR_20060_C07,2025-10-06,12.5,11.95,3,2,7,1,normal,0,10,43.0,37.166666666666664,6,37
USR_20061,USR_20061_C01,2025-03-04,6.0,5.86,1,1,7,1,more,0,3,,,0,30
USR_20061,USR_20061_C02,2025-04-03,6.0,5.85,1,1,7,1,less,0,4,30.0,30.0,1,48
USR_20061,USR_20061_C03,2025-05-21,6.0,5.68,1,1,7,1,normal,0,5,48.0,39.0,2,39
USR_20061,USR_20061_C04,2025-06-29,6.0,5.97,1,1,7,1,normal,0,6,39.0,39.0,3,41
USR_20061,USR_20061_C05,2025-08-09,6.0,3.82,1,1,7,1,normal,0,8,41.0,39.5,4,27
USR_20062,USR_20062_C01,2025-01-31,12.5,12.24,6,3,4,1,normal,1,1,,,0,22
USR_20062,USR_20062_C02,2025-02-22,12.5,12.16,6,3,4,1,normal,0,2,22.0,22.0,1,30
USR_20062,USR_20062_C03,2025-03-24,12.5,12.11,6,3,4,1,normal,0,3,30.0,26.0,2,24
USR_20062,USR_20062_C04,2025-04-17,12.5,11.84,6,3,4,1,normal,0,4,24.0,25.333333333333332,3,22
USR_20062,USR_20062_C05,2025-05-09,12.5,12.24,6,3,4,1,normal,0,5,22.0,24.5,4,24
USR_20062,USR_20062_C06,2025-06-02,12.5,12.07,6,3,4,1,normal,0,6,24.0,24.4,5,35
USR_20062,USR_20062_C07,2025-07-07,12.5,11.94,6,3,4,1,normal,0,7,35.0,26.166666666666668,6,23
USR_20063,USR_20063_C01,2025-03-08,6.0,5.8,4,2,5,1,normal,0,3,,,0,19
USR_20063,USR_20063_C02,2025-03-27,6.0,5.88,4,2,5,1,normal,0,3,19.0,19.0,1,21
USR_20063,USR_20063_C03,2025-04-17,6.0,4.82,4,2,5,1,normal,0,4,21.0,20.0,2,18
USR_20063,USR_20063_C04,2025-05-05,6.0,5.77,4,2,5,1,normal,0,5,18.0,19.333333333333332,3,24
USR_20063,USR_20063_C05,2025-05-29,6.0,5.9,4,2,5,1,normal,0,5,24.0,20.5,4,21
USR_20063,USR_20063_C06,2025-06-19,6.0,5.61,4,2,5,1,normal,0,6,21.0,20.6,5,18
USR_20063,USR_20063_C07,2025-07-07,6.0,5.65,4,2,5,1,normal,0,7,18.0,20.166666666666668,6,21
USR_20063,USR_20063_C08,2025-07-28,6.0,5.82,4,2,5,1,normal,0,7,21.0,20.285714285714285,7,18
USR_20064,USR_20064_C01,2025-04-29,6.0,5.56,4,3,7,1,normal,0,4,,,0,14
USR_20064,USR_20064_C02,2025-05-13,6.0,5.67,4,3,7,1,normal,0,5,14.0,14.0,1,9
USR_20064,USR_20064_C03,2025-05-22,6.0,4.68,4,3,7,1,normal,0,5,9.0,11.5,2,11
USR_20064,USR_20064_C04,2025-06-02,6.0,5.98,4,3,7,1,more,0,6,11.0,11.333333333333334,3,10
USR_20064,USR_20064_C05,2025-06-12,6.0,5.56,4,3,7,1,normal,0,6,10.0,11.0,4,12
USR_20064,USR_20064_C06,2025-06-24,6.0,3.76,4,3,7,1,normal,0,6,12.0,11.2,5,8
USR_20064,USR_20064_C07,2025-07-02,6.0,5.8,4,3,7,1,normal,0,7,8.0,10.666666666666666,6,14
USR_20064,USR_20064_C08,2025-07-16,6.0,5.56,4,3,7,1,normal,0,7,14.0,11.142857142857142,7,12
USR_20065,USR_20065_C01,2025-01-12,12.5,7.67,6,2,7,1,less,1,1,,,0,21
USR_20065,USR_20065_C02,2025-02-02,12.5,9.7,6,2,7,1,normal,0,2,21.0,21.0,1,24
USR_20065,USR_20065_C03,2025-02-26,12.5,12.01,6,2,7,1,normal,0,2,24.0,22.5,2,33
USR_20065,USR_20065_C04,2025-03-31,12.5,12.14,6,2,7,1,less,0,3,33.0,26.0,3,32
USR_20065,USR_20065_C05,2025-05-02,12.5,7.94,6,2,7,1,normal,0,5,32.0,27.5,4,24
USR_20066,USR_20066_C01,2025-04-15,6.0,5.77,3,1,4,1,normal,0,4,,,0,26
USR_20066,USR_20066_C02,2025-05-11,6.0,5.77,3,1,4,1,normal,0,5,26.0,26.0,1,23
USR_20066,USR_20066_C03,2025-06-03,6.0,5.57,3,1,4,1,normal,0,6,23.0,24.5,2,24
USR_20066,USR_20066_C04,2025-06-27,6.0,5.77,3,1,4,1,normal,0,6,24.0,24.333333333333332,3,28
USR_20066,USR_20066_C05,2025-07-25,6.0,5.82,3,1,4,1,normal,0,7,28.0,25.25,4,32
USR_20066,USR_20066_C06,2025-08-26,6.0,3.46,3,1,4,1,normal,0,8,32.0,26.6,5,17
USR_20066,USR_20066_C07,2025-09-12,6.0,5.86,3,1,4,1,normal,0,9,17.0,25.0,6,28
USR_20066,USR_20066_C08,2025-10-10,6.0,5.58,3,1,4,1,normal,0,10,28.0,25.428571428571427,7,28
USR_20067,USR_20067_C01,2025-04-25,6.0,5.92,3,1,7,0,normal,0,4,,,0,30
USR_20067,USR_20067_C02,2025-05-25,6.0,5.89,3,1,7,0,normal,0,5,30.0,30.0,1,30
USR_20067,USR_20067_C03,2025-06-24,6.0,4.68,3,1,7,0,normal,0,6,30.0,30.0,2,26
USR_20067,USR_20067_C04,2025-07-20,6.0,5.78,3,1,7,0,normal,0,7,26.0,28.666666666666668,3,30
USR_20067,USR_20067_C05,2025-08-19,6.0,5.61,3,1,7,0,less,0,8,30.0,29.0,4,45
USR_20067,USR_20067_C06,2025-10-03,6.0,5.97,3,1,7,0,normal,0,10,45.0,32.2,5,36
USR_20067,USR_20067_C07,2025-11-08,6.0,5.73,3,1,7,0,normal,0,11,36.0,32.833333333333336,6,26
USR_20067,USR_20067_C08,2025-12-04,6.0,5.6,3,1,7,0,normal,1,12,26.0,31.857142857142858,7,31
USR_20067,USR_20067_C09,2026-01-04,6.0,5.63,3,1,7,0,normal,1,1,31.0,31.75,8,26
USR_20068,USR_20068_C01,2025-03-31,6.0,5.67,2,2,7,1,normal,0,3,,,0,29
USR_20068,USR_20068_C02,2025-04-29,6.0,5.87,2,2,7,1,normal,0,4,29.0,29.0,1,30
USR_20068,USR_20068_C03,2025-05-29,6.0,4.38,2,2,7,1,normal,0,5,30.0,29.5,2,20
USR_20068,USR_20068_C04,2025-06-18,6.0,5.93,2,2,7,1,normal,0,6,20.0,26.333333333333332,3,28
USR_20068,USR_20068_C05,2025-07-16,6.0,5.54,2,2,7,1,less,0,7,28.0,26.75,4,33
USR_20068,USR_20068_C06,2025-08-18,6.0,5.92,2,2,7,1,normal,0,8,33.0,28.0,5,34
USR_20068,USR_20068_C07,2025-09-21,6.0,5.3,2,2,7,1,more,0,9,34.0,29.0,6,21
USR_20068,USR_20068_C08,2025-10-12,6.0,5.71,2,2,7,1,normal,0,10,21.0,27.857142857142858,7,27
USR_20068,USR_20068_C09,2025-11-08,6.0,5.71,2,2,7,1,normal,0,11,27.0,27.75,8,31
USR_20068,USR_20068_C10,2025-12-09,6.0,5.59,2,2,7,1,normal,1,12,31.0,28.11111111111111,9,31
USR_20068,USR_20068_C11,2026-01-09,6.0,5.73,2,2,7,1,normal,1,1,31.0,28.4,10,23
USR_20068,USR_20068_C12,2026-02-01,6.0,5.74,2,2,7,1,normal,0,2,23.0,27.90909090909091,11,26
USR_20070,USR_20070_C01,2025-04-27,12.5,11.62,3,2,7,1,less,0,4,,,0,60
USR_20070,USR_20070_C02,2025-06-26,12.5,12.42,3,2,7,1,normal,0,6,60.0,60.0,1,47
USR_20070,USR_20070_C03,2025-08-12,12.5,12.36,3,2,7,1,normal,0,8,47.0,53.5,2,41
USR_20070,USR_20070_C04,2025-09-22,12.5,11.59,3,2,7,1,more,0,9,41.0,49.333333333333336,3,35
USR_20071,USR_20071_C01,2025-01-04,12.5,12.11,5,1,7,1,normal,1,1,,,0,46
USR_20071,USR_20071_C02,2025-02-19,12.5,8.22,5,1,7,1,normal,0,2,46.0,46.0,1,29
USR_20071,USR_20071_C03,2025-03-20,12.5,12.09,5,1,7,1,normal,0,3,29.0,37.5,2,39
USR_20071,USR_20071_C04,2025-04-28,12.5,12.01,5,1,7,1,normal,0,4,39.0,38.0,3,44
USR_20071,USR_20071_C05,2025-06-11,12.5,10.44,5,1,7,1,normal,0,6,44.0,39.5,4,42
USR_20071,USR_20071_C06,2025-07-23,12.5,12.46,5,1,7,1,more,0,7,42.0,40.0,5,34
USR_20071,USR_20071_C07,2025-08-26,12.5,12.25,5,1,7,1,normal,0,8,34.0,39.0,6,51
USR_20071,USR_20071_C08,2025-10-16,12.5,7.04,5,1,7,1,normal,0,10,51.0,40.714285714285715,7,24
USR_20071,USR_20071_C09,2025-11-09,12.5,11.75,5,1,7,1,normal,0,11,24.0,38.625,8,48
USR_20071,USR_20071_C10,2025-12-27,12.5,12.24,5,1,7,1,normal,1,12,48.0,39.666666666666664,9,44
USR_20071,USR_20071_C11,2026-02-09,12.5,12.16,5,1,7,1,normal,0,2,44.0,40.1,10,42
USR_20071,USR_20071_C12,2026-03-23,12.5,12.16,5,1,7,1,normal,0,3,42.0,40.27272727272727,11,44
USR_20072,USR_20072_C01,2025-02-27,6.0,5.7,3,3,7,1,normal,0,2,,,0,16
USR_20072,USR_20072_C02,2025-03-15,6.0,5.54,3,3,7,1,normal,0,3,16.0,16.0,1,15
USR_20073,USR_20073_C01,2025-04-07,12.5,11.56,5,3,7,1,normal,0,4,,,0,29
USR_20073,USR_20073_C02,2025-05-06,12.5,12.23,5,3,7,1,normal,0,5,29.0,29.0,1,33
USR_20073,USR_20073_C03,2025-06-08,12.5,11.94,5,3,7,1,normal,0,6,33.0,31.0,2,27
USR_20073,USR_20073_C04,2025-07-05,12.5,11.56,5,3,7,1,less,0,7,27.0,29.666666666666668,3,37
USR_20073,USR_20073_C05,2025-08-11,12.5,12.38,5,3,7,1,more,0,8,37.0,31.5,4,21
USR_20073,USR_20073_C06,2025-09-01,12.5,11.55,5,3,7,1,more,0,9,21.0,29.4,5,20
USR_20073,USR_20073_C07,2025-09-21,12.5,7.89,5,3,7,1,normal,0,9,20.0,27.833333333333332,6,19
USR_20073,USR_20073_C08,2025-10-10,12.5,11.67,5,3,7,1,normal,0,10,19.0,26.571428571428573,7,29
USR_20073,USR_20073_C09,2025-11-08,12.5,11.71,5,3,7,1,normal,0,11,29.0,26.875,8,25
USR_20074,USR_20074_C01,2025-01-03,12.5,12.33,6,2,7,1,normal,1,1,,,0,30
USR_20074,USR_20074_C02,2025-02-02,12.5,11.86,6,2,7,1,normal,0,2,30.0,30.0,1,32
USR_20074,USR_20074_C03,2025-03-06,12.5,12.11,6,2,7,1,normal,0,3,32.0,31.0,2,33
USR_20074,USR_20074_C04,2025-04-08,12.5,11.56,6,2,7,1,less,0,4,33.0,31.666666666666668,3,41
USR_20075,USR_20075_C01,2025-02-07,6.0,5.96,4,2,5,1,normal,0,2,,,0,23
USR_20075,USR_20075_C02,2025-03-02,6.0,5.62,4,2,5,1,normal,0,3,23.0,23.0,1,19
USR_20075,USR_20075_C03,2025-03-21,6.0,5.69,4,2,5,1,normal,0,3,19.0,21.0,2,22
USR_20075,USR_20075_C04,2025-04-12,6.0,4.92,4,2,5,1,normal,0,4,22.0,21.333333333333332,3,18
USR_20075,USR_20075_C05,2025-04-30,6.0,5.76,4,2,5,1,normal,0,4,18.0,20.5,4,22
USR_20076,USR_20076_C01,2025-04-05,12.5,9.82,5,1,7,1,normal,0,4,,,0,33
USR_20076,USR_20076_C02,2025-05-08,12.5,11.7,5,1,7,1,normal,0,5,33.0,33.0,1,47
USR_20076,USR_20076_C03,2025-06-24,12.5,12.05,5,1,7,1,normal,0,6,47.0,40.0,2,36
USR_20076,USR_20076_C04,2025-07-30,12.5,12.13,5,1,7,1,more,0,7,36.0,38.666666666666664,3,30
USR_20076,USR_20076_C05,2025-08-29,12.5,11.91,5,1,7,1,normal,0,8,30.0,36.5,4,44
USR_20076,USR_20076_C06,2025-10-12,12.5,12.09,5,1,7,1,normal,0,10,44.0,38.0,5,34
USR_20076,USR_20076_C07,2025-11-15,12.5,11.53,5,1,7,1,normal,0,11,34.0,37.333333333333336,6,44
USR_20076,USR_20076_C08,2025-12-29,12.5,12.0,5,1,7,1,normal,1,12,44.0,38.285714285714285,7,37
USR_20077,USR_20077_C01,2025-01-02,6.0,5.86,3,3,4,1,more,1,1,,,0,13
USR_20077,USR_20077_C02,2025-01-15,6.0,5.91,3,3,4,1,normal,1,1,13.0,13.0,1,15
USR_20077,USR_20077_C03,2025-01-30,6.0,5.06,3,3,4,1,normal,1,1,15.0,14.0,2,12
USR_20078,USR_20078_C01,2025-02-02,12.5,11.95,4,2,7,1,normal,0,2,,,0,37
USR_20078,USR_20078_C02,2025-03-11,12.5,12.48,4,2,7,1,normal,0,3,37.0,37.0,1,43
USR_20078,USR_20078_C03,2025-04-23,12.5,11.68,4,2,7,1,normal,0,4,43.0,40.0,2,45
USR_20078,USR_20078_C04,2025-06-07,12.5,8.39,4,2,7,1,normal,0,6,45.0,41.666666666666664,3,38
USR_20078,USR_20078_C05,2025-07-15,12.5,7.35,4,2,7,1,normal,0,7,38.0,40.75,4,26
USR_20078,USR_20078_C06,2025-08-10,12.5,9.57,4,2,7,1,normal,0,8,26.0,37.8,5,43
USR_20079,USR_20079_C01,2025-03-02,12.5,11.83,2,3,5,1,normal,0,3,,,0,32
USR_20079,USR_20079_C02,2025-04-03,12.5,11.86,2,3,5,1,normal,0,4,32.0,32.0,1,45
USR_20079,USR_20079_C03,2025-05-18,12.5,11.98,2,3,5,1,normal,0,5,45.0,38.5,2,42
USR_20079,USR_20079_C04,2025-06-29,12.5,11.8,2,3,5,1,normal,0,6,42.0,39.666666666666664,3,38
USR_20081,USR_20081_C01,2025-04-08,6.0,5.67,3,2,6,1,normal,0,4,,,0,22
USR_20081,USR_20081_C02,2025-04-30,6.0,5.97,3,2,6,1,normal,0,4,22.0,22.0,1,23
USR_20081,USR_20081_C03,2025-05-23,6.0,5.87,3,2,6,1,normal,0,5,23.0,22.5,2,23
USR_20082,USR_20082_C01,2025-01-08,12.5,11.63,3,2,4,1,less,1,1,,,0,52
USR_20082,USR_20082_C02,2025-03-01,12.5,12.23,3,2,4,1,normal,0,3,52.0,52.0,1,57
USR_20083,USR_20083_C01,2025-04-30,12.5,12.02,4,2,7,1,normal,0,4,,,0,45
USR_20083,USR_20083_C02,2025-06-14,12.5,11.83,4,2,7,1,normal,0,6,45.0,45.0,1,51
USR_20083,USR_20083_C03,2025-08-04,12.5,10.05,4,2,7,1,normal,0,8,51.0,48.0,2,40
USR_20083,USR_20083_C04,2025-09-13,12.5,12.34,4,2,7,1,normal,0,9,40.0,45.333333333333336,3,51
USR_20083,USR_20083_C05,2025-11-03,12.5,12.47,4,2,7,1,more,0,11,51.0,46.75,4,43
USR_20083,USR_20083_C06,2025-12-16,12.5,12.42,4,2,7,1,normal,1,12,43.0,46.0,5,51
USR_20083,USR_20083_C07,2026-02-05,12.5,12.41,4,2,7,1,normal,0,2,51.0,46.833333333333336,6,52
USR_20084,USR_20084_C01,2025-03-24,12.5,11.68,6,2,6,1,normal,0,3,,,0,25
USR_20084,USR_20084_C02,2025-04-18,12.5,11.63,6,2,6,1,less,0,4,25.0,25.0,1,36
USR_20084,USR_20084_C03,2025-05-24,12.5,7.61,6,2,6,1,normal,0,5,36.0,30.5,2,16
USR_20084,USR_20084_C04,2025-06-09,12.5,12.13,6,2,6,1,more,0,6,16.0,25.666666666666668,3,22
USR_20084,USR_20084_C05,2025-07-01,12.5,11.73,6,2,6,1,less,0,7,22.0,24.75,4,34
USR_20085,USR_20085_C01,2025-03-31,12.5,11.78,4,3,6,0,normal,0,3,,,0,48
USR_20085,USR_20085_C02,2025-05-18,12.5,11.87,4,3,6,0,normal,0,5,48.0,48.0,1,58
USR_20085,USR_20085_C03,2025-07-15,12.5,11.94,4,3,6,0,less,0,7,58.0,53.0,2,75
USR_20085,USR_20085_C04,2025-09-28,12.5,11.72,4,3,6,0,normal,0,9,75.0,60.333333333333336,3,57
USR_20085,USR_20085_C05,2025-11-24,12.5,11.51,4,3,6,0,less,0,11,57.0,59.5,4,75
USR_20085,USR_20085_C06,2026-02-07,12.5,11.98,4,3,6,0,more,0,2,75.0,62.6,5,43
USR_20085,USR_20085_C07,2026-03-22,12.5,11.86,4,3,6,0,normal,0,3,43.0,59.333333333333336,6,62
USR_20085,USR_20085_C08,2026-05-23,12.5,11.64,4,3,6,0,normal,0,5,62.0,59.714285714285715,7,60
USR_20085,USR_20085_C09,2026-07-22,12.5,11.92,4,3,6,0,normal,0,7,60.0,59.75,8,66
USR_20085,USR_20085_C10,2026-09-26,12.5,11.84,4,3,6,0,normal,0,9,66.0,60.44444444444444,9,47
USR_20086,USR_20086_C01,2025-01-10,12.5,12.24,2,2,7,1,normal,1,1,,,0,34
USR_20086,USR_20086_C02,2025-02-13,12.5,12.45,2,2,7,1,more,0,2,34.0,34.0,1,28
USR_20087,USR_20087_C01,2025-04-05,6.0,5.67,2,2,7,1,more,0,4,,,0,19
USR_20087,USR_20087_C02,2025-04-24,6.0,5.87,2,2,7,1,normal,0,4,19.0,19.0,1,22
USR_20087,USR_20087_C03,2025-05-16,6.0,5.62,2,2,7,1,normal,0,5,22.0,20.5,2,26
USR_20087,USR_20087_C04,2025-06-11,6.0,5.69,2,2,7,1,normal,0,6,26.0,22.333333333333332,3,23
USR_20087,USR_20087_C05,2025-07-04,6.0,5.67,2,2,7,1,normal,0,7,23.0,22.5,4,24
USR_20087,USR_20087_C06,2025-07-28,6.0,5.85,2,2,7,1,normal,0,7,24.0,22.8,5,27
USR_20087,USR_20087_C07,2025-08-24,6.0,5.72,2,2,7,1,normal,0,8,27.0,23.5,6,24
USR_20087,USR_20087_C08,2025-09-17,6.0,5.62,2,2,7,1,normal,0,9,24.0,23.571428571428573,7,26
USR_20087,USR_20087_C09,2025-10-13,6.0,5.52,2,2,7,1,normal,0,10,26.0,23.875,8,28
USR_20089,USR_20089_C01,2025-01-05,12.5,11.56,4,3,7,1,normal,1,1,,,0,35
USR_20089,USR_20089_C02,2025-02-09,12.5,12.24,4,3,7,1,normal,0,2,35.0,35.0,1,42
USR_20089,USR_20089_C03,2025-03-23,12.5,11.86,4,3,7,1,normal,0,3,42.0,38.5,2,40
USR_20089,USR_20089_C04,2025-05-02,12.5,12.28,4,3,7,1,normal,0,5,40.0,39.0,3,45
USR_20089,USR_20089_C05,2025-06-16,12.5,11.9,4,3,7,1,normal,0,6,45.0,40.5,4,41
USR_20089,USR_20089_C06,2025-07-27,12.5,11.81,4,3,7,1,normal,0,7,41.0,40.6,5,35
USR_20089,USR_20089_C07,2025-08-31,12.5,12.43,4,3,7,1,normal,0,8,35.0,39.666666666666664,6,42
USR_20089,USR_20089_C08,2025-10-12,12.5,12.19,4,3,7,1,normal,0,10,42.0,40.0,7,41
USR_20089,USR_20089_C09,2025-11-22,12.5,12.41,4,3,7,1,more,0,11,41.0,40.125,8,27
USR_20089,USR_20089_C10,2025-12-19,12.5,11.92,4,3,7,1,normal,1,12,27.0,38.666666666666664,9,40
USR_20089,USR_20089_C11,2026-01-28,12.5,12.35,4,3,7,1,normal,1,1,40.0,38.8,10,41
USR_20089,USR_20089_C12,2026-03-10,12.5,11.97,4,3,7,1,normal,0,3,41.0,39.0,11,33
USR_20090,USR_20090_C01,2025-03-25,12.5,8.85,5,3,7,1,less,0,3,,,0,26
USR_20090,USR_20090_C02,2025-04-20,12.5,9.12,5,3,7,1,normal,0,4,26.0,26.0,1,19
USR_20090,USR_20090_C03,2025-05-09,12.5,8.44,5,3,7,1,normal,0,5,19.0,22.5,2,19
USR_20091,USR_20091_C01,2025-02-02,6.0,3.83,3,3,7,1,normal,0,2,,,0,10
USR_20091,USR_20091_C02,2025-02-12,6.0,4.61,3,3,7,1,normal,0,2,10.0,10.0,1,10
USR_20091,USR_20091_C03,2025-02-22,6.0,5.53,3,3,7,1,normal,0,2,10.0,10.0,2,12
USR_20091,USR_20091_C04,2025-03-06,6.0,5.93,3,3,7,1,normal,0,3,12.0,10.666666666666666,3,12
USR_20091,USR_20091_C05,2025-03-18,6.0,5.91,3,3,7,1,normal,0,3,12.0,11.0,4,13
USR_20091,USR_20091_C06,2025-03-31,6.0,5.52,3,3,7,1,normal,0,3,13.0,11.4,5,13
USR_20091,USR_20091_C07,2025-04-13,6.0,4.14,3,3,7,1,more,0,4,13.0,11.666666666666666,6,9
USR_20091,USR_20091_C08,2025-04-22,6.0,4.61,3,3,7,1,less,0,4,9.0,11.285714285714286,7,15
USR_20091,USR_20091_C09,2025-05-07,6.0,3.34,3,3,7,1,less,0,5,15.0,11.75,8,11
USR_20091,USR_20091_C10,2025-05-18,6.0,5.69,3,3,7,1,more,0,5,11.0,11.666666666666666,9,11
USR_20091,USR_20091_C11,2025-05-29,6.0,5.75,3,3,7,1,normal,0,5,11.0,11.6,10,12
USR_20091,USR_20091_C12,2025-06-10,6.0,5.86,3,3,7,1,more,0,6,12.0,11.636363636363637,11,12
USR_20092,USR_20092_C01,2025-03-11,12.5,11.72,6,2,5,1,normal,0,3,,,0,35
USR_20092,USR_20092_C02,2025-04-15,12.5,7.93,6,2,5,1,normal,0,4,35.0,35.0,1,20
USR_20092,USR_20092_C03,2025-05-05,12.5,12.28,6,2,5,1,normal,0,5,20.0,27.5,2,36
USR_20092,USR_20092_C04,2025-06-10,12.5,12.18,6,2,5,1,normal,0,6,36.0,30.333333333333332,3,34
USR_20092,USR_20092_C05,2025-07-14,12.5,11.81,6,2,5,1,normal,0,7,34.0,31.25,4,29
USR_20092,USR_20092_C06,2025-08-12,12.5,12.18,6,2,5,1,less,0,8,29.0,30.8,5,42
USR_20092,USR_20092_C07,2025-09-23,12.5,11.55,6,2,5,1,normal,0,9,42.0,32.666666666666664,6,35
USR_20092,USR_20092_C08,2025-10-28,12.5,7.56,6,2,5,1,normal,0,10,35.0,33.0,7,26
USR_20093,USR_20093_C01,2025-01-16,6.0,4.75,4,2,6,1,normal,1,1,,,0,13
USR_20093,USR_20093_C02,2025-01-29,6.0,5.77,4,2,6,1,normal,1,1,13.0,13.0,1,13
USR_20093,USR_20093_C03,2025-02-11,6.0,5.87,4,2,6,1,normal,0,2,13.0,13.0,2,19
USR_20093,USR_20093_C04,2025-03-02,6.0,5.82,4,2,6,1,normal,0,3,19.0,15.0,3,19
USR_20093,USR_20093_C05,2025-03-21,6.0,5.81,4,2,6,1,normal,0,3,19.0,16.0,4,17
USR_20093,USR_20093_C06,2025-04-07,6.0,5.66,4,2,6,1,less,0,4,17.0,16.2,5,25
USR_20093,USR_20093_C07,2025-05-02,6.0,5.67,4,2,6,1,normal,0,5,25.0,17.666666666666668,6,17
USR_20094,USR_20094_C01,2025-01-25,12.5,11.54,4,3,7,1,more,1,1,,,0,33
USR_20094,USR_20094_C02,2025-02-27,12.5,10.43,4,3,7,1,normal,0,2,33.0,33.0,1,36
USR_20094,USR_20094_C03,2025-04-04,12.5,11.67,4,3,7,1,normal,0,4,36.0,34.5,2,32
USR_20094,USR_20094_C04,2025-05-06,12.5,11.52,4,3,7,1,normal,0,5,32.0,33.666666666666664,3,33
USR_20095,USR_20095_C01,2025-01-12,12.5,11.97,6,2,5,1,normal,1,1,,,0,34
USR_20095,USR_20095_C02,2025-02-15,12.5,8.66,6,2,5,1,normal,0,2,34.0,34.0,1,21
USR_20096,USR_20096_C01,2025-02-16,12.5,12.4,3,1,7,1,less,0,2,,,0,75
USR_20096,USR_20096_C02,2025-05-02,12.5,12.14,3,1,7,1,normal,0,5,75.0,75.0,1,45
USR_20096,USR_20096_C03,2025-06-16,12.5,11.75,3,1,7,1,normal,0,6,45.0,60.0,2,50
USR_20096,USR_20096_C04,2025-08-05,12.5,10.78,3,1,7,1,normal,0,8,50.0,56.666666666666664,3,49
USR_20096,USR_20096_C05,2025-09-23,12.5,11.87,3,1,7,1,normal,0,9,49.0,54.75,4,53
USR_20096,USR_20096_C06,2025-11-15,12.5,12.26,3,1,7,1,normal,0,11,53.0,54.4,5,55
USR_20096,USR_20096_C07,2026-01-09,12.5,9.35,3,1,7,1,normal,1,1,55.0,54.5,6,43
USR_20096,USR_20096_C08,2026-02-21,12.5,11.56,3,1,7,1,normal,0,2,43.0,52.857142857142854,7,54
USR_20096,USR_20096_C09,2026-04-16,12.5,10.25,3,1,7,1,normal,0,4,54.0,53.0,8,44
USR_20097,USR_20097_C01,2025-02-09,6.0,4.71,1,3,7,1,normal,0,2,,,0,17
USR_20097,USR_20097_C02,2025-02-26,6.0,5.69,1,3,7,1,normal,0,2,17.0,17.0,1,19
USR_20097,USR_20097_C03,2025-03-17,6.0,5.89,1,3,7,1,normal,0,3,19.0,18.0,2,18
USR_20097,USR_20097_C04,2025-04-04,6.0,5.6,1,3,7,1,normal,0,4,18.0,18.0,3,19
USR_20097,USR_20097_C05,2025-04-23,6.0,5.71,1,3,7,1,normal,0,4,19.0,18.25,4,17
USR_20097,USR_20097_C06,2025-05-10,6.0,5.97,1,3,7,1,normal,0,5,17.0,18.0,5,19
USR_20098,USR_20098_C01,2025-02-22,12.5,11.57,3,2,7,1,normal,0,2,,,0,53
USR_20098,USR_20098_C02,2025-04-16,12.5,12.31,3,2,7,1,normal,0,4,53.0,53.0,1,48
USR_20098,USR_20098_C03,2025-06-03,12.5,12.33,3,2,7,1,normal,0,6,48.0,50.5,2,58
USR_20098,USR_20098_C04,2025-07-31,12.5,11.92,3,2,7,1,normal,0,7,58.0,53.0,3,47
USR_20098,USR_20098_C05,2025-09-16,12.5,11.92,3,2,7,1,normal,0,9,47.0,51.5,4,48
USR_20098,USR_20098_C06,2025-11-03,12.5,12.01,3,2,7,1,normal,0,11,48.0,50.8,5,44
USR_20098,USR_20098_C07,2025-12-17,12.5,12.47,3,2,7,1,normal,1,12,44.0,49.666666666666664,6,49
USR_20099,USR_20099_C01,2025-02-26,6.0,5.91,4,2,7,1,normal,0,2,,,0,15
USR_20099,USR_20099_C02,2025-03-13,6.0,5.95,4,2,7,1,normal,0,3,15.0,15.0,1,15
USR_20099,USR_20099_C03,2025-03-28,6.0,5.7,4,2,7,1,less,0,3,15.0,15.0,2,14
USR_20099,USR_20099_C04,2025-04-11,6.0,5.94,4,2,7,1,normal,0,4,14.0,14.666666666666666,3,12
USR_20099,USR_20099_C05,2025-04-23,6.0,5.85,4,2,7,1,less,0,4,12.0,14.0,4,15
USR_20099,USR_20099_C06,2025-05-08,6.0,4.55,4,2,7,1,normal,0,5,15.0,14.2,5,10
USR_20099,USR_20099_C07,2025-05-18,6.0,5.93,4,2,7,1,normal,0,5,10.0,13.5,6,13
USR_20099,USR_20099_C08,2025-05-31,6.0,4.67,4,2,7,1,normal,0,5,13.0,13.428571428571429,7,11
USR_20100,USR_20100_C01,2025-03-15,6.0,4.48,3,3,7,1,normal,0,3,,,0,14
USR_20100,USR_20100_C02,2025-03-29,6.0,5.41,3,3,7,1,normal,0,3,14.0,14.0,1,15
USR_20100,USR_20100_C03,2025-04-13,6.0,3.87,3,3,7,1,normal,0,4,15.0,14.5,2,13
USR_20100,USR_20100_C04,2025-04-26,6.0,3.61,3,3,7,1,normal,0,4,13.0,14.0,3,11
USR_20100,USR_20100_C05,2025-05-07,6.0,5.74,3,3,7,1,normal,0,5,11.0,13.25,4,17
USR_20100,USR_20100_C06,2025-05-24,6.0,4.98,3,3,7,1,normal,0,5,17.0,14.0,5,15
USR_20100,USR_20100_C07,2025-06-08,6.0,5.61,3,3,7,1,normal,0,6,15.0,14.166666666666666,6,19
USR_20101,USR_20101_C01,2025-04-16,12.5,12.45,3,2,7,1,normal,0,4,,,0,42
USR_20101,USR_20101_C02,2025-05-28,12.5,11.93,3,2,7,1,normal,0,5,42.0,42.0,1,43
USR_20101,USR_20101_C03,2025-07-10,12.5,10.02,3,2,7,1,normal,0,7,43.0,42.5,2,38
USR_20101,USR_20101_C04,2025-08-17,12.5,12.49,3,2,7,1,more,0,8,38.0,41.0,3,40
USR_20101,USR_20101_C05,2025-09-26,12.5,11.61,3,2,7,1,normal,0,9,40.0,40.75,4,39
USR_20101,USR_20101_C06,2025-11-04,12.5,10.31,3,2,7,1,normal,0,11,39.0,40.4,5,37
USR_20101,USR_20101_C07,2025-12-11,12.5,12.06,3,2,7,1,less,1,12,37.0,39.833333333333336,6,56
USR_20102,USR_20102_C01,2025-02-05,12.5,12.0,5,2,7,1,normal,0,2,,,0,32
USR_20102,USR_20102_C02,2025-03-09,12.5,12.27,5,2,7,1,normal,0,3,32.0,32.0,1,34
USR_20102,USR_20102_C03,2025-04-12,12.5,11.53,5,2,7,1,normal,0,4,34.0,33.0,2,38
USR_20102,USR_20102_C04,2025-05-20,12.5,12.11,5,2,7,1,normal,0,5,38.0,34.666666666666664,3,32
USR_20102,USR_20102_C05,2025-06-21,12.5,12.21,5,2,7,1,less,0,6,32.0,34.0,4,45
USR_20102,USR_20102_C06,2025-08-05,12.5,12.22,5,2,7,1,normal,0,8,45.0,36.2,5,36
USR_20103,USR_20103_C01,2025-03-12,12.5,10.35,3,2,4,1,normal,0,3,,,0,27
USR_20103,USR_20103_C02,2025-04-08,12.5,11.66,3,2,4,1,normal,0,4,27.0,27.0,1,42
USR_20103,USR_20103_C03,2025-05-20,12.5,12.14,3,2,4,1,normal,0,5,42.0,34.5,2,40
USR_20105,USR_20105_C01,2025-01-04,12.5,10.93,5,2,5,1,normal,1,1,,,0,34
USR_20105,USR_20105_C02,2025-02-07,12.5,11.79,5,2,5,1,normal,0,2,34.0,34.0,1,37
USR_20105,USR_20105_C03,2025-03-16,12.5,7.03,5,2,5,1,normal,0,3,37.0,35.5,2,24
USR_20105,USR_20105_C04,2025-04-09,12.5,11.84,5,2,5,1,more,0,4,24.0,31.666666666666668,3,29
USR_20105,USR_20105_C05,2025-05-08,12.5,12.12,5,2,5,1,normal,0,5,29.0,31.0,4,35
USR_20105,USR_20105_C06,2025-06-12,12.5,11.53,5,2,5,1,normal,0,6,35.0,31.8,5,35
USR_20105,USR_20105_C07,2025-07-17,12.5,12.47,5,2,5,1,normal,0,7,35.0,32.333333333333336,6,48
USR_20105,USR_20105_C08,2025-09-03,12.5,12.44,5,2,5,1,more,0,9,48.0,34.57142857142857,7,35
USR_20106,USR_20106_C01,2025-03-05,12.5,11.79,4,1,7,1,normal,0,3,,,0,48
USR_20106,USR_20106_C02,2025-04-22,12.5,11.8,4,1,7,1,normal,0,4,48.0,48.0,1,50
USR_20106,USR_20106_C03,2025-06-11,12.5,12.23,4,1,7,1,normal,0,6,50.0,49.0,2,39
USR_20106,USR_20106_C04,2025-07-20,12.5,11.68,4,1,7,1,normal,0,7,39.0,45.666666666666664,3,46
USR_20106,USR_20106_C05,2025-09-04,12.5,12.03,4,1,7,1,normal,0,9,46.0,45.75,4,44
USR_20106,USR_20106_C06,2025-10-18,12.5,11.81,4,1,7,1,normal,0,10,44.0,45.4,5,51
USR_20106,USR_20106_C07,2025-12-08,12.5,12.21,4,1,7,1,normal,1,12,51.0,46.333333333333336,6,45
USR_20106,USR_20106_C08,2026-01-22,12.5,12.31,4,1,7,1,normal,1,1,45.0,46.142857142857146,7,43
USR_20106,USR_20106_C09,2026-03-06,12.5,9.15,4,1,7,1,normal,0,3,43.0,45.75,8,36
USR_20106,USR_20106_C10,2026-04-11,12.5,12.4,4,1,7,1,normal,0,4,36.0,44.666666666666664,9,50
USR_20106,USR_20106_C11,2026-05-31,12.5,11.99,4,1,7,1,normal,0,5,50.0,45.2,10,46
USR_20107,USR_20107_C01,2025-03-12,6.0,5.78,3,3,6,0,normal,0,3,,,0,24
USR_20107,USR_20107_C02,2025-04-05,6.0,5.99,3,3,6,0,normal,0,4,24.0,24.0,1,23
USR_20107,USR_20107_C03,2025-04-28,6.0,6.0,3,3,6,0,normal,0,4,23.0,23.5,2,30
USR_20107,USR_20107_C04,2025-05-28,6.0,5.89,3,3,6,0,normal,0,5,30.0,25.666666666666668,3,23
USR_20107,USR_20107_C05,2025-06-20,6.0,5.77,3,3,6,0,more,0,6,23.0,25.0,4,19
USR_20107,USR_20107_C06,2025-07-09,6.0,5.94,3,3,6,0,normal,0,7,19.0,23.8,5,25
USR_20107,USR_20107_C07,2025-08-03,6.0,5.89,3,3,6,0,normal,0,8,25.0,24.0,6,22
USR_20107,USR_20107_C08,2025-08-25,6.0,5.71,3,3,6,0,normal,0,8,22.0,23.714285714285715,7,29
USR_20107,USR_20107_C09,2025-09-23,6.0,5.53,3,3,6,0,normal,0,9,29.0,24.375,8,21
USR_20108,USR_20108_C01,2025-02-18,12.5,12.15,4,3,7,1,less,0,2,,,0,36
USR_20108,USR_20108_C02,2025-03-26,12.5,6.88,4,3,7,1,normal,0,3,36.0,36.0,1,25
USR_20108,USR_20108_C03,2025-04-20,12.5,11.8,4,3,7,1,normal,0,4,25.0,30.5,2,44
USR_20108,USR_20108_C04,2025-06-03,12.5,8.49,4,3,7,1,normal,0,6,44.0,35.0,3,28
USR_20108,USR_20108_C05,2025-07-01,12.5,11.89,4,3,7,1,normal,0,7,28.0,33.25,4,44
USR_20108,USR_20108_C06,2025-08-14,12.5,12.42,4,3,7,1,normal,0,8,44.0,35.4,5,35
USR_20108,USR_20108_C07,2025-09-18,12.5,12.44,4,3,7,1,less,0,9,35.0,35.333333333333336,6,50
USR_20108,USR_20108_C08,2025-11-07,12.5,11.88,4,3,7,1,less,0,11,50.0,37.42857142857143,7,52
USR_20108,USR_20108_C09,2025-12-29,12.5,11.14,4,3,7,1,normal,1,12,52.0,39.25,8,34
USR_20108,USR_20108_C10,2026-02-01,12.5,12.46,4,3,7,1,normal,0,2,34.0,38.666666666666664,9,39
USR_20108,USR_20108_C11,2026-03-12,12.5,12.44,4,3,7,1,normal,0,3,39.0,38.7,10,41
USR_20109,USR_20109_C01,2025-03-13,12.5,10.98,5,2,7,1,normal,0,3,,,0,37
USR_20109,USR_20109_C02,2025-04-19,12.5,11.72,5,2,7,1,normal,0,4,37.0,37.0,1,37
USR_20109,USR_20109_C03,2025-05-26,12.5,11.65,5,2,7,1,normal,0,5,37.0,37.0,2,37
USR_20109,USR_20109_C04,2025-07-02,12.5,12.5,5,2,7,1,normal,0,7,37.0,37.0,3,45
USR_20109,USR_20109_C05,2025-08-16,12.5,12.06,5,2,7,1,normal,0,8,45.0,39.0,4,39
USR_20109,USR_20109_C06,2025-09-24,12.5,12.26,5,2,7,1,normal,0,9,39.0,39.0,5,39
USR_20109,USR_20109_C07,2025-11-02,12.5,12.38,5,2,7,1,less,0,11,39.0,39.0,6,54
USR_20109,USR_20109_C08,2025-12-26,12.5,11.84,5,2,7,1,more,1,12,54.0,41.142857142857146,7,29
USR_20109,USR_20109_C09,2026-01-24,12.5,9.44,5,2,7,1,normal,1,1,29.0,39.625,8,28
USR_20110,USR_20110_C01,2025-03-11,6.0,5.38,3,2,7,1,normal,0,3,,,0,19
USR_20110,USR_20110_C02,2025-03-30,6.0,5.92,3,2,7,1,normal,0,3,19.0,19.0,1,19
USR_20110,USR_20110_C03,2025-04-18,6.0,6.0,3,2,7,1,normal,0,4,19.0,19.0,2,25
USR_20110,USR_20110_C04,2025-05-13,6.0,5.74,3,2,7,1,normal,0,5,25.0,21.0,3,17
USR_20111,USR_20111_C01,2025-02-21,6.0,5.87,2,3,7,1,normal,0,2,,,0,13
USR_20111,USR_20111_C02,2025-03-06,6.0,4.27,2,3,7,1,normal,0,3,13.0,13.0,1,11
USR_20111,USR_20111_C03,2025-03-17,6.0,5.94,2,3,7,1,normal,0,3,11.0,12.0,2,16
USR_20111,USR_20111_C04,2025-04-02,6.0,5.64,2,3,7,1,less,0,4,16.0,13.333333333333334,3,21
USR_20111,USR_20111_C05,2025-04-23,6.0,5.65,2,3,7,1,normal,0,4,21.0,15.25,4,16
USR_20113,USR_20113_C01,2025-04-18,6.0,5.71,2,1,7,1,less,0,4,,,0,39
USR_20113,USR_20113_C02,2025-05-27,6.0,3.98,2,1,7,1,normal,0,5,39.0,39.0,1,21
USR_20113,USR_20113_C03,2025-06-17,6.0,5.84,2,1,7,1,normal,0,6,21.0,30.0,2,31
USR_20113,USR_20113_C04,2025-07-18,6.0,6.0,2,1,7,1,normal,0,7,31.0,30.333333333333332,3,28
USR_20113,USR_20113_C05,2025-08-15,6.0,5.79,2,1,7,1,normal,0,8,28.0,29.75,4,27
USR_20113,USR_20113_C06,2025-09-11,6.0,3.41,2,1,7,1,normal,0,9,27.0,29.2,5,17
USR_20113,USR_20113_C07,2025-09-28,6.0,3.5,2,1,7,1,normal,0,9,17.0,27.166666666666668,6,17
USR_20114,USR_20114_C01,2025-02-21,6.0,5.9,6,2,7,1,normal,0,2,,,0,14
USR_20114,USR_20114_C02,2025-03-07,6.0,5.77,6,2,7,1,normal,0,3,14.0,14.0,1,12
USR_20114,USR_20114_C03,2025-03-19,6.0,5.6,6,2,7,1,normal,0,3,12.0,13.0,2,12
USR_20114,USR_20114_C04,2025-03-31,6.0,4.49,6,2,7,1,normal,0,3,12.0,12.666666666666666,3,7
USR_20114,USR_20114_C05,2025-04-07,6.0,5.69,6,2,7,1,normal,0,4,7.0,11.25,4,14
USR_20114,USR_20114_C06,2025-04-21,6.0,5.66,6,2,7,1,normal,0,4,14.0,11.8,5,14
USR_20114,USR_20114_C07,2025-05-05,6.0,5.16,6,2,7,1,more,0,5,14.0,12.166666666666666,6,11
USR_20116,USR_20116_C01,2025-01-13,12.5,11.53,7,2,6,1,normal,1,1,,,0,32
USR_20116,USR_20116_C02,2025-02-14,12.5,12.19,7,2,6,1,normal,0,2,32.0,32.0,1,38
USR_20116,USR_20116_C03,2025-03-24,12.5,11.7,7,2,6,1,normal,0,3,38.0,35.0,2,33
USR_20116,USR_20116_C04,2025-04-26,12.5,11.77,7,2,6,1,normal,0,4,33.0,34.333333333333336,3,34
USR_20116,USR_20116_C05,2025-05-30,12.5,10.6,7,2,6,1,normal,0,5,34.0,34.25,4,29
USR_20116,USR_20116_C06,2025-06-28,12.5,12.29,7,2,6,1,normal,0,6,29.0,33.2,5,31
USR_20117,USR_20117_C01,2025-02-05,12.5,9.49,5,2,7,1,normal,0,2,,,0,26
USR_20117,USR_20117_C02,2025-03-03,12.5,9.57,5,2,7,1,normal,0,3,26.0,26.0,1,29
USR_20117,USR_20117_C03,2025-04-01,12.5,7.17,5,2,7,1,normal,0,4,29.0,27.5,2,23
USR_20117,USR_20117_C04,2025-04-24,12.5,11.85,5,2,7,1,normal,0,4,23.0,26.0,3,34
USR_20117,USR_20117_C05,2025-05-28,12.5,12.15,5,2,7,1,normal,0,5,34.0,28.0,4,38
USR_20119,USR_20119_C01,2025-02-28,12.5,12.24,4,2,6,1,normal,0,2,,,0,44
USR_20119,USR_20119_C02,2025-04-13,12.5,11.66,4,2,6,1,normal,0,4,44.0,44.0,1,36
USR_20119,USR_20119_C03,2025-05-19,12.5,12.12,4,2,6,1,normal,0,5,36.0,40.0,2,42
USR_20119,USR_20119_C04,2025-06-30,12.5,11.59,4,2,6,1,more,0,6,42.0,40.666666666666664,3,33
USR_20119,USR_20119_C05,2025-08-02,12.5,12.15,4,2,6,1,normal,0,8,33.0,38.75,4,42
USR_20119,USR_20119_C06,2025-09-13,12.5,11.79,4,2,6,1,normal,0,9,42.0,39.4,5,48
USR_20120,USR_20120_C01,2025-01-20,12.5,12.49,8,2,7,0,normal,1,1,,,0,41
USR_20120,USR_20120_C02,2025-03-02,12.5,12.26,8,2,7,0,normal,0,3,41.0,41.0,1,48
USR_20120,USR_20120_C03,2025-04-19,12.5,12.0,8,2,7,0,normal,0,4,48.0,44.5,2,46
USR_20120,USR_20120_C04,2025-06-04,12.5,11.99,8,2,7,0,normal,0,6,46.0,45.0,3,42
USR_20120,USR_20120_C05,2025-07-16,12.5,7.96,8,2,7,0,normal,0,7,42.0,44.25,4,30
USR_20120,USR_20120_C06,2025-08-15,12.5,11.85,8,2,7,0,normal,0,8,30.0,41.4,5,47
USR_20120,USR_20120_C07,2025-10-01,12.5,9.32,8,2,7,0,normal,0,10,47.0,42.333333333333336,6,34
USR_20120,USR_20120_C08,2025-11-04,12.5,12.18,8,2,7,0,normal,0,11,34.0,41.142857142857146,7,50
USR_20120,USR_20120_C09,2025-12-24,12.5,12.46,8,2,7,0,normal,1,12,50.0,42.25,8,41
USR_20120,USR_20120_C10,2026-02-03,12.5,11.91,8,2,7,0,normal,0,2,41.0,42.111111111111114,9,44
USR_20122,USR_20122_C01,2025-02-26,6.0,5.93,4,2,7,1,normal,0,2,,,0,26
USR_20122,USR_20122_C02,2025-03-24,6.0,5.63,4,2,7,1,more,0,3,26.0,26.0,1,18
USR_20122,USR_20122_C03,2025-04-11,6.0,5.93,4,2,7,1,normal,0,4,18.0,22.0,2,21
USR_20122,USR_20122_C04,2025-05-02,6.0,5.76,4,2,7,1,less,0,5,21.0,21.666666666666668,3,24
USR_20122,USR_20122_C05,2025-05-26,6.0,5.64,4,2,7,1,more,0,5,24.0,22.25,4,18
USR_20122,USR_20122_C06,2025-06-13,6.0,5.79,4,2,7,1,normal,0,6,18.0,21.4,5,22
USR_20122,USR_20122_C07,2025-07-05,6.0,5.53,4,2,7,1,normal,0,7,22.0,21.5,6,24
USR_20122,USR_20122_C08,2025-07-29,6.0,5.77,4,2,7,1,more,0,7,24.0,21.857142857142858,7,21
USR_20122,USR_20122_C09,2025-08-19,6.0,5.92,4,2,7,1,less,0,8,21.0,21.75,8,27
USR_20122,USR_20122_C10,2025-09-15,6.0,5.57,4,2,7,1,normal,0,9,27.0,22.333333333333332,9,31
USR_20122,USR_20122_C11,2025-10-16,6.0,5.62,4,2,7,1,normal,0,10,31.0,23.2,10,22
USR_20122,USR_20122_C12,2025-11-07,6.0,5.85,4,2,7,1,normal,0,11,22.0,23.09090909090909,11,20
USR_20123,USR_20123_C01,2025-03-02,12.5,12.47,6,2,7,1,normal,0,3,,,0,39
USR_20123,USR_20123_C02,2025-04-10,12.5,11.96,6,2,7,1,normal,0,4,39.0,39.0,1,37
USR_20123,USR_20123_C03,2025-05-17,12.5,11.61,6,2,7,1,more,0,5,37.0,38.0,2,28
USR_20123,USR_20123_C04,2025-06-14,12.5,12.42,6,2,7,1,normal,0,6,28.0,34.666666666666664,3,36
USR_20123,USR_20123_C05,2025-07-20,12.5,7.64,6,2,7,1,normal,0,7,36.0,35.0,4,22
USR_20123,USR_20123_C06,2025-08-11,12.5,11.57,6,2,7,1,more,0,8,22.0,32.4,5,32
USR_20123,USR_20123_C07,2025-09-12,12.5,11.69,6,2,7,1,normal,0,9,32.0,32.333333333333336,6,35
USR_20123,USR_20123_C08,2025-10-17,12.5,11.64,6,2,7,1,normal,0,10,35.0,32.714285714285715,7,37
USR_20123,USR_20123_C09,2025-11-23,12.5,11.95,6,2,7,1,normal,0,11,37.0,33.25,8,35
USR_20123,USR_20123_C10,2025-12-28,12.5,12.34,6,2,7,1,normal,1,12,35.0,33.44444444444444,9,33
USR_20123,USR_20123_C11,2026-01-30,12.5,11.67,6,2,7,1,normal,1,1,33.0,33.4,10,33
USR_20124,USR_20124_C01,2025-03-10,12.5,11.69,4,1,7,0,normal,0,3,,,0,61
USR_20124,USR_20124_C02,2025-05-10,12.5,12.45,4,1,7,0,normal,0,5,61.0,61.0,1,58
USR_20124,USR_20124_C03,2025-07-07,12.5,11.11,4,1,7,0,normal,0,7,58.0,59.5,2,48
USR_20124,USR_20124_C04,2025-08-24,12.5,11.58,4,1,7,0,normal,0,8,48.0,55.666666666666664,3,59
USR_20124,USR_20124_C05,2025-10-22,12.5,12.39,4,1,7,0,normal,0,10,59.0,56.5,4,62
USR_20125,USR_20125_C01,2025-02-14,12.5,9.19,4,2,7,1,normal,0,2,,,0,33
USR_20125,USR_20125_C02,2025-03-19,12.5,12.35,4,2,7,1,normal,0,3,33.0,33.0,1,41
USR_20125,USR_20125_C03,2025-04-29,12.5,11.78,4,2,7,1,normal,0,4,41.0,37.0,2,40
USR_20125,USR_20125_C04,2025-06-08,12.5,12.04,4,2,7,1,more,0,6,40.0,38.0,3,36
USR_20126,USR_20126_C01,2025-03-16,6.0,5.63,2,2,6,1,normal,0,3,,,0,22
USR_20126,USR_20126_C02,2025-04-07,6.0,5.72,2,2,6,1,normal,0,4,22.0,22.0,1,22
USR_20128,USR_20128_C01,2025-03-31,12.5,12.32,7,2,7,1,normal,0,3,,,0,21
USR_20128,USR_20128_C02,2025-04-21,12.5,11.58,7,2,7,1,normal,0,4,21.0,21.0,1,23
USR_20128,USR_20128_C03,2025-05-14,12.5,10.47,7,2,7,1,more,0,5,23.0,22.0,2,16
USR_20129,USR_20129_C01,2025-04-22,12.5,12.02,4,1,7,0,less,0,4,,,0,75
USR_20129,USR_20129_C02,2025-07-06,12.5,11.53,4,1,7,0,normal,0,7,75.0,75.0,1,44
USR_20129,USR_20129_C03,2025-08-19,12.5,11.52,4,1,7,0,less,0,8,44.0,59.5,2,63
USR_20129,USR_20129_C04,2025-10-21,12.5,11.97,4,1,7,0,normal,0,10,63.0,60.666666666666664,3,51
USR_20129,USR_20129_C05,2025-12-11,12.5,11.5,4,1,7,0,more,1,12,51.0,58.25,4,49
USR_20129,USR_20129_C06,2026-01-29,12.5,11.77,4,1,7,0,normal,1,1,49.0,56.4,5,44
USR_20129,USR_20129_C07,2026-03-14,12.5,11.9,4,1,7,0,normal,0,3,44.0,54.333333333333336,6,58
USR_20129,USR_20129_C08,2026-05-11,12.5,10.44,4,1,7,0,normal,0,5,58.0,54.857142857142854,7,45
USR_20130,USR_20130_C01,2025-03-25,6.0,5.8,2,2,7,1,normal,0,3,,,0,16
USR_20130,USR_20130_C02,2025-04-10,6.0,5.64,2,2,7,1,normal,0,4,16.0,16.0,1,20
USR_20130,USR_20130_C03,2025-04-30,6.0,5.12,2,2,7,1,normal,0,4,20.0,18.0,2,18
USR_20130,USR_20130_C04,2025-05-18,6.0,5.85,2,2,7,1,normal,0,5,18.0,18.0,3,17
USR_20131,USR_20131_C01,2025-01-31,6.0,5.93,3,2,7,1,normal,1,1,,,0,23
USR_20131,USR_20131_C02,2025-02-23,6.0,5.98,3,2,7,1,normal,0,2,23.0,23.0,1,26
USR_20131,USR_20131_C03,2025-03-21,6.0,5.73,3,2,7,1,normal,0,3,26.0,24.5,2,23
USR_20131,USR_20131_C04,2025-04-13,6.0,5.87,3,2,7,1,normal,0,4,23.0,24.0,3,23
USR_20131,USR_20131_C05,2025-05-06,6.0,4.0,3,2,7,1,more,0,5,23.0,23.75,4,12
USR_20131,USR_20131_C06,2025-05-18,6.0,5.84,3,2,7,1,normal,0,5,12.0,21.4,5,25
USR_20131,USR_20131_C07,2025-06-12,6.0,5.7,3,2,7,1,more,0,6,25.0,22.0,6,20
USR_20131,USR_20131_C08,2025-07-02,6.0,5.62,3,2,7,1,normal,0,7,20.0,21.714285714285715,7,21
USR_20132,USR_20132_C01,2025-03-20,12.5,11.92,5,1,6,0,normal,0,3,,,0,63
USR_20132,USR_20132_C02,2025-05-22,12.5,11.59,5,1,6,0,more,0,5,63.0,63.0,1,50
USR_20132,USR_20132_C03,2025-07-11,12.5,11.6,5,1,6,0,normal,0,7,50.0,56.5,2,60
USR_20132,USR_20132_C04,2025-09-09,12.5,11.58,5,1,6,0,normal,0,9,60.0,57.666666666666664,3,64
USR_20133,USR_20133_C01,2025-01-10,12.5,11.84,3,3,6,1,normal,1,1,,,0,23
USR_20133,USR_20133_C02,2025-02-02,12.5,12.0,3,3,6,1,normal,0,2,23.0,23.0,1,27
USR_20133,USR_20133_C03,2025-03-01,12.5,12.48,3,3,6,1,normal,0,3,27.0,25.0,2,28
USR_20133,USR_20133_C04,2025-03-29,12.5,11.73,3,3,6,1,normal,0,3,28.0,26.0,3,31
USR_20133,USR_20133_C05,2025-04-29,12.5,12.21,3,3,6,1,more,0,4,31.0,27.25,4,26
USR_20133,USR_20133_C06,2025-05-25,12.5,12.11,3,3,6,1,normal,0,5,26.0,27.0,5,27
USR_20133,USR_20133_C07,2025-06-21,12.5,11.84,3,3,6,1,more,0,6,27.0,27.0,6,21
USR_20135,USR_20135_C01,2025-04-13,12.5,11.71,6,2,6,0,normal,0,4,,,0,43
USR_20135,USR_20135_C02,2025-05-26,12.5,12.49,6,2,6,0,normal,0,5,43.0,43.0,1,54
USR_20135,USR_20135_C03,2025-07-19,12.5,12.22,6,2,6,0,normal,0,7,54.0,48.5,2,53
USR_20135,USR_20135_C04,2025-09-10,12.5,12.17,6,2,6,0,normal,0,9,53.0,50.0,3,47
USR_20135,USR_20135_C05,2025-10-27,12.5,11.51,6,2,6,0,normal,0,10,47.0,49.25,4,53
USR_20136,USR_20136_C01,2025-01-31,6.0,5.71,4,3,5,0,normal,1,1,,,0,28
USR_20136,USR_20136_C02,2025-02-28,6.0,3.73,4,3,5,0,normal,0,2,28.0,28.0,1,16
USR_20136,USR_20136_C03,2025-03-16,6.0,5.88,4,3,5,0,normal,0,3,16.0,22.0,2,27
USR_20136,USR_20136_C04,2025-04-12,6.0,4.88,4,3,5,0,normal,0,4,27.0,23.666666666666668,3,19
USR_20136,USR_20136_C05,2025-05-01,6.0,5.9,4,3,5,0,normal,0,5,19.0,22.5,4,29
USR_20136,USR_20136_C06,2025-05-30,6.0,5.77,4,3,5,0,normal,0,5,29.0,23.8,5,26
USR_20136,USR_20136_C07,2025-06-25,6.0,5.55,4,3,5,0,normal,0,6,26.0,24.166666666666668,6,29
USR_20136,USR_20136_C08,2025-07-24,6.0,3.97,4,3,5,0,normal,0,7,29.0,24.857142857142858,7,21
USR_20136,USR_20136_C09,2025-08-14,6.0,5.78,4,3,5,0,normal,0,8,21.0,24.375,8,24
USR_20136,USR_20136_C10,2025-09-07,6.0,5.74,4,3,5,0,normal,0,9,24.0,24.333333333333332,9,26
USR_20136,USR_20136_C11,2025-10-03,6.0,4.11,4,3,5,0,less,0,10,26.0,24.5,10,26
USR_20136,USR_20136_C12,2025-10-29,6.0,5.86,4,3,5,0,normal,0,10,26.0,24.636363636363637,11,30
USR_20137,USR_20137_C01,2025-03-02,12.5,11.91,6,3,7,0,more,0,3,,,0,32
USR_20137,USR_20137_C02,2025-04-03,12.5,12.36,6,3,7,0,normal,0,4,32.0,32.0,1,45
USR_20137,USR_20137_C03,2025-05-18,12.5,12.17,6,3,7,0,less,0,5,45.0,38.5,2,54
USR_20137,USR_20137_C04,2025-07-11,12.5,11.97,6,3,7,0,normal,0,7,54.0,43.666666666666664,3,38
USR_20137,USR_20137_C05,2025-08-18,12.5,12.09,6,3,7,0,normal,0,8,38.0,42.25,4,44
USR_20137,USR_20137_C06,2025-10-01,12.5,12.01,6,3,7,0,normal,0,10,44.0,42.6,5,38
USR_20137,USR_20137_C07,2025-11-08,12.5,11.5,6,3,7,0,normal,0,11,38.0,41.833333333333336,6,35
USR_20137,USR_20137_C08,2025-12-13,12.5,12.03,6,3,7,0,normal,1,12,35.0,40.857142857142854,7,36
USR_20137,USR_20137_C09,2026-01-18,12.5,11.82,6,3,7,0,normal,1,1,36.0,40.25,8,34
USR_20137,USR_20137_C10,2026-02-21,12.5,11.68,6,3,7,0,normal,0,2,34.0,39.55555555555556,9,38
USR_20138,USR_20138_C01,2025-01-14,12.5,11.79,4,1,7,1,normal,1,1,,,0,41
USR_20138,USR_20138_C02,2025-02-24,12.5,12.17,4,1,7,1,normal,0,2,41.0,41.0,1,37
USR_20138,USR_20138_C03,2025-04-02,12.5,11.21,4,1,7,1,normal,0,4,37.0,39.0,2,37
USR_20138,USR_20138_C04,2025-05-09,12.5,12.22,4,1,7,1,normal,0,5,37.0,38.333333333333336,3,40
USR_20138,USR_20138_C05,2025-06-18,12.5,12.29,4,1,7,1,normal,0,6,40.0,38.75,4,40
USR_20138,USR_20138_C06,2025-07-28,12.5,11.79,4,1,7,1,normal,0,7,40.0,39.0,5,35
USR_20138,USR_20138_C07,2025-09-01,12.5,11.71,4,1,7,1,normal,0,9,35.0,38.333333333333336,6,36
USR_20138,USR_20138_C08,2025-10-07,12.5,9.24,4,1,7,1,less,0,10,36.0,38.0,7,37
USR_20138,USR_20138_C09,2025-11-13,12.5,9.73,4,1,7,1,normal,0,11,37.0,37.875,8,40
USR_20138,USR_20138_C10,2025-12-23,12.5,12.01,4,1,7,1,normal,1,12,40.0,38.111111111111114,9,38
USR_20138,USR_20138_C11,2026-01-30,12.5,12.39,4,1,7,1,normal,1,1,38.0,38.1,10,38
USR_20141,USR_20141_C01,2025-02-10,6.0,5.78,4,2,7,1,less,0,2,,,0,24
USR_20141,USR_20141_C02,2025-03-06,6.0,5.8,4,2,7,1,normal,0,3,24.0,24.0,1,24
USR_20141,USR_20141_C03,2025-03-30,6.0,5.54,4,2,7,1,normal,0,3,24.0,24.0,2,19
USR_20141,USR_20141_C04,2025-04-18,6.0,5.7,4,2,7,1,normal,0,4,19.0,22.333333333333332,3,21
USR_20141,USR_20141_C05,2025-05-09,6.0,5.8,4,2,7,1,more,0,5,21.0,22.0,4,14
USR_20141,USR_20141_C06,2025-05-23,6.0,5.99,4,2,7,1,normal,0,5,14.0,20.4,5,21
USR_20141,USR_20141_C07,2025-06-13,6.0,5.59,4,2,7,1,normal,0,6,21.0,20.5,6,19
USR_20141,USR_20141_C08,2025-07-02,6.0,5.68,4,2,7,1,normal,0,7,19.0,20.285714285714285,7,19
USR_20142,USR_20142_C01,2025-03-03,12.5,11.96,5,3,7,1,normal,0,3,,,0,30
USR_20142,USR_20142_C02,2025-04-02,12.5,12.31,5,3,7,1,normal,0,4,30.0,30.0,1,36
USR_20142,USR_20142_C03,2025-05-08,12.5,11.02,5,3,7,1,normal,0,5,36.0,33.0,2,35
USR_20142,USR_20142_C04,2025-06-12,12.5,9.88,5,3,7,1,less,0,6,35.0,33.666666666666664,3,39
USR_20142,USR_20142_C05,2025-07-21,12.5,12.25,5,3,7,1,normal,0,7,39.0,35.0,4,35
USR_20142,USR_20142_C06,2025-08-25,12.5,12.22,5,3,7,1,more,0,8,35.0,35.0,5,26
USR_20143,USR_20143_C01,2025-01-13,6.0,5.95,4,2,7,1,normal,1,1,,,0,16
USR_20143,USR_20143_C02,2025-01-29,6.0,5.64,4,2,7,1,normal,1,1,16.0,16.0,1,15
USR_20143,USR_20143_C03,2025-02-13,6.0,5.77,4,2,7,1,normal,0,2,15.0,15.5,2,18
USR_20143,USR_20143_C04,2025-03-03,6.0,6.0,4,2,7,1,more,0,3,18.0,16.333333333333332,3,14
USR_20143,USR_20143_C05,2025-03-17,6.0,5.62,4,2,7,1,normal,0,3,14.0,15.75,4,16
USR_20143,USR_20143_C06,2025-04-02,6.0,5.64,4,2,7,1,normal,0,4,16.0,15.8,5,16
USR_20143,USR_20143_C07,2025-04-18,6.0,5.68,4,2,7,1,normal,0,4,16.0,15.833333333333334,6,15
USR_20143,USR_20143_C08,2025-05-03,6.0,5.57,4,2,7,1,normal,0,5,15.0,15.714285714285714,7,18
USR_20144,USR_20144_C01,2025-04-05,12.5,9.2,3,2,7,1,normal,0,4,,,0,33
USR_20144,USR_20144_C02,2025-05-08,12.5,11.8,3,2,7,1,normal,0,5,33.0,33.0,1,52
USR_20144,USR_20144_C03,2025-06-29,12.5,12.42,3,2,7,1,normal,0,6,52.0,42.5,2,68
USR_20144,USR_20144_C04,2025-09-05,12.5,12.3,3,2,7,1,normal,0,9,68.0,51.0,3,62
USR_20144,USR_20144_C05,2025-11-06,12.5,12.02,3,2,7,1,normal,0,11,62.0,53.75,4,51
USR_20144,USR_20144_C06,2025-12-27,12.5,11.76,3,2,7,1,normal,1,12,51.0,53.2,5,43
USR_20144,USR_20144_C07,2026-02-08,12.5,7.11,3,2,7,1,more,0,2,43.0,51.5,6,29
USR_20145,USR_20145_C01,2025-01-31,12.5,10.99,4,2,6,0,normal,1,1,,,0,48
USR_20145,USR_20145_C02,2025-03-20,12.5,11.52,4,2,6,0,normal,0,3,48.0,48.0,1,57
USR_20145,USR_20145_C03,2025-05-16,12.5,11.84,4,2,6,0,normal,0,5,57.0,52.5,2,54
USR_20145,USR_20145_C04,2025-07-09,12.5,11.65,4,2,6,0,normal,0,7,54.0,53.0,3,46
USR_20145,USR_20145_C05,2025-08-24,12.5,12.22,4,2,6,0,normal,0,8,46.0,51.25,4,51
USR_20145,USR_20145_C06,2025-10-14,12.5,7.11,4,2,6,0,normal,0,10,51.0,51.2,5,29
USR_20145,USR_20145_C07,2025-11-12,12.5,12.04,4,2,6,0,normal,0,11,29.0,47.5,6,51
USR_20145,USR_20145_C08,2026-01-02,12.5,11.94,4,2,6,0,less,1,1,51.0,48.0,7,58
USR_20145,USR_20145_C09,2026-03-01,12.5,11.62,4,2,6,0,normal,0,3,58.0,49.25,8,58
USR_20145,USR_20145_C10,2026-04-28,12.5,11.94,4,2,6,0,normal,0,4,58.0,50.22222222222222,9,62
USR_20145,USR_20145_C11,2026-06-29,12.5,12.21,4,2,6,0,normal,0,6,62.0,51.4,10,57
USR_20146,USR_20146_C01,2025-01-03,12.5,8.81,2,1,7,1,less,1,1,,,0,63
USR_20146,USR_20146_C02,2025-03-07,12.5,12.18,2,1,7,1,more,0,3,63.0,63.0,1,53
USR_20146,USR_20146_C03,2025-04-29,12.5,12.11,2,1,7,1,normal,0,4,53.0,58.0,2,56
USR_20147,USR_20147_C01,2025-03-08,6.0,5.76,3,2,6,1,normal,0,3,,,0,23
USR_20147,USR_20147_C02,2025-03-31,6.0,4.62,3,2,6,1,normal,0,3,23.0,23.0,1,20
USR_20147,USR_20147_C03,2025-04-20,6.0,5.81,3,2,6,1,normal,0,4,20.0,21.5,2,29
USR_20148,USR_20148_C01,2025-02-04,12.5,11.95,4,3,7,1,normal,0,2,,,0,41
USR_20148,USR_20148_C02,2025-03-17,12.5,11.81,4,3,7,1,normal,0,3,41.0,41.0,1,37
USR_20148,USR_20148_C03,2025-04-23,12.5,11.89,4,3,7,1,normal,0,4,37.0,39.0,2,33
USR_20148,USR_20148_C04,2025-05-26,12.5,10.56,4,3,7,1,normal,0,5,33.0,37.0,3,28
USR_20148,USR_20148_C05,2025-06-23,12.5,9.2,4,3,7,1,normal,0,6,28.0,34.75,4,22
USR_20148,USR_20148_C06,2025-07-15,12.5,9.21,4,3,7,1,normal,0,7,22.0,32.2,5,27
USR_20149,USR_20149_C01,2025-02-06,6.0,5.7,2,3,7,1,normal,0,2,,,0,18
USR_20149,USR_20149_C02,2025-02-24,6.0,5.55,2,3,7,1,normal,0,2,18.0,18.0,1,17
USR_20149,USR_20149_C03,2025-03-13,6.0,5.54,2,3,7,1,more,0,3,17.0,17.5,2,14
USR_20149,USR_20149_C04,2025-03-27,6.0,5.93,2,3,7,1,normal,0,3,14.0,16.333333333333332,3,17
USR_20149,USR_20149_C05,2025-04-13,6.0,5.82,2,3,7,1,normal,0,4,17.0,16.5,4,19
USR_20149,USR_20149_C06,2025-05-02,6.0,5.74,2,3,7,1,less,0,5,19.0,17.0,5,23
USR_20149,USR_20149_C07,2025-05-25,6.0,3.92,2,3,7,1,normal,0,5,23.0,18.0,6,11
USR_20151,USR_20151_C01,2025-02-18,12.5,8.37,3,1,7,1,normal,0,2,,,0,33
USR_20151,USR_20151_C02,2025-03-23,12.5,9.71,3,1,7,1,normal,0,3,33.0,33.0,1,42
USR_20151,USR_20151_C03,2025-05-04,12.5,11.65,3,1,7,1,normal,0,5,42.0,37.5,2,52
USR_20152,USR_20152_C01,2025-02-22,12.5,11.88,5,3,7,1,normal,0,2,,,0,37
USR_20152,USR_20152_C02,2025-03-31,12.5,12.04,5,3,7,1,normal,0,3,37.0,37.0,1,38
USR_20152,USR_20152_C03,2025-05-08,12.5,12.41,5,3,7,1,normal,0,5,38.0,37.5,2,36
USR_20152,USR_20152_C04,2025-06-13,12.5,11.83,5,3,7,1,normal,0,6,36.0,37.0,3,35
USR_20152,USR_20152_C05,2025-07-18,12.5,12.36,5,3,7,1,normal,0,7,35.0,36.5,4,37
USR_20152,USR_20152_C06,2025-08-24,12.5,12.49,5,3,7,1,normal,0,8,37.0,36.6,5,36
USR_20152,USR_20152_C07,2025-09-29,12.5,12.22,5,3,7,1,normal,0,9,36.0,36.5,6,32
USR_20153,USR_20153_C01,2025-03-28,12.5,9.62,3,2,6,1,normal,0,3,,,0,38
USR_20153,USR_20153_C02,2025-05-05,12.5,12.42,3,2,6,1,more,0,5,38.0,38.0,1,31
USR_20153,USR_20153_C03,2025-06-05,12.5,12.17,3,2,6,1,normal,0,6,31.0,34.5,2,43
USR_20153,USR_20153_C04,2025-07-18,12.5,9.4,3,2,6,1,normal,0,7,43.0,37.333333333333336,3,37
USR_20153,USR_20153_C05,2025-08-24,12.5,11.59,3,2,6,1,normal,0,8,37.0,37.25,4,43
USR_20153,USR_20153_C06,2025-10-06,12.5,12.4,3,2,6,1,normal,0,10,43.0,38.4,5,43
USR_20153,USR_20153_C07,2025-11-18,12.5,11.92,3,2,6,1,normal,0,11,43.0,39.166666666666664,6,53
USR_20153,USR_20153_C08,2026-01-10,12.5,11.6,3,2,6,1,normal,1,1,53.0,41.142857142857146,7,43
USR_20153,USR_20153_C09,2026-02-22,12.5,7.67,3,2,6,1,normal,0,2,43.0,41.375,8,27
USR_20155,USR_20155_C01,2025-03-03,6.0,5.97,5,3,7,1,normal,0,3,,,0,19
USR_20155,USR_20155_C02,2025-03-22,6.0,5.98,5,3,7,1,less,0,3,19.0,19.0,1,24
USR_20155,USR_20155_C03,2025-04-15,6.0,5.89,5,3,7,1,less,0,4,24.0,21.5,2,23
USR_20155,USR_20155_C04,2025-05-08,6.0,5.82,5,3,7,1,normal,0,5,23.0,22.0,3,16
USR_20155,USR_20155_C05,2025-05-24,6.0,5.59,5,3,7,1,normal,0,5,16.0,20.5,4,21
USR_20155,USR_20155_C06,2025-06-14,6.0,5.84,5,3,7,1,normal,0,6,21.0,20.6,5,19
USR_20156,USR_20156_C01,2025-04-22,12.5,12.41,5,1,7,1,normal,0,4,,,0,36
USR_20156,USR_20156_C02,2025-05-28,12.5,11.87,5,1,7,1,more,0,5,36.0,36.0,1,26
USR_20156,USR_20156_C03,2025-06-23,12.5,11.91,5,1,7,1,normal,0,6,26.0,31.0,2,46
USR_20156,USR_20156_C04,2025-08-08,12.5,12.09,5,1,7,1,normal,0,8,46.0,36.0,3,36
USR_20156,USR_20156_C05,2025-09-13,12.5,12.14,5,1,7,1,normal,0,9,36.0,36.0,4,37
USR_20156,USR_20156_C06,2025-10-20,12.5,12.02,5,1,7,1,normal,0,10,37.0,36.2,5,29
USR_20156,USR_20156_C07,2025-11-18,12.5,10.48,5,1,7,1,normal,0,11,29.0,35.0,6,35
USR_20156,USR_20156_C08,2025-12-23,12.5,7.93,5,1,7,1,more,1,12,35.0,35.0,7,16
USR_20156,USR_20156_C09,2026-01-08,12.5,12.44,5,1,7,1,normal,1,1,16.0,32.625,8,42
USR_20157,USR_20157_C01,2025-03-20,12.5,11.67,4,3,7,1,normal,0,3,,,0,26
USR_20157,USR_20157_C02,2025-04-15,12.5,7.84,4,3,7,1,normal,0,4,26.0,26.0,1,20
USR_20157,USR_20157_C03,2025-05-05,12.5,11.65,4,3,7,1,normal,0,5,20.0,23.0,2,27
USR_20157,USR_20157_C04,2025-06-01,12.5,12.37,4,3,7,1,normal,0,6,27.0,24.333333333333332,3,29
USR_20157,USR_20157_C05,2025-06-30,12.5,12.28,4,3,7,1,normal,0,6,29.0,25.5,4,32
USR_20157,USR_20157_C06,2025-08-01,12.5,12.09,4,3,7,1,normal,0,8,32.0,26.8,5,28
USR_20157,USR_20157_C07,2025-08-29,12.5,12.26,4,3,7,1,normal,0,8,28.0,27.0,6,33
USR_20158,USR_20158_C01,2025-01-01,6.0,5.57,4,3,7,1,normal,1,1,,,0,12
USR_20158,USR_20158_C02,2025-01-13,6.0,5.97,4,3,7,1,normal,1,1,12.0,12.0,1,14
USR_20158,USR_20158_C03,2025-01-27,6.0,5.85,4,3,7,1,normal,1,1,14.0,13.0,2,14
USR_20159,USR_20159_C01,2025-01-27,12.5,10.98,2,1,7,1,normal,1,1,,,0,49
USR_20159,USR_20159_C02,2025-03-17,12.5,11.98,2,1,7,1,normal,0,3,49.0,49.0,1,62
USR_20159,USR_20159_C03,2025-05-18,12.5,12.39,2,1,7,1,less,0,5,62.0,55.5,2,72
USR_20159,USR_20159_C04,2025-07-29,12.5,12.47,2,1,7,1,normal,0,7,72.0,61.0,3,53
USR_20159,USR_20159_C05,2025-09-20,12.5,12.04,2,1,7,1,normal,0,9,53.0,59.0,4,61
USR_20159,USR_20159_C06,2025-11-20,12.5,11.73,2,1,7,1,normal,0,11,61.0,59.4,5,55
USR_20159,USR_20159_C07,2026-01-14,12.5,12.31,2,1,7,1,normal,1,1,55.0,58.666666666666664,6,58
USR_20159,USR_20159_C08,2026-03-13,12.5,12.03,2,1,7,1,more,0,3,58.0,58.57142857142857,7,45
USR_20160,USR_20160_C01,2025-03-14,12.5,8.46,8,1,7,0,normal,0,3,,,0,32
USR_20160,USR_20160_C02,2025-04-15,12.5,11.79,8,1,7,0,normal,0,4,32.0,32.0,1,43
USR_20161,USR_20161_C01,2025-01-16,12.5,11.72,5,3,7,1,normal,1,1,,,0,40
USR_20161,USR_20161_C02,2025-02-25,12.5,12.07,5,3,7,1,less,0,2,40.0,40.0,1,53
USR_20161,USR_20161_C03,2025-04-19,12.5,12.31,5,3,7,1,normal,0,4,53.0,46.5,2,48
USR_20161,USR_20161_C04,2025-06-06,12.5,12.38,5,3,7,1,normal,0,6,48.0,47.0,3,46
USR_20162,USR_20162_C01,2025-03-16,12.5,9.77,6,2,7,1,more,0,3,,,0,20
USR_20162,USR_20162_C02,2025-04-05,12.5,12.24,6,2,7,1,normal,0,4,20.0,20.0,1,35
USR_20162,USR_20162_C03,2025-05-10,12.5,11.55,6,2,7,1,normal,0,5,35.0,27.5,2,29
USR_20162,USR_20162_C04,2025-06-08,12.5,11.5,6,2,7,1,normal,0,6,29.0,28.0,3,29
USR_20162,USR_20162_C05,2025-07-07,12.5,12.25,6,2,7,1,normal,0,7,29.0,28.25,4,31
USR_20163,USR_20163_C01,2025-02-28,12.5,11.9,3,2,7,1,normal,0,2,,,0,24
USR_20163,USR_20163_C02,2025-03-24,12.5,11.65,3,2,7,1,normal,0,3,24.0,24.0,1,26
USR_20163,USR_20163_C03,2025-04-19,12.5,11.68,3,2,7,1,normal,0,4,26.0,25.0,2,25
USR_20163,USR_20163_C04,2025-05-14,12.5,12.45,3,2,7,1,normal,0,5,25.0,25.0,3,25
USR_20163,USR_20163_C05,2025-06-08,12.5,11.82,3,2,7,1,normal,0,6,25.0,25.0,4,26
USR_20164,USR_20164_C01,2025-02-09,12.5,12.35,5,3,7,1,normal,0,2,,,0,26
USR_20164,USR_20164_C02,2025-03-07,12.5,11.88,5,3,7,1,normal,0,3,26.0,26.0,1,27
USR_20164,USR_20164_C03,2025-04-03,12.5,11.58,5,3,7,1,normal,0,4,27.0,26.5,2,26
USR_20164,USR_20164_C04,2025-04-29,12.5,11.84,5,3,7,1,normal,0,4,26.0,26.333333333333332,3,25
USR_20164,USR_20164_C05,2025-05-24,12.5,11.92,5,3,7,1,normal,0,5,25.0,26.0,4,29
USR_20164,USR_20164_C06,2025-06-22,12.5,12.41,5,3,7,1,normal,0,6,29.0,26.6,5,23
USR_20164,USR_20164_C07,2025-07-15,12.5,11.92,5,3,7,1,less,0,7,23.0,26.0,6,33
USR_20164,USR_20164_C08,2025-08-17,12.5,12.1,5,3,7,1,normal,0,8,33.0,27.0,7,26
USR_20164,USR_20164_C09,2025-09-12,12.5,11.97,5,3,7,1,normal,0,9,26.0,26.875,8,28
USR_20165,USR_20165_C01,2025-02-21,12.5,10.4,5,2,7,0,normal,0,2,,,0,51
USR_20165,USR_20165_C02,2025-04-13,12.5,8.78,5,2,7,0,normal,0,4,51.0,51.0,1,42
USR_20165,USR_20165_C03,2025-05-25,12.5,11.01,5,2,7,0,normal,0,5,42.0,46.5,2,52
USR_20165,USR_20165_C04,2025-07-16,12.5,12.41,5,2,7,0,normal,0,7,52.0,48.333333333333336,3,50
USR_20165,USR_20165_C05,2025-09-04,12.5,11.63,5,2,7,0,normal,0,9,50.0,48.75,4,47
USR_20165,USR_20165_C06,2025-10-21,12.5,11.98,5,2,7,0,normal,0,10,47.0,48.4,5,52
USR_20166,USR_20166_C01,2025-04-04,6.0,5.8,6,2,7,1,less,0,4,,,0,18
USR_20166,USR_20166_C02,2025-04-22,6.0,5.87,6,2,7,1,normal,0,4,18.0,18.0,1,17
USR_20166,USR_20166_C03,2025-05-09,6.0,5.57,6,2,7,1,normal,0,5,17.0,17.5,2,14
USR_20166,USR_20166_C04,2025-05-23,6.0,5.76,6,2,7,1,normal,0,5,14.0,16.333333333333332,3,14
USR_20166,USR_20166_C05,2025-06-06,6.0,5.72,6,2,7,1,more,0,6,14.0,15.75,4,13
USR_20166,USR_20166_C06,2025-06-19,6.0,5.58,6,2,7,1,normal,0,6,13.0,15.2,5,18
USR_20166,USR_20166_C07,2025-07-07,6.0,5.75,6,2,7,1,normal,0,7,18.0,15.666666666666666,6,14
USR_20166,USR_20166_C08,2025-07-21,6.0,5.98,6,2,7,1,normal,0,7,14.0,15.428571428571429,7,14
USR_20167,USR_20167_C01,2025-04-04,12.5,11.94,5,2,7,1,normal,0,4,,,0,29
USR_20167,USR_20167_C02,2025-05-03,12.5,8.11,5,2,7,1,less,0,5,29.0,29.0,1,27
USR_20167,USR_20167_C03,2025-05-30,12.5,11.59,5,2,7,1,normal,0,5,27.0,28.0,2,24
USR_20168,USR_20168_C01,2025-03-22,12.5,11.53,5,1,5,1,normal,0,3,,,0,40
USR_20168,USR_20168_C02,2025-05-01,12.5,11.8,5,1,5,1,normal,0,5,40.0,40.0,1,40
USR_20168,USR_20168_C03,2025-06-10,12.5,12.43,5,1,5,1,normal,0,6,40.0,40.0,2,39
USR_20168,USR_20168_C04,2025-07-19,12.5,12.27,5,1,5,1,normal,0,7,39.0,39.666666666666664,3,42
USR_20168,USR_20168_C05,2025-08-30,12.5,12.17,5,1,5,1,normal,0,8,42.0,40.25,4,38
USR_20168,USR_20168_C06,2025-10-07,12.5,11.85,5,1,5,1,normal,0,10,38.0,39.8,5,32
USR_20168,USR_20168_C07,2025-11-08,12.5,12.01,5,1,5,1,normal,0,11,32.0,38.5,6,38
USR_20168,USR_20168_C08,2025-12-16,12.5,11.9,5,1,5,1,normal,1,12,38.0,38.42857142857143,7,38
USR_20169,USR_20169_C01,2025-04-28,12.5,7.31,4,3,6,1,normal,0,4,,,0,24
USR_20169,USR_20169_C02,2025-05-22,12.5,12.15,4,3,6,1,less,0,5,24.0,24.0,1,50
USR_20169,USR_20169_C03,2025-07-11,12.5,11.35,4,3,6,1,normal,0,7,50.0,37.0,2,41
USR_20169,USR_20169_C04,2025-08-21,12.5,12.38,4,3,6,1,normal,0,8,41.0,38.333333333333336,3,46
USR_20169,USR_20169_C05,2025-10-06,12.5,7.23,4,3,6,1,more,0,10,46.0,40.25,4,21
USR_20169,USR_20169_C06,2025-10-27,12.5,7.46,4,3,6,1,normal,0,10,21.0,36.4,5,26
USR_20169,USR_20169_C07,2025-11-22,12.5,7.93,4,3,6,1,normal,0,11,26.0,34.666666666666664,6,27
USR_20170,USR_20170_C01,2025-02-23,12.5,11.93,4,2,7,1,normal,0,2,,,0,29
USR_20170,USR_20170_C02,2025-03-24,12.5,11.83,4,2,7,1,normal,0,3,29.0,29.0,1,30
USR_20170,USR_20170_C03,2025-04-23,12.5,12.2,4,2,7,1,normal,0,4,30.0,29.5,2,29
USR_20170,USR_20170_C04,2025-05-22,12.5,11.52,4,2,7,1,normal,0,5,29.0,29.333333333333332,3,33
USR_20170,USR_20170_C05,2025-06-24,12.5,12.08,4,2,7,1,normal,0,6,33.0,30.25,4,27
USR_20170,USR_20170_C06,2025-07-21,12.5,12.28,4,2,7,1,normal,0,7,27.0,29.6,5,31
USR_20170,USR_20170_C07,2025-08-21,12.5,12.0,4,2,7,1,normal,0,8,31.0,29.833333333333332,6,30
USR_20170,USR_20170_C08,2025-09-20,12.5,7.1,4,2,7,1,normal,0,9,30.0,29.857142857142858,7,18
USR_20170,USR_20170_C09,2025-10-08,12.5,11.6,4,2,7,1,normal,0,10,18.0,28.375,8,33
USR_20170,USR_20170_C10,2025-11-10,12.5,11.02,4,2,7,1,less,0,11,33.0,28.88888888888889,9,36
USR_20170,USR_20170_C11,2025-12-16,12.5,11.77,4,2,7,1,normal,1,12,36.0,29.6,10,25
USR_20171,USR_20171_C01,2025-04-09,12.5,12.03,5,2,7,1,normal,0,4,,,0,22
USR_20171,USR_20171_C02,2025-05-01,12.5,12.16,5,2,7,1,more,0,5,22.0,22.0,1,18
USR_20171,USR_20171_C03,2025-05-19,12.5,11.87,5,2,7,1,normal,0,5,18.0,20.0,2,23
USR_20171,USR_20171_C04,2025-06-11,12.5,11.63,5,2,7,1,less,0,6,23.0,21.0,3,23
USR_20171,USR_20171_C05,2025-07-04,12.5,11.91,5,2,7,1,less,0,7,23.0,21.5,4,29
USR_20171,USR_20171_C06,2025-08-02,12.5,12.3,5,2,7,1,normal,0,8,29.0,23.0,5,20
USR_20171,USR_20171_C07,2025-08-22,12.5,7.53,5,2,7,1,normal,0,8,20.0,22.5,6,14
USR_20172,USR_20172_C01,2025-01-30,12.5,12.29,4,2,7,1,normal,1,1,,,0,32
USR_20172,USR_20172_C02,2025-03-03,12.5,12.11,4,2,7,1,more,0,3,32.0,32.0,1,31
USR_20172,USR_20172_C03,2025-04-03,12.5,12.4,4,2,7,1,normal,0,4,31.0,31.5,2,39
USR_20172,USR_20172_C04,2025-05-12,12.5,11.9,4,2,7,1,normal,0,5,39.0,34.0,3,33
USR_20172,USR_20172_C05,2025-06-14,12.5,11.6,4,2,7,1,normal,0,6,33.0,33.75,4,39
USR_20172,USR_20172_C06,2025-07-23,12.5,10.7,4,2,7,1,normal,0,7,39.0,34.8,5,29
USR_20172,USR_20172_C07,2025-08-21,12.5,12.21,4,2,7,1,more,0,8,29.0,33.833333333333336,6,36
USR_20172,USR_20172_C08,2025-09-26,12.5,12.29,4,2,7,1,normal,0,9,36.0,34.142857142857146,7,30
USR_20173,USR_20173_C01,2025-01-05,6.0,5.36,1,3,6,1,normal,1,1,,,0,18
USR_20173,USR_20173_C02,2025-01-23,6.0,5.53,1,3,6,1,normal,1,1,18.0,18.0,1,22
USR_20173,USR_20173_C03,2025-02-14,6.0,4.39,1,3,6,1,more,0,2,22.0,20.0,2,14
USR_20173,USR_20173_C04,2025-02-28,6.0,3.69,1,3,6,1,normal,0,2,14.0,18.0,3,18
USR_20173,USR_20173_C05,2025-03-18,6.0,5.55,1,3,6,1,normal,0,3,18.0,18.0,4,20
USR_20174,USR_20174_C01,2025-02-17,12.5,12.24,6,1,7,0,less,0,2,,,0,70
USR_20174,USR_20174_C02,2025-04-28,12.5,11.85,6,1,7,0,normal,0,4,70.0,70.0,1,50
USR_20174,USR_20174_C03,2025-06-17,12.5,9.19,6,1,7,0,normal,0,6,50.0,60.0,2,42
USR_20174,USR_20174_C04,2025-07-29,12.5,12.34,6,1,7,0,normal,0,7,42.0,54.0,3,51
USR_20174,USR_20174_C05,2025-09-18,12.5,12.42,6,1,7,0,normal,0,9,51.0,53.25,4,58
USR_20174,USR_20174_C06,2025-11-15,12.5,10.68,6,1,7,0,normal,0,11,58.0,54.2,5,43
USR_20175,USR_20175_C01,2025-03-10,12.5,11.99,7,3,7,1,normal,0,3,,,0,36
USR_20175,USR_20175_C02,2025-04-15,12.5,11.87,7,3,7,1,normal,0,4,36.0,36.0,1,33
USR_20175,USR_20175_C03,2025-05-18,12.5,7.03,7,3,7,1,normal,0,5,33.0,34.5,2,20
USR_20176,USR_20176_C01,2025-03-06,6.0,5.88,2,3,7,0,normal,0,3,,,0,26
USR_20176,USR_20176_C02,2025-04-01,6.0,3.37,2,3,7,0,normal,0,4,26.0,26.0,1,11
USR_20176,USR_20176_C03,2025-04-12,6.0,5.71,2,3,7,0,normal,0,4,11.0,18.5,2,25
USR_20176,USR_20176_C04,2025-05-07,6.0,4.07,2,3,7,0,more,0,5,25.0,20.666666666666668,3,12
USR_20176,USR_20176_C05,2025-05-19,6.0,4.34,2,3,7,0,normal,0,5,12.0,18.5,4,17
USR_20177,USR_20177_C01,2025-01-26,12.5,12.26,5,3,5,1,normal,1,1,,,0,38
USR_20177,USR_20177_C02,2025-03-05,12.5,11.73,5,3,5,1,normal,0,3,38.0,38.0,1,40
USR_20177,USR_20177_C03,2025-04-14,12.5,11.7,5,3,5,1,more,0,4,40.0,39.0,2,35
USR_20177,USR_20177_C04,2025-05-19,12.5,11.57,5,3,5,1,normal,0,5,35.0,37.666666666666664,3,45
USR_20179,USR_20179_C01,2025-04-17,12.5,11.85,3,3,7,1,normal,0,4,,,0,32
USR_20179,USR_20179_C02,2025-05-19,12.5,12.43,3,3,7,1,normal,0,5,32.0,32.0,1,34
USR_20179,USR_20179_C03,2025-06-22,12.5,8.98,3,3,7,1,normal,0,6,34.0,33.0,2,28
USR_20179,USR_20179_C04,2025-07-20,12.5,12.12,3,3,7,1,normal,0,7,28.0,31.333333333333332,3,28
USR_20179,USR_20179_C05,2025-08-17,12.5,12.33,3,3,7,1,normal,0,8,28.0,30.5,4,32
USR_20179,USR_20179_C06,2025-09-18,12.5,11.53,3,3,7,1,normal,0,9,32.0,30.8,5,31
USR_20180,USR_20180_C01,2025-02-11,6.0,5.97,4,3,7,1,normal,0,2,,,0,22
USR_20180,USR_20180_C02,2025-03-05,6.0,5.9,4,3,7,1,more,0,3,22.0,22.0,1,16
USR_20180,USR_20180_C03,2025-03-21,6.0,5.79,4,3,7,1,normal,0,3,16.0,19.0,2,17
USR_20180,USR_20180_C04,2025-04-07,6.0,5.9,4,3,7,1,normal,0,4,17.0,18.333333333333332,3,17
USR_20180,USR_20180_C05,2025-04-24,6.0,5.66,4,3,7,1,normal,0,4,17.0,18.0,4,19
USR_20180,USR_20180_C06,2025-05-13,6.0,5.58,4,3,7,1,more,0,5,19.0,18.2,5,14
USR_20180,USR_20180_C07,2025-05-27,6.0,5.89,4,3,7,1,normal,0,5,14.0,17.5,6,20
USR_20180,USR_20180_C08,2025-06-16,6.0,5.9,4,3,7,1,normal,0,6,20.0,17.857142857142858,7,19
USR_20180,USR_20180_C09,2025-07-05,6.0,5.86,4,3,7,1,normal,0,7,19.0,18.0,8,18
USR_20181,USR_20181_C01,2025-02-27,6.0,3.57,2,3,7,1,normal,0,2,,,0,12
USR_20181,USR_20181_C02,2025-03-11,6.0,5.57,2,3,7,1,more,0,3,12.0,12.0,1,13
USR_20181,USR_20181_C03,2025-03-24,6.0,5.61,2,3,7,1,normal,0,3,13.0,12.5,2,17
USR_20181,USR_20181_C04,2025-04-10,6.0,3.73,2,3,7,1,normal,0,4,17.0,14.0,3,13
USR_20181,USR_20181_C05,2025-04-23,6.0,5.83,2,3,7,1,normal,0,4,13.0,13.75,4,21
USR_20181,USR_20181_C06,2025-05-14,6.0,5.97,2,3,7,1,normal,0,5,21.0,15.2,5,18
USR_20184,USR_20184_C01,2025-02-10,12.5,10.03,5,1,7,1,normal,0,2,,,0,29
USR_20184,USR_20184_C02,2025-03-11,12.5,11.53,5,1,7,1,less,0,3,29.0,29.0,1,39
USR_20184,USR_20184_C03,2025-04-19,12.5,12.28,5,1,7,1,normal,0,4,39.0,34.0,2,33
USR_20184,USR_20184_C04,2025-05-22,12.5,8.74,5,1,7,1,normal,0,5,33.0,33.666666666666664,3,25
USR_20184,USR_20184_C05,2025-06-16,12.5,11.71,5,1,7,1,more,0,6,25.0,31.5,4,29
USR_20185,USR_20185_C01,2025-03-30,12.5,11.97,6,3,7,0,normal,0,3,,,0,32
USR_20185,USR_20185_C02,2025-05-01,12.5,8.99,6,3,7,0,normal,0,5,32.0,32.0,1,31
USR_20185,USR_20185_C03,2025-06-01,12.5,11.73,6,3,7,0,less,0,6,31.0,31.5,2,48
USR_20185,USR_20185_C04,2025-07-19,12.5,12.1,6,3,7,0,normal,0,7,48.0,37.0,3,42
USR_20185,USR_20185_C05,2025-08-30,12.5,12.25,6,3,7,0,normal,0,8,42.0,38.25,4,39
USR_20185,USR_20185_C06,2025-10-08,12.5,11.87,6,3,7,0,normal,0,10,39.0,38.4,5,38
USR_20186,USR_20186_C01,2025-01-23,6.0,5.72,4,2,7,1,more,1,1,,,0,17
USR_20186,USR_20186_C02,2025-02-09,6.0,5.71,4,2,7,1,more,0,2,17.0,17.0,1,18
USR_20186,USR_20186_C03,2025-02-27,6.0,5.76,4,2,7,1,normal,0,2,18.0,17.5,2,21
USR_20186,USR_20186_C04,2025-03-20,6.0,4.55,4,2,7,1,normal,0,3,21.0,18.666666666666668,3,17
USR_20186,USR_20186_C05,2025-04-06,6.0,5.83,4,2,7,1,normal,0,4,17.0,18.25,4,23
USR_20186,USR_20186_C06,2025-04-29,6.0,5.78,4,2,7,1,normal,0,4,23.0,19.2,5,25
USR_20186,USR_20186_C07,2025-05-24,6.0,5.84,4,2,7,1,normal,0,5,25.0,20.166666666666668,6,23
USR_20186,USR_20186_C08,2025-06-16,6.0,5.84,4,2,7,1,normal,0,6,23.0,20.571428571428573,7,22
USR_20186,USR_20186_C09,2025-07-08,6.0,6.0,4,2,7,1,normal,0,7,22.0,20.75,8,21
USR_20186,USR_20186_C10,2025-07-29,6.0,3.79,4,2,7,1,more,0,7,21.0,20.77777777777778,9,11
USR_20186,USR_20186_C11,2025-08-09,6.0,5.64,4,2,7,1,normal,0,8,11.0,19.8,10,18
USR_20187,USR_20187_C01,2025-02-24,6.0,5.95,2,2,7,1,normal,0,2,,,0,26
USR_20187,USR_20187_C02,2025-03-22,6.0,5.62,2,2,7,1,normal,0,3,26.0,26.0,1,28
USR_20187,USR_20187_C03,2025-04-19,6.0,5.9,2,2,7,1,normal,0,4,28.0,27.0,2,32
USR_20187,USR_20187_C04,2025-05-21,6.0,5.82,2,2,7,1,less,0,5,32.0,28.666666666666668,3,39
USR_20187,USR_20187_C05,2025-06-29,6.0,5.52,2,2,7,1,less,0,6,39.0,31.25,4,33
USR_20187,USR_20187_C06,2025-08-01,6.0,5.39,2,2,7,1,normal,0,8,33.0,31.6,5,25
USR_20187,USR_20187_C07,2025-08-26,6.0,5.53,2,2,7,1,normal,0,8,25.0,30.5,6,28
USR_20187,USR_20187_C08,2025-09-23,6.0,5.84,2,2,7,1,normal,0,9,28.0,30.142857142857142,7,29
USR_20187,USR_20187_C09,2025-10-22,6.0,4.64,2,2,7,1,normal,0,10,29.0,30.0,8,20
USR_20187,USR_20187_C10,2025-11-11,6.0,5.67,2,2,7,1,normal,0,11,20.0,28.88888888888889,9,26
USR_20187,USR_20187_C11,2025-12-07,6.0,5.6,2,2,7,1,normal,1,12,26.0,28.6,10,24
USR_20187,USR_20187_C12,2025-12-31,6.0,5.61,2,2,7,1,normal,1,12,24.0,28.181818181818183,11,28
USR_20188,USR_20188_C01,2025-03-25,12.5,12.41,7,3,7,1,normal,0,3,,,0,42
USR_20188,USR_20188_C02,2025-05-06,12.5,11.95,7,3,7,1,normal,0,5,42.0,42.0,1,46
USR_20188,USR_20188_C03,2025-06-21,12.5,11.61,7,3,7,1,more,0,6,46.0,44.0,2,33
USR_20188,USR_20188_C04,2025-07-24,12.5,11.56,7,3,7,1,normal,0,7,33.0,40.333333333333336,3,39
USR_20188,USR_20188_C05,2025-09-01,12.5,10.4,7,3,7,1,normal,0,9,39.0,40.0,4,36
USR_20188,USR_20188_C06,2025-10-07,12.5,10.17,7,3,7,1,normal,0,10,36.0,39.2,5,28
USR_20188,USR_20188_C07,2025-11-04,12.5,11.58,7,3,7,1,normal,0,11,28.0,37.333333333333336,6,33
USR_20189,USR_20189_C01,2025-04-13,12.5,12.47,4,3,7,1,normal,0,4,,,0,47
USR_20189,USR_20189_C02,2025-05-30,12.5,12.17,4,3,7,1,normal,0,5,47.0,47.0,1,42
USR_20189,USR_20189_C03,2025-07-11,12.5,12.18,4,3,7,1,less,0,7,42.0,44.5,2,49
USR_20189,USR_20189_C04,2025-08-29,12.5,10.76,4,3,7,1,normal,0,8,49.0,46.0,3,43
USR_20189,USR_20189_C05,2025-10-11,12.5,12.16,4,3,7,1,normal,0,10,43.0,45.25,4,38
USR_20189,USR_20189_C06,2025-11-18,12.5,12.49,4,3,7,1,normal,0,11,38.0,43.8,5,40
USR_20189,USR_20189_C07,2025-12-28,12.5,11.57,4,3,7,1,more,1,12,40.0,43.166666666666664,6,26
USR_20189,USR_20189_C08,2026-01-23,12.5,11.97,4,3,7,1,normal,1,1,26.0,40.714285714285715,7,34
USR_20189,USR_20189_C09,2026-02-26,12.5,12.11,4,3,7,1,normal,0,2,34.0,39.875,8,41
USR_20189,USR_20189_C10,2026-04-08,12.5,12.24,4,3,7,1,normal,0,4,41.0,40.0,9,45
USR_20190,USR_20190_C01,2025-01-03,12.5,8.66,2,3,7,1,normal,1,1,,,0,28
USR_20190,USR_20190_C02,2025-01-31,12.5,9.24,2,3,7,1,normal,1,1,28.0,28.0,1,27
USR_20190,USR_20190_C03,2025-02-27,12.5,12.47,2,3,7,1,less,0,2,27.0,27.5,2,52
USR_20193,USR_20193_C01,2025-03-12,12.5,11.83,5,2,7,1,normal,0,3,,,0,22
USR_20193,USR_20193_C02,2025-04-03,12.5,11.6,5,2,7,1,normal,0,4,22.0,22.0,1,26
USR_20193,USR_20193_C03,2025-04-29,12.5,7.44,5,2,7,1,more,0,4,26.0,24.0,2,14
USR_20193,USR_20193_C04,2025-05-13,12.5,12.03,5,2,7,1,normal,0,5,14.0,20.666666666666668,3,27
USR_20193,USR_20193_C05,2025-06-09,12.5,9.5,5,2,7,1,normal,0,6,27.0,22.25,4,20
USR_20193,USR_20193_C06,2025-06-29,12.5,11.58,5,2,7,1,normal,0,6,20.0,21.8,5,22
USR_20193,USR_20193_C07,2025-07-21,12.5,12.15,5,2,7,1,normal,0,7,22.0,21.833333333333332,6,29
USR_20194,USR_20194_C01,2025-04-10,12.5,12.09,4,2,6,1,normal,0,4,,,0,46
USR_20194,USR_20194_C02,2025-05-26,12.5,8.45,4,2,6,1,normal,0,5,46.0,46.0,1,32
USR_20194,USR_20194_C03,2025-06-27,12.5,12.37,4,2,6,1,normal,0,6,32.0,39.0,2,45
USR_20194,USR_20194_C04,2025-08-11,12.5,7.72,4,2,6,1,normal,0,8,45.0,41.0,3,29
USR_20194,USR_20194_C05,2025-09-09,12.5,11.93,4,2,6,1,normal,0,9,29.0,38.0,4,42
USR_20194,USR_20194_C06,2025-10-21,12.5,12.33,4,2,6,1,normal,0,10,42.0,38.8,5,52
USR_20194,USR_20194_C07,2025-12-12,12.5,12.16,4,2,6,1,normal,1,12,52.0,41.0,6,45
USR_20194,USR_20194_C08,2026-01-26,12.5,11.87,4,2,6,1,normal,1,1,45.0,41.57142857142857,7,40
USR_20195,USR_20195_C01,2025-02-05,12.5,11.92,6,2,7,1,normal,0,2,,,0,28
USR_20195,USR_20195_C02,2025-03-05,12.5,11.72,6,2,7,1,normal,0,3,28.0,28.0,1,26
USR_20195,USR_20195_C03,2025-03-31,12.5,12.11,6,2,7,1,normal,0,3,26.0,27.0,2,25
USR_20195,USR_20195_C04,2025-04-25,12.5,12.41,6,2,7,1,normal,0,4,25.0,26.333333333333332,3,28
USR_20195,USR_20195_C05,2025-05-23,12.5,8.06,6,2,7,1,more,0,5,28.0,26.75,4,15
USR_20195,USR_20195_C06,2025-06-07,12.5,11.6,6,2,7,1,normal,0,6,15.0,24.4,5,32
USR_20195,USR_20195_C07,2025-07-09,12.5,11.78,6,2,7,1,normal,0,7,32.0,25.666666666666668,6,27
USR_20196,USR_20196_C01,2025-02-10,12.5,11.05,6,2,7,1,normal,0,2,,,0,31
USR_20196,USR_20196_C02,2025-03-13,12.5,10.09,6,2,7,1,normal,0,3,31.0,31.0,1,34
USR_20196,USR_20196_C03,2025-04-16,12.5,12.17,6,2,7,1,normal,0,4,34.0,32.5,2,37
USR_20196,USR_20196_C04,2025-05-23,12.5,12.37,6,2,7,1,normal,0,5,37.0,34.0,3,41
USR_20196,USR_20196_C05,2025-07-03,12.5,12.04,6,2,7,1,more,0,7,41.0,35.75,4,36
USR_20196,USR_20196_C06,2025-08-08,12.5,11.87,6,2,7,1,normal,0,8,36.0,35.8,5,39
USR_20199,USR_20199_C01,2025-03-26,12.5,9.0,4,2,6,1,normal,0,3,,,0,31
USR_20199,USR_20199_C02,2025-04-26,12.5,12.16,4,2,6,1,normal,0,4,31.0,31.0,1,39
USR_20199,USR_20199_C03,2025-06-04,12.5,8.42,4,2,6,1,normal,0,6,39.0,35.0,2,29
USR_20199,USR_20199_C04,2025-07-03,12.5,11.72,4,2,6,1,normal,0,7,29.0,33.0,3,40
USR_20199,USR_20199_C05,2025-08-12,12.5,8.65,4,2,6,1,normal,0,8,40.0,34.75,4,31
USR_20199,USR_20199_C06,2025-09-12,12.5,12.2,4,2,6,1,more,0,9,31.0,34.0,5,38
USR_20200,USR_20200_C01,2025-03-04,6.0,5.86,6,1,7,1,normal,0,3,,,0,20
USR_20200,USR_20200_C02,2025-03-24,6.0,3.4,6,1,7,1,normal,0,3,20.0,20.0,1,11
USR_20200,USR_20200_C03,2025-04-04,6.0,4.29,6,1,7,1,normal,0,4,11.0,15.5,2,16
USR_20200,USR_20200_C04,2025-04-20,6.0,5.88,6,1,7,1,normal,0,4,16.0,15.666666666666666,3,22
USR_20200,USR_20200_C05,2025-05-12,6.0,3.6,6,1,7,1,normal,0,5,22.0,17.25,4,15
USR_20200,USR_20200_C06,2025-05-27,6.0,5.63,6,1,7,1,normal,0,5,15.0,16.8,5,20
USR_20200,USR_20200_C07,2025-06-16,6.0,5.74,6,1,7,1,normal,0,6,20.0,17.333333333333332,6,21
USR_20200,USR_20200_C08,2025-07-07,6.0,5.68,6,1,7,1,normal,0,7,21.0,17.857142857142858,7,21
USR_20201,USR_20201_C01,2025-04-26,6.0,5.81,2,1,6,1,normal,0,4,,,0,25
USR_20201,USR_20201_C02,2025-05-21,6.0,3.96,2,1,6,1,normal,0,5,25.0,25.0,1,18
USR_20201,USR_20201_C03,2025-06-08,6.0,5.94,2,1,6,1,less,0,6,18.0,21.5,2,30
USR_20201,USR_20201_C04,2025-07-08,6.0,4.36,2,1,6,1,normal,0,7,30.0,24.333333333333332,3,19
USR_20201,USR_20201_C05,2025-07-27,6.0,5.59,2,1,6,1,normal,0,7,19.0,23.0,4,18
USR_20201,USR_20201_C06,2025-08-14,6.0,5.77,2,1,6,1,normal,0,8,18.0,22.0,5,25
USR_20201,USR_20201_C07,2025-09-08,6.0,5.85,2,1,6,1,normal,0,9,25.0,22.5,6,29
USR_20201,USR_20201_C08,2025-10-07,6.0,5.6,2,1,6,1,normal,0,10,29.0,23.428571428571427,7,29
USR_20201,USR_20201_C09,2025-11-05,6.0,3.96,2,1,6,1,normal,0,11,29.0,24.125,8,14
USR_20201,USR_20201_C10,2025-11-19,6.0,5.55,2,1,6,1,normal,0,11,14.0,23.0,9,22
USR_20202,USR_20202_C01,2025-03-14,12.5,12.1,5,3,7,1,less,0,3,,,0,29
USR_20202,USR_20202_C02,2025-04-12,12.5,11.75,5,3,7,1,normal,0,4,29.0,29.0,1,28
USR_20202,USR_20202_C03,2025-05-10,12.5,12.18,5,3,7,1,normal,0,5,28.0,28.5,2,24
USR_20202,USR_20202_C04,2025-06-03,12.5,12.17,5,3,7,1,normal,0,6,24.0,27.0,3,23
USR_20204,USR_20204_C01,2025-02-07,12.5,12.26,4,2,6,1,more,0,2,,,0,37
USR_20204,USR_20204_C02,2025-03-16,12.5,9.73,4,2,6,1,normal,0,3,37.0,37.0,1,47
USR_20204,USR_20204_C03,2025-05-02,12.5,12.05,4,2,6,1,more,0,5,47.0,42.0,2,39
USR_20204,USR_20204_C04,2025-06-10,12.5,12.12,4,2,6,1,normal,0,6,39.0,41.0,3,60
USR_20204,USR_20204_C05,2025-08-09,12.5,12.37,4,2,6,1,less,0,8,60.0,45.75,4,68
USR_20204,USR_20204_C06,2025-10-16,12.5,12.02,4,2,6,1,normal,0,10,68.0,50.2,5,54
USR_20204,USR_20204_C07,2025-12-09,12.5,12.16,4,2,6,1,normal,1,12,54.0,50.833333333333336,6,47
USR_20205,USR_20205_C01,2025-02-20,12.5,12.11,7,3,7,1,normal,0,2,,,0,30
USR_20205,USR_20205_C02,2025-03-22,12.5,12.34,7,3,7,1,normal,0,3,30.0,30.0,1,30
USR_20205,USR_20205_C03,2025-04-21,12.5,10.12,7,3,7,1,normal,0,4,30.0,30.0,2,26
USR_20205,USR_20205_C04,2025-05-17,12.5,11.74,7,3,7,1,normal,0,5,26.0,28.666666666666668,3,27
USR_20206,USR_20206_C01,2025-03-14,12.5,12.14,3,2,6,0,normal,0,3,,,0,45
USR_20206,USR_20206_C02,2025-04-28,12.5,11.67,3,2,6,0,normal,0,4,45.0,45.0,1,47
USR_20206,USR_20206_C03,2025-06-14,12.5,12.06,3,2,6,0,normal,0,6,47.0,46.0,2,48
USR_20206,USR_20206_C04,2025-08-01,12.5,12.11,3,2,6,0,less,0,8,48.0,46.666666666666664,3,74
USR_20206,USR_20206_C05,2025-10-14,12.5,12.02,3,2,6,0,less,0,10,74.0,53.5,4,57
USR_20206,USR_20206_C06,2025-12-10,12.5,11.36,3,2,6,0,more,1,12,57.0,54.2,5,31
USR_20206,USR_20206_C07,2026-01-10,12.5,12.16,3,2,6,0,normal,1,1,31.0,50.333333333333336,6,39
USR_20206,USR_20206_C08,2026-02-18,12.5,12.34,3,2,6,0,normal,0,2,39.0,48.714285714285715,7,48
USR_20206,USR_20206_C09,2026-04-07,12.5,12.01,3,2,6,0,normal,0,4,48.0,48.625,8,44
USR_20207,USR_20207_C01,2025-04-14,6.0,5.81,1,1,7,1,normal,0,4,,,0,34
USR_20207,USR_20207_C02,2025-05-18,6.0,5.94,1,1,7,1,normal,0,5,34.0,34.0,1,35
USR_20207,USR_20207_C03,2025-06-22,6.0,5.69,1,1,7,1,normal,0,6,35.0,34.5,2,40
USR_20207,USR_20207_C04,2025-08-01,6.0,5.76,1,1,7,1,more,0,8,40.0,36.333333333333336,3,30
USR_20207,USR_20207_C05,2025-08-31,6.0,5.6,1,1,7,1,normal,0,8,30.0,34.75,4,43
USR_20208,USR_20208_C01,2025-03-24,12.5,8.49,4,2,7,1,normal,0,3,,,0,22
USR_20208,USR_20208_C02,2025-04-15,12.5,11.78,4,2,7,1,normal,0,4,22.0,22.0,1,31
USR_20208,USR_20208_C03,2025-05-16,12.5,12.19,4,2,7,1,normal,0,5,31.0,26.5,2,27
USR_20208,USR_20208_C04,2025-06-12,12.5,12.07,4,2,7,1,less,0,6,27.0,26.666666666666668,3,39
USR_20208,USR_20208_C05,2025-07-21,12.5,10.89,4,2,7,1,more,0,7,39.0,29.75,4,23
USR_20208,USR_20208_C06,2025-08-13,12.5,11.84,4,2,7,1,normal,0,8,23.0,28.4,5,29
USR_20209,USR_20209_C01,2025-01-17,12.5,12.15,8,2,7,0,normal,1,1,,,0,29
USR_20209,USR_20209_C02,2025-02-15,12.5,11.96,8,2,7,0,normal,0,2,29.0,29.0,1,34
USR_20209,USR_20209_C03,2025-03-21,12.5,7.34,8,2,7,0,less,0,3,34.0,31.5,2,26
USR_20209,USR_20209_C04,2025-04-16,12.5,12.45,8,2,7,0,normal,0,4,26.0,29.666666666666668,3,31
USR_20209,USR_20209_C05,2025-05-17,12.5,9.88,8,2,7,0,normal,0,5,31.0,30.0,4,27
USR_20209,USR_20209_C06,2025-06-13,12.5,12.09,8,2,7,0,more,0,6,27.0,29.4,5,25
USR_20209,USR_20209_C07,2025-07-08,12.5,11.91,8,2,7,0,more,0,7,25.0,28.666666666666668,6,23
USR_20210,USR_20210_C01,2025-04-04,12.5,12.21,7,3,7,1,normal,0,4,,,0,29
USR_20210,USR_20210_C02,2025-05-03,12.5,6.98,7,3,7,1,less,0,5,29.0,29.0,1,20
USR_20211,USR_20211_C01,2025-04-03,12.5,10.63,6,2,7,1,less,0,4,,,0,38
USR_20211,USR_20211_C02,2025-05-11,12.5,11.66,6,2,7,1,less,0,5,38.0,38.0,1,39
USR_20211,USR_20211_C03,2025-06-19,12.5,11.19,6,2,7,1,normal,0,6,39.0,38.5,2,26
USR_20211,USR_20211_C04,2025-07-15,12.5,10.56,6,2,7,1,normal,0,7,26.0,34.333333333333336,3,27
USR_20211,USR_20211_C05,2025-08-11,12.5,12.32,6,2,7,1,normal,0,8,27.0,32.5,4,27
USR_20211,USR_20211_C06,2025-09-07,12.5,9.57,6,2,7,1,normal,0,9,27.0,31.4,5,27
USR_20211,USR_20211_C07,2025-10-04,12.5,8.57,6,2,7,1,normal,0,10,27.0,30.666666666666668,6,26
USR_20211,USR_20211_C08,2025-10-30,12.5,11.5,6,2,7,1,normal,0,10,26.0,30.0,7,27
USR_20211,USR_20211_C09,2025-11-26,12.5,11.77,6,2,7,1,normal,0,11,27.0,29.625,8,39
USR_20211,USR_20211_C10,2026-01-04,12.5,12.21,6,2,7,1,normal,1,1,39.0,30.666666666666668,9,34
USR_20211,USR_20211_C11,2026-02-07,12.5,11.28,6,2,7,1,less,0,2,34.0,31.0,10,39
USR_20212,USR_20212_C01,2025-03-13,6.0,5.02,5,2,7,0,normal,0,3,,,0,15
USR_20212,USR_20212_C02,2025-03-28,6.0,5.91,5,2,7,0,normal,0,3,15.0,15.0,1,17
USR_20212,USR_20212_C03,2025-04-14,6.0,5.77,5,2,7,0,normal,0,4,17.0,16.0,2,19
USR_20212,USR_20212_C04,2025-05-03,6.0,5.85,5,2,7,0,normal,0,5,19.0,17.0,3,17
USR_20212,USR_20212_C05,2025-05-20,6.0,5.96,5,2,7,0,normal,0,5,17.0,17.0,4,14
USR_20213,USR_20213_C01,2025-04-05,12.5,12.33,7,3,6,0,normal,0,4,,,0,30
USR_20213,USR_20213_C02,2025-05-05,12.5,12.49,7,3,6,0,less,0,5,30.0,30.0,1,37
USR_20213,USR_20213_C03,2025-06-11,12.5,11.15,7,3,6,0,more,0,6,37.0,33.5,2,19
USR_20213,USR_20213_C04,2025-06-30,12.5,11.62,7,3,6,0,normal,0,6,19.0,28.666666666666668,3,28
USR_20213,USR_20213_C05,2025-07-28,12.5,11.88,7,3,6,0,normal,0,7,28.0,28.5,4,34
USR_20213,USR_20213_C06,2025-08-31,12.5,12.15,7,3,6,0,normal,0,8,34.0,29.6,5,31
USR_20213,USR_20213_C07,2025-10-01,12.5,12.07,7,3,6,0,normal,0,10,31.0,29.833333333333332,6,27
USR_20213,USR_20213_C08,2025-10-28,12.5,11.93,7,3,6,0,normal,0,10,27.0,29.428571428571427,7,26
USR_20213,USR_20213_C09,2025-11-23,12.5,11.83,7,3,6,0,normal,0,11,26.0,29.0,8,26
USR_20214,USR_20214_C01,2025-02-05,12.5,12.07,5,3,7,1,less,0,2,,,0,40
USR_20214,USR_20214_C02,2025-03-17,12.5,8.05,5,3,7,1,less,0,3,40.0,40.0,1,26
USR_20214,USR_20214_C03,2025-04-12,12.5,11.34,5,3,7,1,more,0,4,26.0,33.0,2,27
USR_20215,USR_20215_C01,2025-01-23,6.0,5.85,3,2,4,1,less,1,1,,,0,37
USR_20215,USR_20215_C02,2025-03-01,6.0,5.93,3,2,4,1,normal,0,3,37.0,37.0,1,26
USR_20215,USR_20215_C03,2025-03-27,6.0,5.66,3,2,4,1,normal,0,3,26.0,31.5,2,26
USR_20215,USR_20215_C04,2025-04-22,6.0,4.02,3,2,4,1,normal,0,4,26.0,29.666666666666668,3,17
USR_20215,USR_20215_C05,2025-05-09,6.0,5.37,3,2,4,1,more,0,5,17.0,26.5,4,18
USR_20215,USR_20215_C06,2025-05-27,6.0,5.99,3,2,4,1,normal,0,5,18.0,24.8,5,24
USR_20215,USR_20215_C07,2025-06-20,6.0,5.83,3,2,4,1,normal,0,6,24.0,24.666666666666668,6,25
USR_20215,USR_20215_C08,2025-07-15,6.0,5.96,3,2,4,1,normal,0,7,25.0,24.714285714285715,7,24
USR_20215,USR_20215_C09,2025-08-08,6.0,5.96,3,2,4,1,normal,0,8,24.0,24.625,8,25
USR_20216,USR_20216_C01,2025-03-13,12.5,10.2,6,1,7,1,less,0,3,,,0,61
USR_20216,USR_20216_C02,2025-05-13,12.5,11.87,6,1,7,1,normal,0,5,61.0,61.0,1,42
USR_20216,USR_20216_C03,2025-06-24,12.5,12.34,6,1,7,1,normal,0,6,42.0,51.5,2,39
USR_20216,USR_20216_C04,2025-08-02,12.5,11.99,6,1,7,1,normal,0,8,39.0,47.333333333333336,3,50
USR_20217,USR_20217_C01,2025-03-31,12.5,11.99,5,2,7,0,more,0,3,,,0,35
USR_20217,USR_20217_C02,2025-05-05,12.5,11.83,5,2,7,0,normal,0,5,35.0,35.0,1,50
USR_20217,USR_20217_C03,2025-06-24,12.5,12.39,5,2,7,0,more,0,6,50.0,42.5,2,32
USR_20217,USR_20217_C04,2025-07-26,12.5,9.57,5,2,7,0,normal,0,7,32.0,39.0,3,35
USR_20217,USR_20217_C05,2025-08-30,12.5,12.26,5,2,7,0,less,0,8,35.0,38.0,4,75
USR_20217,USR_20217_C06,2025-11-13,12.5,11.59,5,2,7,0,normal,0,11,75.0,45.4,5,48
USR_20218,USR_20218_C01,2025-03-09,12.5,12.23,4,1,7,0,normal,0,3,,,0,75
USR_20218,USR_20218_C02,2025-05-23,12.5,11.17,4,1,7,0,normal,0,5,75.0,75.0,1,75
USR_20218,USR_20218_C03,2025-08-06,12.5,12.27,4,1,7,0,normal,0,8,75.0,75.0,2,75
USR_20218,USR_20218_C04,2025-10-20,12.5,7.78,4,1,7,0,normal,0,10,75.0,75.0,3,59
USR_20218,USR_20218_C05,2025-12-18,12.5,12.14,4,1,7,0,normal,1,12,59.0,71.0,4,75
USR_20219,USR_20219_C01,2025-04-16,12.5,11.83,3,2,7,1,normal,0,4,,,0,49
USR_20219,USR_20219_C02,2025-06-04,12.5,11.95,3,2,7,1,normal,0,6,49.0,49.0,1,45
USR_20219,USR_20219_C03,2025-07-19,12.5,12.41,3,2,7,1,less,0,7,45.0,47.0,2,53
USR_20219,USR_20219_C04,2025-09-10,12.5,9.31,3,2,7,1,normal,0,9,53.0,49.0,3,32
USR_20219,USR_20219_C05,2025-10-12,12.5,12.12,3,2,7,1,more,0,10,32.0,44.75,4,36
USR_20219,USR_20219_C06,2025-11-17,12.5,10.48,3,2,7,1,more,0,11,36.0,43.0,5,29
USR_20219,USR_20219_C07,2025-12-16,12.5,11.67,3,2,7,1,normal,1,12,29.0,40.666666666666664,6,42
USR_20219,USR_20219_C08,2026-01-27,12.5,12.2,3,2,7,1,normal,1,1,42.0,40.857142857142854,7,39
USR_20220,USR_20220_C01,2025-02-24,6.0,5.94,4,2,7,1,normal,0,2,,,0,22
USR_20220,USR_20220_C02,2025-03-18,6.0,5.7,4,2,7,1,normal,0,3,22.0,22.0,1,17
USR_20220,USR_20220_C03,2025-04-04,6.0,5.82,4,2,7,1,normal,0,4,17.0,19.5,2,20
USR_20220,USR_20220_C04,2025-04-24,6.0,5.99,4,2,7,1,normal,0,4,20.0,19.666666666666668,3,18
USR_20220,USR_20220_C05,2025-05-12,6.0,5.91,4,2,7,1,normal,0,5,18.0,19.25,4,19
USR_20221,USR_20221_C01,2025-02-10,6.0,5.87,2,3,7,1,normal,0,2,,,0,18
USR_20221,USR_20221_C02,2025-02-28,6.0,5.93,2,3,7,1,normal,0,2,18.0,18.0,1,17
USR_20221,USR_20221_C03,2025-03-17,6.0,5.61,2,3,7,1,less,0,3,17.0,17.5,2,31
USR_20221,USR_20221_C04,2025-04-17,6.0,5.54,2,3,7,1,normal,0,4,31.0,22.0,3,19
USR_20222,USR_20222_C01,2025-03-06,6.0,5.73,6,2,7,1,normal,0,3,,,0,16
USR_20222,USR_20222_C02,2025-03-22,6.0,5.68,6,2,7,1,normal,0,3,16.0,16.0,1,15
USR_20222,USR_20222_C03,2025-04-06,6.0,5.16,6,2,7,1,normal,0,4,15.0,15.5,2,14
USR_20222,USR_20222_C04,2025-04-20,6.0,5.97,6,2,7,1,normal,0,4,14.0,15.0,3,18
USR_20222,USR_20222_C05,2025-05-08,6.0,5.74,6,2,7,1,normal,0,5,18.0,15.75,4,16
USR_20223,USR_20223_C01,2025-04-10,12.5,11.76,4,2,7,1,normal,0,4,,,0,24
USR_20223,USR_20223_C02,2025-05-04,12.5,10.95,4,2,7,1,normal,0,5,24.0,24.0,1,19
USR_20223,USR_20223_C03,2025-05-23,12.5,11.67,4,2,7,1,normal,0,5,19.0,21.5,2,24
USR_20223,USR_20223_C04,2025-06-16,12.5,9.08,4,2,7,1,normal,0,6,24.0,22.333333333333332,3,15
USR_20223,USR_20223_C05,2025-07-01,12.5,11.55,4,2,7,1,normal,0,7,15.0,20.5,4,23
USR_20224,USR_20224_C01,2025-04-28,6.0,5.85,2,2,7,1,normal,0,4,,,0,20
USR_20224,USR_20224_C02,2025-05-18,6.0,5.63,2,2,7,1,normal,0,5,20.0,20.0,1,19
USR_20224,USR_20224_C03,2025-06-06,6.0,5.58,2,2,7,1,normal,0,6,19.0,19.5,2,21
USR_20224,USR_20224_C04,2025-06-27,6.0,5.2,2,2,7,1,normal,0,6,21.0,20.0,3,18
USR_20224,USR_20224_C05,2025-07-15,6.0,5.69,2,2,7,1,normal,0,7,18.0,19.5,4,19
USR_20224,USR_20224_C06,2025-08-03,6.0,5.81,2,2,7,1,more,0,8,19.0,19.4,5,15
USR_20224,USR_20224_C07,2025-08-18,6.0,4.52,2,2,7,1,normal,0,8,15.0,18.666666666666668,6,16
USR_20224,USR_20224_C08,2025-09-03,6.0,5.57,2,2,7,1,normal,0,9,16.0,18.285714285714285,7,21
USR_20224,USR_20224_C09,2025-09-24,6.0,5.85,2,2,7,1,normal,0,9,21.0,18.625,8,20
USR_20225,USR_20225_C01,2025-02-10,6.0,5.59,5,3,6,1,normal,0,2,,,0,16
USR_20225,USR_20225_C02,2025-02-26,6.0,5.83,5,3,6,1,normal,0,2,16.0,16.0,1,15
USR_20225,USR_20225_C03,2025-03-13,6.0,5.86,5,3,6,1,normal,0,3,15.0,15.5,2,18
USR_20225,USR_20225_C04,2025-03-31,6.0,5.27,5,3,6,1,normal,0,3,18.0,16.333333333333332,3,15
USR_20225,USR_20225_C05,2025-04-15,6.0,5.65,5,3,6,1,normal,0,4,15.0,16.0,4,19
USR_20227,USR_20227_C01,2025-04-14,12.5,12.16,3,2,6,1,normal,0,4,,,0,32
USR_20227,USR_20227_C02,2025-05-16,12.5,11.7,3,2,6,1,normal,0,5,32.0,32.0,1,37
USR_20227,USR_20227_C03,2025-06-22,12.5,11.64,3,2,6,1,normal,0,6,37.0,34.5,2,32
USR_20227,USR_20227_C04,2025-07-24,12.5,12.34,3,2,6,1,normal,0,7,32.0,33.666666666666664,3,35
USR_20227,USR_20227_C05,2025-08-28,12.5,12.35,3,2,6,1,normal,0,8,35.0,34.0,4,32
USR_20227,USR_20227_C06,2025-09-29,12.5,12.32,3,2,6,1,normal,0,9,32.0,33.6,5,33
USR_20227,USR_20227_C07,2025-11-01,12.5,12.38,3,2,6,1,more,0,11,33.0,33.5,6,25
USR_20229,USR_20229_C01,2025-03-21,6.0,5.75,2,3,7,1,more,0,3,,,0,13
USR_20229,USR_20229_C02,2025-04-03,6.0,4.64,2,3,7,1,normal,0,4,13.0,13.0,1,14
USR_20229,USR_20229_C03,2025-04-17,6.0,5.96,2,3,7,1,less,0,4,14.0,13.5,2,19
USR_20229,USR_20229_C04,2025-05-06,6.0,5.81,2,3,7,1,normal,0,5,19.0,15.333333333333334,3,18
USR_20229,USR_20229_C05,2025-05-24,6.0,5.67,2,3,7,1,normal,0,5,18.0,16.0,4,18
USR_20229,USR_20229_C06,2025-06-11,6.0,4.66,2,3,7,1,less,0,6,18.0,16.4,5,15
USR_20229,USR_20229_C07,2025-06-26,6.0,5.57,2,3,7,1,normal,0,6,15.0,16.166666666666668,6,15
USR_20230,USR_20230_C01,2025-01-15,6.0,5.99,4,3,7,1,less,1,1,,,0,15
USR_20230,USR_20230_C02,2025-01-30,6.0,3.44,4,3,7,1,normal,1,1,15.0,15.0,1,8
USR_20230,USR_20230_C03,2025-02-07,6.0,5.66,4,3,7,1,normal,0,2,8.0,11.5,2,13
USR_20230,USR_20230_C04,2025-02-20,6.0,5.84,4,3,7,1,normal,0,2,13.0,12.0,3,15
USR_20231,USR_20231_C01,2025-03-15,6.0,5.77,5,2,6,1,less,0,3,,,0,18
USR_20231,USR_20231_C02,2025-04-02,6.0,5.84,5,2,6,1,normal,0,4,18.0,18.0,1,19
USR_20231,USR_20231_C03,2025-04-21,6.0,4.0,5,2,6,1,normal,0,4,19.0,18.5,2,9
USR_20231,USR_20231_C04,2025-04-30,6.0,5.83,5,2,6,1,normal,0,4,9.0,15.333333333333334,3,16
USR_20231,USR_20231_C05,2025-05-16,6.0,5.68,5,2,6,1,normal,0,5,16.0,15.5,4,17
USR_20231,USR_20231_C06,2025-06-02,6.0,5.87,5,2,6,1,normal,0,6,17.0,15.8,5,17
USR_20231,USR_20231_C07,2025-06-19,6.0,5.42,5,2,6,1,normal,0,6,17.0,16.0,6,17
USR_20231,USR_20231_C08,2025-07-06,6.0,5.62,5,2,6,1,normal,0,7,17.0,16.142857142857142,7,15
USR_20231,USR_20231_C09,2025-07-21,6.0,5.94,5,2,6,1,normal,0,7,15.0,16.0,8,20
USR_20232,USR_20232_C01,2025-03-31,12.5,12.03,3,1,6,1,normal,0,3,,,0,50
USR_20232,USR_20232_C02,2025-05-20,12.5,11.84,3,1,6,1,normal,0,5,50.0,50.0,1,42
USR_20232,USR_20232_C03,2025-07-01,12.5,12.21,3,1,6,1,normal,0,7,42.0,46.0,2,50
USR_20232,USR_20232_C04,2025-08-20,12.5,12.48,3,1,6,1,normal,0,8,50.0,47.333333333333336,3,42
USR_20232,USR_20232_C05,2025-10-01,12.5,12.05,3,1,6,1,normal,0,10,42.0,46.0,4,55
USR_20232,USR_20232_C06,2025-11-25,12.5,12.34,3,1,6,1,more,0,11,55.0,47.8,5,47
USR_20232,USR_20232_C07,2026-01-11,12.5,11.82,3,1,6,1,more,1,1,47.0,47.666666666666664,6,35
USR_20232,USR_20232_C08,2026-02-15,12.5,12.42,3,1,6,1,normal,0,2,35.0,45.857142857142854,7,55
USR_20233,USR_20233_C01,2025-04-12,12.5,12.1,4,2,5,0,normal,0,4,,,0,58
USR_20233,USR_20233_C02,2025-06-09,12.5,11.61,4,2,5,0,less,0,6,58.0,58.0,1,75
USR_20233,USR_20233_C03,2025-08-23,12.5,11.97,4,2,5,0,normal,0,8,75.0,66.5,2,68
USR_20234,USR_20234_C01,2025-03-19,12.5,12.33,6,2,7,1,normal,0,3,,,0,37
USR_20234,USR_20234_C02,2025-04-25,12.5,12.04,6,2,7,1,normal,0,4,37.0,37.0,1,43
USR_20234,USR_20234_C03,2025-06-07,12.5,12.22,6,2,7,1,normal,0,6,43.0,40.0,2,48
USR_20234,USR_20234_C04,2025-07-25,12.5,11.89,6,2,7,1,less,0,7,48.0,42.666666666666664,3,62
USR_20234,USR_20234_C05,2025-09-25,12.5,11.0,6,2,7,1,normal,0,9,62.0,47.5,4,36
USR_20234,USR_20234_C06,2025-10-31,12.5,12.2,6,2,7,1,normal,0,10,36.0,45.2,5,37
USR_20234,USR_20234_C07,2025-12-07,12.5,12.47,6,2,7,1,normal,1,12,37.0,43.833333333333336,6,45
USR_20235,USR_20235_C01,2025-02-27,6.0,5.68,6,3,6,1,normal,0,2,,,0,20
USR_20235,USR_20235_C02,2025-03-19,6.0,5.81,6,3,6,1,more,0,3,20.0,20.0,1,16
USR_20235,USR_20235_C03,2025-04-04,6.0,5.88,6,3,6,1,normal,0,4,16.0,18.0,2,19
USR_20236,USR_20236_C01,2025-04-15,12.5,12.11,5,2,7,1,normal,0,4,,,0,38
USR_20236,USR_20236_C02,2025-05-23,12.5,12.45,5,2,7,1,normal,0,5,38.0,38.0,1,27
USR_20236,USR_20236_C03,2025-06-19,12.5,12.24,5,2,7,1,normal,0,6,27.0,32.5,2,30
USR_20236,USR_20236_C04,2025-07-19,12.5,11.85,5,2,7,1,normal,0,7,30.0,31.666666666666668,3,38
USR_20236,USR_20236_C05,2025-08-26,12.5,12.04,5,2,7,1,less,0,8,38.0,33.25,4,37
USR_20236,USR_20236_C06,2025-10-02,12.5,10.9,5,2,7,1,normal,0,10,37.0,34.0,5,34
USR_20236,USR_20236_C07,2025-11-05,12.5,11.05,5,2,7,1,normal,0,11,34.0,34.0,6,32
USR_20236,USR_20236_C08,2025-12-07,12.5,11.92,5,2,7,1,normal,1,12,32.0,33.714285714285715,7,36
USR_20237,USR_20237_C01,2025-01-28,6.0,5.91,2,3,7,1,normal,1,1,,,0,27
USR_20237,USR_20237_C02,2025-02-24,6.0,5.86,2,3,7,1,normal,0,2,27.0,27.0,1,28
USR_20237,USR_20237_C03,2025-03-24,6.0,5.89,2,3,7,1,normal,0,3,28.0,27.5,2,26
USR_20237,USR_20237_C04,2025-04-19,6.0,5.82,2,3,7,1,normal,0,4,26.0,27.0,3,24
USR_20237,USR_20237_C05,2025-05-13,6.0,5.93,2,3,7,1,more,0,5,24.0,26.25,4,21
USR_20237,USR_20237_C06,2025-06-03,6.0,5.95,2,3,7,1,more,0,6,21.0,25.2,5,18
USR_20237,USR_20237_C07,2025-06-21,6.0,5.91,2,3,7,1,normal,0,6,18.0,24.0,6,23
USR_20237,USR_20237_C08,2025-07-14,6.0,5.55,2,3,7,1,normal,0,7,23.0,23.857142857142858,7,21
USR_20237,USR_20237_C09,2025-08-04,6.0,5.8,2,3,7,1,normal,0,8,21.0,23.5,8,25
USR_20237,USR_20237_C10,2025-08-29,6.0,3.33,2,3,7,1,normal,0,8,25.0,23.666666666666668,9,16
USR_20238,USR_20238_C01,2025-01-14,12.5,11.86,2,2,4,1,normal,1,1,,,0,39
USR_20238,USR_20238_C02,2025-02-22,12.5,12.27,2,2,4,1,more,0,2,39.0,39.0,1,34
USR_20238,USR_20238_C03,2025-03-28,12.5,12.07,2,2,4,1,more,0,3,34.0,36.5,2,37
USR_20238,USR_20238_C04,2025-05-04,12.5,11.83,2,2,4,1,normal,0,5,37.0,36.666666666666664,3,43
USR_20238,USR_20238_C05,2025-06-16,12.5,11.83,2,2,4,1,normal,0,6,43.0,38.25,4,40
USR_20238,USR_20238_C06,2025-07-26,12.5,11.94,2,2,4,1,normal,0,7,40.0,38.6,5,37
USR_20238,USR_20238_C07,2025-09-01,12.5,12.19,2,2,4,1,normal,0,9,37.0,38.333333333333336,6,43
USR_20239,USR_20239_C01,2025-04-24,12.5,11.71,4,2,7,1,normal,0,4,,,0,34
USR_20239,USR_20239_C02,2025-05-28,12.5,11.81,4,2,7,1,normal,0,5,34.0,34.0,1,40
USR_20239,USR_20239_C03,2025-07-07,12.5,11.5,4,2,7,1,normal,0,7,40.0,37.0,2,38
USR_20239,USR_20239_C04,2025-08-14,12.5,10.79,4,2,7,1,normal,0,8,38.0,37.333333333333336,3,35
USR_20243,USR_20243_C01,2025-02-02,12.5,11.6,3,2,7,1,normal,0,2,,,0,43
USR_20243,USR_20243_C02,2025-03-17,12.5,11.61,3,2,7,1,normal,0,3,43.0,43.0,1,42
USR_20243,USR_20243_C03,2025-04-28,12.5,10.71,3,2,7,1,normal,0,4,42.0,42.5,2,37
USR_20243,USR_20243_C04,2025-06-04,12.5,12.35,3,2,7,1,normal,0,6,37.0,40.666666666666664,3,38
USR_20243,USR_20243_C05,2025-07-12,12.5,12.1,3,2,7,1,more,0,7,38.0,40.0,4,33
USR_20244,USR_20244_C01,2025-04-21,6.0,5.83,4,2,7,1,normal,0,4,,,0,19
USR_20244,USR_20244_C02,2025-05-10,6.0,5.64,4,2,7,1,normal,0,5,19.0,19.0,1,18
USR_20244,USR_20244_C03,2025-05-28,6.0,5.63,4,2,7,1,normal,0,5,18.0,18.5,2,23
USR_20244,USR_20244_C04,2025-06-20,6.0,5.75,4,2,7,1,normal,0,6,23.0,20.0,3,23
USR_20244,USR_20244_C05,2025-07-13,6.0,5.84,4,2,7,1,normal,0,7,23.0,20.75,4,22
USR_20244,USR_20244_C06,2025-08-04,6.0,5.66,4,2,7,1,normal,0,8,22.0,21.0,5,22
USR_20246,USR_20246_C01,2025-03-15,6.0,5.77,2,2,7,1,normal,0,3,,,0,22
USR_20246,USR_20246_C02,2025-04-06,6.0,5.96,2,2,7,1,normal,0,4,22.0,22.0,1,22
USR_20250,USR_20250_C01,2025-04-19,6.0,5.53,3,2,7,1,normal,0,4,,,0,18
USR_20250,USR_20250_C02,2025-05-07,6.0,5.86,3,2,7,1,normal,0,5,18.0,18.0,1,24
USR_20250,USR_20250_C03,2025-05-31,6.0,5.6,3,2,7,1,normal,0,5,24.0,21.0,2,21
USR_20250,USR_20250_C04,2025-06-21,6.0,5.58,3,2,7,1,normal,0,6,21.0,21.0,3,21
USR_20250,USR_20250_C05,2025-07-12,6.0,5.89,3,2,7,1,normal,0,7,21.0,21.0,4,23
USR_20251,USR_20251_C01,2025-01-25,12.5,11.93,5,2,6,1,more,1,1,,,0,35
USR_20251,USR_20251_C02,2025-03-01,12.5,9.6,5,2,6,1,normal,0,3,35.0,35.0,1,39
USR_20251,USR_20251_C03,2025-04-09,12.5,12.36,5,2,6,1,more,0,4,39.0,37.0,2,35
USR_20251,USR_20251_C04,2025-05-14,12.5,10.97,5,2,6,1,normal,0,5,35.0,36.333333333333336,3,40
USR_20253,USR_20253_C01,2025-03-31,12.5,12.37,5,3,7,1,normal,0,3,,,0,32
USR_20253,USR_20253_C02,2025-05-02,12.5,8.44,5,3,7,1,normal,0,5,32.0,32.0,1,17
USR_20253,USR_20253_C03,2025-05-19,12.5,11.67,5,3,7,1,normal,0,5,17.0,24.5,2,26
USR_20253,USR_20253_C04,2025-06-14,12.5,11.65,5,3,7,1,normal,0,6,26.0,25.0,3,28
USR_20253,USR_20253_C05,2025-07-12,12.5,12.39,5,3,7,1,normal,0,7,28.0,25.75,4,25
USR_20254,USR_20254_C01,2025-03-28,12.5,10.93,3,2,7,1,normal,0,3,,,0,32
USR_20254,USR_20254_C02,2025-04-29,12.5,11.75,3,2,7,1,normal,0,4,32.0,32.0,1,37
USR_20254,USR_20254_C03,2025-06-05,12.5,9.01,3,2,7,1,normal,0,6,37.0,34.5,2,31
USR_20254,USR_20254_C04,2025-07-06,12.5,12.37,3,2,7,1,normal,0,7,31.0,33.333333333333336,3,35
USR_20254,USR_20254_C05,2025-08-10,12.5,12.32,3,2,7,1,normal,0,8,35.0,33.75,4,37
USR_20254,USR_20254_C06,2025-09-16,12.5,7.3,3,2,7,1,normal,0,9,37.0,34.4,5,24
USR_20254,USR_20254_C07,2025-10-10,12.5,10.68,3,2,7,1,normal,0,10,24.0,32.666666666666664,6,33
USR_20254,USR_20254_C08,2025-11-12,12.5,10.49,3,2,7,1,more,0,11,33.0,32.714285714285715,7,23
USR_20254,USR_20254_C09,2025-12-05,12.5,9.33,3,2,7,1,normal,1,12,23.0,31.5,8,24
USR_20254,USR_20254_C10,2025-12-29,12.5,7.1,3,2,7,1,normal,1,12,24.0,30.666666666666668,9,20
USR_20255,USR_20255_C01,2025-02-11,12.5,12.07,6,3,5,1,normal,0,2,,,0,41
USR_20255,USR_20255_C02,2025-03-24,12.5,11.59,6,3,5,1,normal,0,3,41.0,41.0,1,31
USR_20255,USR_20255_C03,2025-04-24,12.5,11.82,6,3,5,1,more,0,4,31.0,36.0,2,27
USR_20255,USR_20255_C04,2025-05-21,12.5,11.82,6,3,5,1,normal,0,5,27.0,33.0,3,30
USR_20255,USR_20255_C05,2025-06-20,12.5,12.46,6,3,5,1,normal,0,6,30.0,32.25,4,29
USR_20255,USR_20255_C06,2025-07-19,12.5,12.13,6,3,5,1,normal,0,7,29.0,31.6,5,40
USR_20255,USR_20255_C07,2025-08-28,12.5,12.15,6,3,5,1,normal,0,8,40.0,33.0,6,31
USR_20255,USR_20255_C08,2025-09-28,12.5,7.81,6,3,5,1,normal,0,9,31.0,32.714285714285715,7,25
USR_20255,USR_20255_C09,2025-10-23,12.5,12.03,6,3,5,1,normal,0,10,25.0,31.75,8,33
USR_20257,USR_20257_C01,2025-02-06,12.5,12.07,6,2,7,1,normal,0,2,,,0,26
USR_20257,USR_20257_C02,2025-03-04,12.5,12.34,6,2,7,1,normal,0,3,26.0,26.0,1,36
USR_20257,USR_20257_C03,2025-04-09,12.5,7.14,6,2,7,1,normal,0,4,36.0,31.0,2,18
USR_20257,USR_20257_C04,2025-04-27,12.5,11.56,6,2,7,1,normal,0,4,18.0,26.666666666666668,3,29
USR_20257,USR_20257_C05,2025-05-26,12.5,12.44,6,2,7,1,normal,0,5,29.0,27.25,4,30
USR_20257,USR_20257_C06,2025-06-25,12.5,12.45,6,2,7,1,less,0,6,30.0,27.8,5,42
USR_20257,USR_20257_C07,2025-08-06,12.5,10.64,6,2,7,1,normal,0,8,42.0,30.166666666666668,6,24
USR_20257,USR_20257_C08,2025-08-30,12.5,11.85,6,2,7,1,normal,0,8,24.0,29.285714285714285,7,30
USR_20257,USR_20257_C09,2025-09-29,12.5,12.01,6,2,7,1,normal,0,9,30.0,29.375,8,34
USR_20257,USR_20257_C10,2025-11-02,12.5,12.17,6,2,7,1,normal,0,11,34.0,29.88888888888889,9,32
USR_20258,USR_20258_C01,2025-02-20,12.5,7.13,6,1,7,1,more,0,2,,,0,18
USR_20258,USR_20258_C02,2025-03-10,12.5,11.96,6,1,7,1,normal,0,3,18.0,18.0,1,41
USR_20258,USR_20258_C03,2025-04-20,12.5,8.96,6,1,7,1,normal,0,4,41.0,29.5,2,29
USR_20259,USR_20259_C01,2025-04-22,12.5,11.83,3,2,4,1,normal,0,4,,,0,44
USR_20259,USR_20259_C02,2025-06-05,12.5,12.44,3,2,4,1,normal,0,6,44.0,44.0,1,54
USR_20259,USR_20259_C03,2025-07-29,12.5,11.87,3,2,4,1,normal,0,7,54.0,49.0,2,50
USR_20259,USR_20259_C04,2025-09-17,12.5,12.15,3,2,4,1,more,0,9,50.0,49.333333333333336,3,37
USR_20260,USR_20260_C01,2025-01-22,12.5,12.12,3,2,6,0,normal,1,1,,,0,72
USR_20260,USR_20260_C02,2025-04-04,12.5,11.5,3,2,6,0,normal,0,4,72.0,72.0,1,66
USR_20260,USR_20260_C03,2025-06-09,12.5,12.0,3,2,6,0,normal,0,6,66.0,69.0,2,75
USR_20260,USR_20260_C04,2025-08-23,12.5,11.63,3,2,6,0,normal,0,8,75.0,71.0,3,70
USR_20260,USR_20260_C05,2025-11-01,12.5,12.01,3,2,6,0,normal,0,11,70.0,70.75,4,72
USR_20260,USR_20260_C06,2026-01-12,12.5,12.23,3,2,6,0,normal,1,1,72.0,71.0,5,59
USR_20260,USR_20260_C07,2026-03-12,12.5,10.89,3,2,6,0,less,0,3,59.0,69.0,6,75
USR_20260,USR_20260_C08,2026-05-26,12.5,12.25,3,2,6,0,normal,0,5,75.0,69.85714285714286,7,73
USR_20260,USR_20260_C09,2026-08-07,12.5,11.69,3,2,6,0,normal,0,8,73.0,70.25,8,65
USR_20262,USR_20262_C01,2025-01-25,12.5,11.76,7,2,7,0,normal,1,1,,,0,39
USR_20262,USR_20262_C02,2025-03-05,12.5,11.6,7,2,7,0,normal,0,3,39.0,39.0,1,34
USR_20262,USR_20262_C03,2025-04-08,12.5,12.12,7,2,7,0,more,0,4,34.0,36.5,2,33
USR_20262,USR_20262_C04,2025-05-11,12.5,10.51,7,2,7,0,normal,0,5,33.0,35.333333333333336,3,28
USR_20262,USR_20262_C05,2025-06-08,12.5,11.67,7,2,7,0,less,0,6,28.0,33.5,4,47
USR_20262,USR_20262_C06,2025-07-25,12.5,11.59,7,2,7,0,normal,0,7,47.0,36.2,5,34
USR_20262,USR_20262_C07,2025-08-28,12.5,11.61,7,2,7,0,normal,0,8,34.0,35.833333333333336,6,36
USR_20263,USR_20263_C01,2025-04-23,6.0,5.62,3,2,6,0,normal,0,4,,,0,32
USR_20263,USR_20263_C02,2025-05-25,6.0,5.71,3,2,6,0,more,0,5,32.0,32.0,1,28
USR_20263,USR_20263_C03,2025-06-22,6.0,4.09,3,2,6,0,normal,0,6,28.0,30.0,2,25
USR_20263,USR_20263_C04,2025-07-17,6.0,5.55,3,2,6,0,normal,0,7,25.0,28.333333333333332,3,33
USR_20263,USR_20263_C05,2025-08-19,6.0,5.68,3,2,6,0,normal,0,8,33.0,29.5,4,30
USR_20263,USR_20263_C06,2025-09-18,6.0,5.57,3,2,6,0,normal,0,9,30.0,29.6,5,35
USR_20265,USR_20265_C01,2025-02-26,12.5,12.07,4,3,6,1,normal,0,2,,,0,28
USR_20265,USR_20265_C02,2025-03-26,12.5,12.4,4,3,6,1,normal,0,3,28.0,28.0,1,27
USR_20265,USR_20265_C03,2025-04-22,12.5,11.67,4,3,6,1,normal,0,4,27.0,27.5,2,26
USR_20265,USR_20265_C04,2025-05-18,12.5,11.96,4,3,6,1,normal,0,5,26.0,27.0,3,23
USR_20265,USR_20265_C05,2025-06-10,12.5,10.19,4,3,6,1,normal,0,6,23.0,26.0,4,20
USR_20265,USR_20265_C06,2025-06-30,12.5,12.17,4,3,6,1,normal,0,6,20.0,24.8,5,25
USR_20265,USR_20265_C07,2025-07-25,12.5,12.38,4,3,6,1,normal,0,7,25.0,24.833333333333332,6,27
USR_20265,USR_20265_C08,2025-08-21,12.5,11.8,4,3,6,1,normal,0,8,27.0,25.142857142857142,7,22
USR_20266,USR_20266_C01,2025-03-23,12.5,8.35,5,2,7,1,normal,0,3,,,0,26
USR_20266,USR_20266_C02,2025-04-18,12.5,11.85,5,2,7,1,more,0,4,26.0,26.0,1,31
USR_20266,USR_20266_C03,2025-05-19,12.5,7.35,5,2,7,1,normal,0,5,31.0,28.5,2,27
USR_20266,USR_20266_C04,2025-06-15,12.5,11.62,5,2,7,1,normal,0,6,27.0,28.0,3,39
USR_20267,USR_20267_C01,2025-04-12,6.0,5.96,4,2,6,1,more,0,4,,,0,14
USR_20267,USR_20267_C02,2025-04-26,6.0,5.71,4,2,6,1,normal,0,4,14.0,14.0,1,18
USR_20267,USR_20267_C03,2025-05-14,6.0,3.82,4,2,6,1,normal,0,5,18.0,16.0,2,13
USR_20267,USR_20267_C04,2025-05-27,6.0,4.85,4,2,6,1,normal,0,5,13.0,15.0,3,14
USR_20267,USR_20267_C05,2025-06-10,6.0,5.73,4,2,6,1,more,0,6,14.0,14.75,4,15
USR_20267,USR_20267_C06,2025-06-25,6.0,5.78,4,2,6,1,normal,0,6,15.0,14.8,5,17
USR_20267,USR_20267_C07,2025-07-12,6.0,4.86,4,2,6,1,normal,0,7,17.0,15.166666666666666,6,14
USR_20267,USR_20267_C08,2025-07-26,6.0,5.97,4,2,6,1,normal,0,7,14.0,15.0,7,19
USR_20267,USR_20267_C09,2025-08-14,6.0,5.76,4,2,6,1,less,0,8,19.0,15.5,8,22
USR_20267,USR_20267_C10,2025-09-05,6.0,5.65,4,2,6,1,more,0,9,22.0,16.22222222222222,9,13
USR_20267,USR_20267_C11,2025-09-18,6.0,3.87,4,2,6,1,normal,0,9,13.0,15.9,10,11
USR_20267,USR_20267_C12,2025-09-29,6.0,5.98,4,2,6,1,normal,0,9,11.0,15.454545454545455,11,17
USR_20268,USR_20268_C01,2025-03-08,12.5,12.17,8,2,7,1,normal,0,3,,,0,24
USR_20268,USR_20268_C02,2025-04-01,12.5,7.14,8,2,7,1,more,0,4,24.0,24.0,1,11
USR_20268,USR_20268_C03,2025-04-12,12.5,11.9,8,2,7,1,normal,0,4,11.0,17.5,2,23
USR_20268,USR_20268_C04,2025-05-05,12.5,11.82,8,2,7,1,normal,0,5,23.0,19.333333333333332,3,21
USR_20268,USR_20268_C05,2025-05-26,12.5,11.71,8,2,7,1,normal,0,5,21.0,19.75,4,24
USR_20268,USR_20268_C06,2025-06-19,12.5,7.41,8,2,7,1,normal,0,6,24.0,20.6,5,14
USR_20269,USR_20269_C01,2025-02-14,6.0,5.95,2,1,7,1,normal,0,2,,,0,23
USR_20269,USR_20269_C02,2025-03-09,6.0,5.67,2,1,7,1,normal,0,3,23.0,23.0,1,23
USR_20269,USR_20269_C03,2025-04-01,6.0,4.2,2,1,7,1,less,0,4,23.0,23.0,2,22
USR_20269,USR_20269_C04,2025-04-23,6.0,5.57,2,1,7,1,normal,0,4,22.0,22.666666666666668,3,26
USR_20269,USR_20269_C05,2025-05-19,6.0,4.11,2,1,7,1,normal,0,5,26.0,23.5,4,16
USR_20269,USR_20269_C06,2025-06-04,6.0,5.63,2,1,7,1,normal,0,6,16.0,22.0,5,23
USR_20270,USR_20270_C01,2025-03-26,6.0,5.58,5,2,7,1,normal,0,3,,,0,21
USR_20270,USR_20270_C02,2025-04-16,6.0,4.4,5,2,7,1,normal,0,4,21.0,21.0,1,15
USR_20270,USR_20270_C03,2025-05-01,6.0,5.97,5,2,7,1,normal,0,5,15.0,18.0,2,22
USR_20270,USR_20270_C04,2025-05-23,6.0,5.8,5,2,7,1,less,0,5,22.0,19.333333333333332,3,25
USR_20270,USR_20270_C05,2025-06-17,6.0,5.91,5,2,7,1,normal,0,6,25.0,20.75,4,22
USR_20270,USR_20270_C06,2025-07-09,6.0,5.86,5,2,7,1,normal,0,7,22.0,21.0,5,21
USR_20270,USR_20270_C07,2025-07-30,6.0,5.85,5,2,7,1,normal,0,7,21.0,21.0,6,23
USR_20270,USR_20270_C08,2025-08-22,6.0,5.98,5,2,7,1,normal,0,8,23.0,21.285714285714285,7,17
USR_20270,USR_20270_C09,2025-09-08,6.0,4.52,5,2,7,1,more,0,9,17.0,20.75,8,11
USR_20270,USR_20270_C10,2025-09-19,6.0,5.64,5,2,7,1,less,0,9,11.0,19.666666666666668,9,26
USR_20270,USR_20270_C11,2025-10-15,6.0,6.0,5,2,7,1,normal,0,10,26.0,20.3,10,24
USR_20271,USR_20271_C01,2025-04-25,12.5,12.19,2,2,5,1,normal,0,4,,,0,41
USR_20271,USR_20271_C02,2025-06-05,12.5,11.79,2,2,5,1,normal,0,6,41.0,41.0,1,41
USR_20271,USR_20271_C03,2025-07-16,12.5,12.04,2,2,5,1,normal,0,7,41.0,41.0,2,43
USR_20271,USR_20271_C04,2025-08-28,12.5,11.85,2,2,5,1,normal,0,8,43.0,41.666666666666664,3,41
USR_20271,USR_20271_C05,2025-10-08,12.5,12.18,2,2,5,1,normal,0,10,41.0,41.5,4,47
USR_20271,USR_20271_C06,2025-11-24,12.5,12.02,2,2,5,1,normal,0,11,47.0,42.6,5,45
USR_20274,USR_20274_C01,2025-01-10,6.0,5.77,3,2,7,1,normal,1,1,,,0,14
USR_20274,USR_20274_C02,2025-01-24,6.0,5.62,3,2,7,1,normal,1,1,14.0,14.0,1,13
USR_20274,USR_20274_C03,2025-02-06,6.0,5.54,3,2,7,1,normal,0,2,13.0,13.5,2,13
USR_20274,USR_20274_C04,2025-02-19,6.0,5.77,3,2,7,1,normal,0,2,13.0,13.333333333333334,3,16
USR_20274,USR_20274_C05,2025-03-07,6.0,4.86,3,2,7,1,normal,0,3,16.0,14.0,4,14
USR_20275,USR_20275_C01,2025-01-17,12.5,11.85,5,1,6,1,normal,1,1,,,0,41
USR_20275,USR_20275_C02,2025-02-27,12.5,9.6,5,1,6,1,normal,0,2,41.0,41.0,1,39
USR_20275,USR_20275_C03,2025-04-07,12.5,8.31,5,1,6,1,normal,0,4,39.0,40.0,2,25
USR_20275,USR_20275_C04,2025-05-02,12.5,9.93,5,1,6,1,normal,0,5,25.0,35.0,3,37
USR_20275,USR_20275_C05,2025-06-08,12.5,9.76,5,1,6,1,normal,0,6,37.0,35.5,4,40
USR_20275,USR_20275_C06,2025-07-18,12.5,7.97,5,1,6,1,normal,0,7,40.0,36.4,5,29
USR_20275,USR_20275_C07,2025-08-16,12.5,12.04,5,1,6,1,normal,0,8,29.0,35.166666666666664,6,41
USR_20275,USR_20275_C08,2025-09-26,12.5,12.25,5,1,6,1,normal,0,9,41.0,36.0,7,48
USR_20275,USR_20275_C09,2025-11-13,12.5,12.3,5,1,6,1,normal,0,11,48.0,37.5,8,42
USR_20276,USR_20276_C01,2025-01-05,6.0,5.64,2,3,7,1,less,1,1,,,0,27
USR_20276,USR_20276_C02,2025-02-01,6.0,4.93,2,3,7,1,less,0,2,27.0,27.0,1,23
USR_20276,USR_20276_C03,2025-02-24,6.0,5.32,2,3,7,1,normal,0,2,23.0,25.0,2,17
USR_20276,USR_20276_C04,2025-03-13,6.0,5.81,2,3,7,1,less,0,3,17.0,22.333333333333332,3,28
USR_20276,USR_20276_C05,2025-04-10,6.0,5.73,2,3,7,1,normal,0,4,28.0,23.75,4,16
USR_20276,USR_20276_C06,2025-04-26,6.0,5.92,2,3,7,1,normal,0,4,16.0,22.2,5,25
USR_20276,USR_20276_C07,2025-05-21,6.0,5.93,2,3,7,1,normal,0,5,25.0,22.666666666666668,6,23
USR_20276,USR_20276_C08,2025-06-13,6.0,5.84,2,3,7,1,less,0,6,23.0,22.714285714285715,7,22
USR_20276,USR_20276_C09,2025-07-05,6.0,5.85,2,3,7,1,more,0,7,22.0,22.625,8,13
USR_20276,USR_20276_C10,2025-07-18,6.0,5.76,2,3,7,1,normal,0,7,13.0,21.555555555555557,9,20
USR_20277,USR_20277_C01,2025-04-18,6.0,5.61,2,2,7,1,normal,0,4,,,0,23
USR_20277,USR_20277_C02,2025-05-11,6.0,5.54,2,2,7,1,normal,0,5,23.0,23.0,1,22
USR_20277,USR_20277_C03,2025-06-02,6.0,5.55,2,2,7,1,normal,0,6,22.0,22.5,2,24
USR_20277,USR_20277_C04,2025-06-26,6.0,4.13,2,2,7,1,normal,0,6,24.0,23.0,3,18
USR_20277,USR_20277_C05,2025-07-14,6.0,5.93,2,2,7,1,normal,0,7,18.0,21.75,4,27
USR_20277,USR_20277_C06,2025-08-10,6.0,5.84,2,2,7,1,normal,0,8,27.0,22.8,5,25
USR_20277,USR_20277_C07,2025-09-04,6.0,6.0,2,2,7,1,normal,0,9,25.0,23.166666666666668,6,26
USR_20277,USR_20277_C08,2025-09-30,6.0,5.76,2,2,7,1,normal,0,9,26.0,23.571428571428573,7,27
USR_20277,USR_20277_C09,2025-10-27,6.0,4.02,2,2,7,1,normal,0,10,27.0,24.0,8,17
USR_20277,USR_20277_C10,2025-11-13,6.0,5.33,2,2,7,1,normal,0,11,17.0,23.22222222222222,9,24
USR_20278,USR_20278_C01,2025-03-15,6.0,5.86,3,3,7,0,normal,0,3,,,0,29
USR_20278,USR_20278_C02,2025-04-13,6.0,5.73,3,3,7,0,less,0,4,29.0,29.0,1,34
USR_20278,USR_20278_C03,2025-05-17,6.0,5.55,3,3,7,0,normal,0,5,34.0,31.5,2,28
USR_20278,USR_20278_C04,2025-06-14,6.0,5.99,3,3,7,0,normal,0,6,28.0,30.333333333333332,3,31
USR_20278,USR_20278_C05,2025-07-15,6.0,5.53,3,3,7,0,normal,0,7,31.0,30.5,4,28
USR_20279,USR_20279_C01,2025-02-24,6.0,5.7,6,2,6,1,normal,0,2,,,0,14
USR_20279,USR_20279_C02,2025-03-10,6.0,5.57,6,2,6,1,normal,0,3,14.0,14.0,1,10
USR_20279,USR_20279_C03,2025-03-20,6.0,5.53,6,2,6,1,normal,0,3,10.0,12.0,2,12
USR_20279,USR_20279_C04,2025-04-01,6.0,4.8,6,2,6,1,normal,0,4,12.0,12.0,3,12
USR_20279,USR_20279_C05,2025-04-13,6.0,5.97,6,2,6,1,normal,0,4,12.0,12.0,4,13
USR_20279,USR_20279_C06,2025-04-26,6.0,5.34,6,2,6,1,normal,0,4,13.0,12.2,5,11
USR_20279,USR_20279_C07,2025-05-07,6.0,5.98,6,2,6,1,more,0,5,11.0,12.0,6,9
USR_20279,USR_20279_C08,2025-05-16,6.0,4.11,6,2,6,1,more,0,5,9.0,11.571428571428571,7,8
USR_20279,USR_20279_C09,2025-05-24,6.0,5.75,6,2,6,1,normal,0,5,8.0,11.125,8,14
USR_20279,USR_20279_C10,2025-06-07,6.0,5.98,6,2,6,1,normal,0,6,14.0,11.444444444444445,9,13
USR_20279,USR_20279_C11,2025-06-20,6.0,5.95,6,2,6,1,less,0,6,13.0,11.6,10,16
USR_20279,USR_20279_C12,2025-07-06,6.0,5.66,6,2,6,1,more,0,7,16.0,12.0,11,10
USR_20281,USR_20281_C01,2025-03-04,6.0,5.98,4,1,6,1,normal,0,3,,,0,25
USR_20281,USR_20281_C02,2025-03-29,6.0,5.85,4,1,6,1,normal,0,3,25.0,25.0,1,25
USR_20281,USR_20281_C03,2025-04-23,6.0,5.55,4,1,6,1,normal,0,4,25.0,25.0,2,24
USR_20281,USR_20281_C04,2025-05-17,6.0,5.35,4,1,6,1,more,0,5,24.0,24.666666666666668,3,21
USR_20281,USR_20281_C05,2025-06-07,6.0,5.73,4,1,6,1,less,0,6,21.0,23.75,4,31
USR_20282,USR_20282_C01,2025-02-04,12.5,12.32,7,3,7,1,normal,0,2,,,0,31
USR_20282,USR_20282_C02,2025-03-07,12.5,12.24,7,3,7,1,normal,0,3,31.0,31.0,1,27
USR_20282,USR_20282_C03,2025-04-03,12.5,10.58,7,3,7,1,normal,0,4,27.0,29.0,2,24
USR_20282,USR_20282_C04,2025-04-27,12.5,12.0,7,3,7,1,normal,0,4,24.0,27.333333333333332,3,31
USR_20282,USR_20282_C05,2025-05-28,12.5,12.4,7,3,7,1,normal,0,5,31.0,28.25,4,28
USR_20282,USR_20282_C06,2025-06-25,12.5,12.15,7,3,7,1,normal,0,6,28.0,28.2,5,30
USR_20282,USR_20282_C07,2025-07-25,12.5,11.51,7,3,7,1,normal,0,7,30.0,28.5,6,31
USR_20282,USR_20282_C08,2025-08-25,12.5,11.68,7,3,7,1,normal,0,8,31.0,28.857142857142858,7,31
USR_20282,USR_20282_C09,2025-09-25,12.5,10.11,7,3,7,1,normal,0,9,31.0,29.125,8,28
USR_20283,USR_20283_C01,2025-04-25,6.0,5.99,5,2,4,1,normal,0,4,,,0,14
USR_20283,USR_20283_C02,2025-05-09,6.0,5.55,5,2,4,1,normal,0,5,14.0,14.0,1,14
USR_20283,USR_20283_C03,2025-05-23,6.0,5.74,5,2,4,1,normal,0,5,14.0,14.0,2,13
USR_20284,USR_20284_C01,2025-01-03,12.5,12.48,4,3,6,1,normal,1,1,,,0,33
USR_20284,USR_20284_C02,2025-02-05,12.5,11.65,4,3,6,1,normal,0,2,33.0,33.0,1,35
USR_20284,USR_20284_C03,2025-03-12,12.5,11.71,4,3,6,1,less,0,3,35.0,34.0,2,48
USR_20284,USR_20284_C04,2025-04-29,12.5,12.46,4,3,6,1,normal,0,4,48.0,38.666666666666664,3,39
USR_20284,USR_20284_C05,2025-06-07,12.5,11.58,4,3,6,1,normal,0,6,39.0,38.75,4,32
USR_20284,USR_20284_C06,2025-07-09,12.5,12.03,4,3,6,1,normal,0,7,32.0,37.4,5,37
USR_20284,USR_20284_C07,2025-08-15,12.5,11.73,4,3,6,1,normal,0,8,37.0,37.333333333333336,6,31
USR_20285,USR_20285_C01,2025-04-16,12.5,12.21,6,2,7,1,less,0,4,,,0,30
USR_20285,USR_20285_C02,2025-05-16,12.5,12.46,6,2,7,1,less,0,5,30.0,30.0,1,23
USR_20285,USR_20285_C03,2025-06-08,12.5,12.42,6,2,7,1,more,0,6,23.0,26.5,2,18
USR_20285,USR_20285_C04,2025-06-26,12.5,7.92,6,2,7,1,normal,0,6,18.0,23.666666666666668,3,13
USR_20285,USR_20285_C05,2025-07-09,12.5,9.08,6,2,7,1,normal,0,7,13.0,21.0,4,18
USR_20285,USR_20285_C06,2025-07-27,12.5,11.96,6,2,7,1,normal,0,7,18.0,20.4,5,21
USR_20285,USR_20285_C07,2025-08-17,12.5,11.95,6,2,7,1,less,0,8,21.0,20.5,6,27
USR_20285,USR_20285_C08,2025-09-13,12.5,10.2,6,2,7,1,normal,0,9,27.0,21.428571428571427,7,17
USR_20286,USR_20286_C01,2025-04-06,12.5,11.87,2,2,7,1,normal,0,4,,,0,49
USR_20286,USR_20286_C02,2025-05-25,12.5,8.14,2,2,7,1,normal,0,5,49.0,49.0,1,33
USR_20286,USR_20286_C03,2025-06-27,12.5,11.82,2,2,7,1,normal,0,6,33.0,41.0,2,53
USR_20286,USR_20286_C04,2025-08-19,12.5,11.6,2,2,7,1,normal,0,8,53.0,45.0,3,53
USR_20286,USR_20286_C05,2025-10-11,12.5,12.36,2,2,7,1,normal,0,10,53.0,47.0,4,54
USR_20286,USR_20286_C06,2025-12-04,12.5,12.15,2,2,7,1,normal,1,12,54.0,48.4,5,54
USR_20286,USR_20286_C07,2026-01-27,12.5,12.45,2,2,7,1,normal,1,1,54.0,49.333333333333336,6,48
USR_20287,USR_20287_C01,2025-01-23,12.5,10.0,3,3,5,1,normal,1,1,,,0,31
USR_20287,USR_20287_C02,2025-02-23,12.5,11.65,3,3,5,1,normal,0,2,31.0,31.0,1,35
USR_20287,USR_20287_C03,2025-03-30,12.5,9.26,3,3,5,1,normal,0,3,35.0,33.0,2,31
USR_20287,USR_20287_C04,2025-04-30,12.5,11.7,3,3,5,1,less,0,4,31.0,32.333333333333336,3,45
USR_20287,USR_20287_C05,2025-06-14,12.5,7.01,3,3,5,1,normal,0,6,45.0,35.5,4,26
USR_20287,USR_20287_C06,2025-07-10,12.5,8.23,3,3,5,1,normal,0,7,26.0,33.6,5,27
USR_20287,USR_20287_C07,2025-08-06,12.5,8.4,3,3,5,1,normal,0,8,27.0,32.5,6,29
USR_20287,USR_20287_C08,2025-09-04,12.5,7.84,3,3,5,1,normal,0,9,29.0,32.0,7,24
USR_20287,USR_20287_C09,2025-09-28,12.5,11.7,3,3,5,1,less,0,9,24.0,31.0,8,51
USR_20288,USR_20288_C01,2025-01-02,12.5,11.61,6,2,7,1,normal,1,1,,,0,40
USR_20288,USR_20288_C02,2025-02-11,12.5,12.33,6,2,7,1,normal,0,2,40.0,40.0,1,38
USR_20288,USR_20288_C03,2025-03-21,12.5,7.69,6,2,7,1,normal,0,3,38.0,39.0,2,29
USR_20288,USR_20288_C04,2025-04-19,12.5,11.57,6,2,7,1,normal,0,4,29.0,35.666666666666664,3,38
USR_20288,USR_20288_C05,2025-05-27,12.5,10.44,6,2,7,1,normal,0,5,38.0,36.25,4,34
USR_20288,USR_20288_C06,2025-06-30,12.5,10.22,6,2,7,1,normal,0,6,34.0,35.8,5,29
USR_20289,USR_20289_C01,2025-01-24,6.0,5.29,4,2,7,0,normal,1,1,,,0,25
USR_20289,USR_20289_C02,2025-02-18,6.0,5.81,4,2,7,0,normal,0,2,25.0,25.0,1,30
USR_20289,USR_20289_C03,2025-03-20,6.0,5.55,4,2,7,0,less,0,3,30.0,27.5,2,26
USR_20289,USR_20289_C04,2025-04-15,6.0,5.64,4,2,7,0,normal,0,4,26.0,27.0,3,26
USR_20290,USR_20290_C01,2025-03-10,6.0,5.87,2,2,7,1,normal,0,3,,,0,30
USR_20290,USR_20290_C02,2025-04-09,6.0,5.82,2,2,7,1,normal,0,4,30.0,30.0,1,35
USR_20290,USR_20290_C03,2025-05-14,6.0,5.52,2,2,7,1,normal,0,5,35.0,32.5,2,28
USR_20290,USR_20290_C04,2025-06-11,6.0,5.83,2,2,7,1,normal,0,6,28.0,31.0,3,29
USR_20290,USR_20290_C05,2025-07-10,6.0,5.92,2,2,7,1,normal,0,7,29.0,30.5,4,31
USR_20290,USR_20290_C06,2025-08-10,6.0,3.82,2,2,7,1,more,0,8,31.0,30.6,5,20
USR_20290,USR_20290_C07,2025-08-30,6.0,5.99,2,2,7,1,normal,0,8,20.0,28.833333333333332,6,31
USR_20290,USR_20290_C08,2025-09-30,6.0,5.98,2,2,7,1,normal,0,9,31.0,29.142857142857142,7,28
USR_20290,USR_20290_C09,2025-10-28,6.0,5.65,2,2,7,1,normal,0,10,28.0,29.0,8,30
USR_20291,USR_20291_C01,2025-03-08,12.5,12.31,5,2,7,1,normal,0,3,,,0,40
USR_20291,USR_20291_C02,2025-04-17,12.5,11.68,5,2,7,1,normal,0,4,40.0,40.0,1,26
USR_20291,USR_20291_C03,2025-05-13,12.5,10.5,5,2,7,1,normal,0,5,26.0,33.0,2,27
USR_20291,USR_20291_C04,2025-06-09,12.5,12.45,5,2,7,1,normal,0,6,27.0,31.0,3,35
USR_20291,USR_20291_C05,2025-07-14,12.5,10.66,5,2,7,1,less,0,7,35.0,32.0,4,34
USR_20291,USR_20291_C06,2025-08-17,12.5,11.63,5,2,7,1,normal,0,8,34.0,32.4,5,33
USR_20291,USR_20291_C07,2025-09-19,12.5,12.48,5,2,7,1,normal,0,9,33.0,32.5,6,33
USR_20291,USR_20291_C08,2025-10-22,12.5,12.18,5,2,7,1,normal,0,10,33.0,32.57142857142857,7,32
USR_20291,USR_20291_C09,2025-11-23,12.5,11.84,5,2,7,1,normal,0,11,32.0,32.5,8,32
USR_20291,USR_20291_C10,2025-12-25,12.5,11.93,5,2,7,1,normal,1,12,32.0,32.44444444444444,9,27
USR_20291,USR_20291_C11,2026-01-21,12.5,12.2,5,2,7,1,normal,1,1,27.0,31.9,10,32
USR_20291,USR_20291_C12,2026-02-22,12.5,11.97,5,2,7,1,less,0,2,32.0,31.90909090909091,11,36
USR_20292,USR_20292_C01,2025-03-12,6.0,3.48,4,3,7,1,less,0,3,,,0,10
USR_20292,USR_20292_C02,2025-03-22,6.0,5.91,4,3,7,1,normal,0,3,10.0,10.0,1,21
USR_20292,USR_20292_C03,2025-04-12,6.0,5.76,4,3,7,1,normal,0,4,21.0,15.5,2,16
USR_20292,USR_20292_C04,2025-04-28,6.0,5.64,4,3,7,1,normal,0,4,16.0,15.666666666666666,3,17
USR_20292,USR_20292_C05,2025-05-15,6.0,5.68,4,3,7,1,normal,0,5,17.0,16.0,4,16
USR_20292,USR_20292_C06,2025-05-31,6.0,5.78,4,3,7,1,normal,0,5,16.0,16.0,5,15
USR_20292,USR_20292_C07,2025-06-15,6.0,5.54,4,3,7,1,normal,0,6,15.0,15.833333333333334,6,15
USR_20293,USR_20293_C01,2025-04-18,6.0,5.53,5,2,7,1,normal,0,4,,,0,17
USR_20293,USR_20293_C02,2025-05-05,6.0,5.71,5,2,7,1,normal,0,5,17.0,17.0,1,19
USR_20293,USR_20293_C03,2025-05-24,6.0,3.73,5,2,7,1,normal,0,5,19.0,18.0,2,10
USR_20293,USR_20293_C04,2025-06-03,6.0,5.54,5,2,7,1,normal,0,6,10.0,15.333333333333334,3,17
USR_20293,USR_20293_C05,2025-06-20,6.0,5.7,5,2,7,1,normal,0,6,17.0,15.75,4,18
USR_20293,USR_20293_C06,2025-07-08,6.0,5.91,5,2,7,1,normal,0,7,18.0,16.2,5,17
USR_20293,USR_20293_C07,2025-07-25,6.0,6.0,5,2,7,1,normal,0,7,17.0,16.333333333333332,6,14
USR_20294,USR_20294_C01,2025-01-12,6.0,5.62,4,2,7,1,normal,1,1,,,0,17
USR_20294,USR_20294_C02,2025-01-29,6.0,4.34,4,2,7,1,less,1,1,17.0,17.0,1,21
USR_20294,USR_20294_C03,2025-02-19,6.0,5.95,4,2,7,1,normal,0,2,21.0,19.0,2,20
USR_20295,USR_20295_C01,2025-02-25,6.0,5.66,3,3,7,1,normal,0,2,,,0,20
USR_20295,USR_20295_C02,2025-03-17,6.0,5.59,3,3,7,1,normal,0,3,20.0,20.0,1,22
USR_20295,USR_20295_C03,2025-04-08,6.0,5.83,3,3,7,1,normal,0,4,22.0,21.0,2,19
USR_20295,USR_20295_C04,2025-04-27,6.0,5.99,3,3,7,1,normal,0,4,19.0,20.333333333333332,3,19
USR_20296,USR_20296_C01,2025-04-10,6.0,5.68,3,2,5,1,normal,0,4,,,0,19
USR_20296,USR_20296_C02,2025-04-29,6.0,5.63,3,2,5,1,more,0,4,19.0,19.0,1,12
USR_20296,USR_20296_C03,2025-05-11,6.0,5.96,3,2,5,1,normal,0,5,12.0,15.5,2,20
USR_20296,USR_20296_C04,2025-05-31,6.0,3.79,3,2,5,1,more,0,5,20.0,17.0,3,11
USR_20296,USR_20296_C05,2025-06-11,6.0,5.58,3,2,5,1,normal,0,6,11.0,15.5,4,16
USR_20296,USR_20296_C06,2025-06-27,6.0,5.75,3,2,5,1,normal,0,6,16.0,15.6,5,23
USR_20297,USR_20297_C01,2025-03-27,12.5,10.86,4,3,6,1,normal,0,3,,,0,40
USR_20297,USR_20297_C02,2025-05-06,12.5,11.56,4,3,6,1,normal,0,5,40.0,40.0,1,44
USR_20297,USR_20297_C03,2025-06-19,12.5,8.49,4,3,6,1,normal,0,6,44.0,42.0,2,29
USR_20297,USR_20297_C04,2025-07-18,12.5,12.45,4,3,6,1,normal,0,7,29.0,37.666666666666664,3,48
USR_20297,USR_20297_C05,2025-09-04,12.5,12.24,4,3,6,1,normal,0,9,48.0,40.25,4,47
USR_20297,USR_20297_C06,2025-10-21,12.5,11.72,4,3,6,1,less,0,10,47.0,41.6,5,59
USR_20298,USR_20298_C01,2025-03-08,6.0,5.74,4,2,5,1,normal,0,3,,,0,14
USR_20298,USR_20298_C02,2025-03-22,6.0,5.64,4,2,5,1,normal,0,3,14.0,14.0,1,15
USR_20298,USR_20298_C03,2025-04-06,6.0,5.92,4,2,5,1,normal,0,4,15.0,14.5,2,19
USR_20298,USR_20298_C04,2025-04-25,6.0,5.9,4,2,5,1,normal,0,4,19.0,16.0,3,17
USR_20298,USR_20298_C05,2025-05-12,6.0,5.65,4,2,5,1,normal,0,5,17.0,16.25,4,16
USR_20298,USR_20298_C06,2025-05-28,6.0,5.81,4,2,5,1,normal,0,5,16.0,16.2,5,13
USR_20298,USR_20298_C07,2025-06-10,6.0,5.93,4,2,5,1,normal,0,6,13.0,15.666666666666666,6,16
USR_20298,USR_20298_C08,2025-06-26,6.0,5.77,4,2,5,1,normal,0,6,16.0,15.714285714285714,7,16
USR_20298,USR_20298_C09,2025-07-12,6.0,5.8,4,2,5,1,normal,0,7,16.0,15.75,8,16
USR_20299,USR_20299_C01,2025-03-02,12.5,11.66,7,2,7,1,normal,0,3,,,0,22
USR_20299,USR_20299_C02,2025-03-24,12.5,12.48,7,2,7,1,normal,0,3,22.0,22.0,1,27
USR_20299,USR_20299_C03,2025-04-20,12.5,9.11,7,2,7,1,normal,0,4,27.0,24.5,2,20
USR_20299,USR_20299_C04,2025-05-10,12.5,11.73,7,2,7,1,normal,0,5,20.0,23.0,3,20
USR_20299,USR_20299_C05,2025-05-30,12.5,7.26,7,2,7,1,normal,0,5,20.0,22.25,4,14
USR_20300,USR_20300_C01,2025-03-16,6.0,5.69,3,3,7,0,normal,0,3,,,0,19
USR_20300,USR_20300_C02,2025-04-04,6.0,5.6,3,3,7,0,normal,0,4,19.0,19.0,1,22
USR_20300,USR_20300_C03,2025-04-26,6.0,5.87,3,3,7,0,normal,0,4,22.0,20.5,2,21
USR_20300,USR_20300_C04,2025-05-17,6.0,5.54,3,3,7,0,normal,0,5,21.0,20.666666666666668,3,23
USR_20300,USR_20300_C05,2025-06-09,6.0,5.94,3,3,7,0,normal,0,6,23.0,21.25,4,18
USR_20300,USR_20300_C06,2025-06-27,6.0,5.87,3,3,7,0,less,0,6,18.0,20.6,5,25
USR_20300,USR_20300_C07,2025-07-22,6.0,5.66,3,3,7,0,normal,0,7,25.0,21.333333333333332,6,18
USR_20300,USR_20300_C08,2025-08-09,6.0,5.61,3,3,7,0,more,0,8,18.0,20.857142857142858,7,18
USR_20301,USR_20301_C01,2025-01-02,6.0,5.57,2,1,7,1,normal,1,1,,,0,29
USR_20301,USR_20301_C02,2025-01-31,6.0,5.93,2,1,7,1,normal,1,1,29.0,29.0,1,29
USR_20301,USR_20301_C03,2025-03-01,6.0,5.92,2,1,7,1,normal,0,3,29.0,29.0,2,32
USR_20301,USR_20301_C04,2025-04-02,6.0,5.85,2,1,7,1,normal,0,4,32.0,30.0,3,35
USR_20301,USR_20301_C05,2025-05-07,6.0,5.86,2,1,7,1,normal,0,5,35.0,31.25,4,42
USR_20301,USR_20301_C06,2025-06-18,6.0,5.53,2,1,7,1,normal,0,6,42.0,33.4,5,33
USR_20302,USR_20302_C01,2025-04-07,12.5,12.48,4,2,7,0,normal,0,4,,,0,65
USR_20302,USR_20302_C02,2025-06-11,12.5,11.86,4,2,7,0,normal,0,6,65.0,65.0,1,62
USR_20302,USR_20302_C03,2025-08-12,12.5,12.21,4,2,7,0,normal,0,8,62.0,63.5,2,52
USR_20302,USR_20302_C04,2025-10-03,12.5,12.28,4,2,7,0,more,0,10,52.0,59.666666666666664,3,45
USR_20302,USR_20302_C05,2025-11-17,12.5,11.71,4,2,7,0,normal,0,11,45.0,56.0,4,62
USR_20302,USR_20302_C06,2026-01-18,12.5,7.98,4,2,7,0,normal,1,1,62.0,57.2,5,32
USR_20302,USR_20302_C07,2026-02-19,12.5,11.99,4,2,7,0,normal,0,2,32.0,53.0,6,68
USR_20302,USR_20302_C08,2026-04-28,12.5,11.87,4,2,7,0,normal,0,4,68.0,55.142857142857146,7,57
USR_20303,USR_20303_C01,2025-03-09,6.0,5.95,4,2,7,1,normal,0,3,,,0,18
USR_20303,USR_20303_C02,2025-03-27,6.0,5.82,4,2,7,1,normal,0,3,18.0,18.0,1,20
USR_20303,USR_20303_C03,2025-04-16,6.0,5.76,4,2,7,1,normal,0,4,20.0,19.0,2,19
USR_20303,USR_20303_C04,2025-05-05,6.0,5.59,4,2,7,1,more,0,5,19.0,19.0,3,14
USR_20303,USR_20303_C05,2025-05-19,6.0,5.32,4,2,7,1,normal,0,5,14.0,17.75,4,14
USR_20303,USR_20303_C06,2025-06-02,6.0,5.7,4,2,7,1,normal,0,6,14.0,17.0,5,21
USR_20303,USR_20303_C07,2025-06-23,6.0,5.78,4,2,7,1,normal,0,6,21.0,17.666666666666668,6,18
USR_20303,USR_20303_C08,2025-07-11,6.0,5.57,4,2,7,1,normal,0,7,18.0,17.714285714285715,7,18
USR_20303,USR_20303_C09,2025-07-29,6.0,5.7,4,2,7,1,normal,0,7,18.0,17.75,8,17
USR_20303,USR_20303_C10,2025-08-15,6.0,5.91,4,2,7,1,normal,0,8,17.0,17.666666666666668,9,21
USR_20304,USR_20304_C01,2025-02-27,12.5,7.34,6,3,6,1,normal,0,2,,,0,22
USR_20304,USR_20304_C02,2025-03-21,12.5,12.44,6,3,6,1,normal,0,3,22.0,22.0,1,27
USR_20304,USR_20304_C03,2025-04-17,12.5,10.14,6,3,6,1,normal,0,4,27.0,24.5,2,29
USR_20304,USR_20304_C04,2025-05-16,12.5,12.08,6,3,6,1,normal,0,5,29.0,26.0,3,31
USR_20304,USR_20304_C05,2025-06-16,12.5,11.7,6,3,6,1,normal,0,6,31.0,27.25,4,27
USR_20304,USR_20304_C06,2025-07-13,12.5,12.0,6,3,6,1,normal,0,7,27.0,27.2,5,33
USR_20304,USR_20304_C07,2025-08-15,12.5,10.9,6,3,6,1,normal,0,8,33.0,28.166666666666668,6,28
USR_20304,USR_20304_C08,2025-09-12,12.5,11.34,6,3,6,1,normal,0,9,28.0,28.142857142857142,7,30
USR_20304,USR_20304_C09,2025-10-12,12.5,12.5,6,3,6,1,less,0,10,30.0,28.375,8,39
USR_20304,USR_20304_C10,2025-11-20,12.5,9.91,6,3,6,1,normal,0,11,39.0,29.555555555555557,9,24
USR_20304,USR_20304_C11,2025-12-14,12.5,12.36,6,3,6,1,normal,1,12,24.0,29.0,10,32
USR_20304,USR_20304_C12,2026-01-15,12.5,11.53,6,3,6,1,normal,1,1,32.0,29.272727272727273,11,30
USR_20306,USR_20306_C01,2025-04-16,6.0,5.8,2,3,7,1,normal,0,4,,,0,20
USR_20306,USR_20306_C02,2025-05-06,6.0,5.73,2,3,7,1,normal,0,5,20.0,20.0,1,23
USR_20306,USR_20306_C03,2025-05-29,6.0,5.87,2,3,7,1,normal,0,5,23.0,21.5,2,23
USR_20306,USR_20306_C04,2025-06-21,6.0,5.69,2,3,7,1,less,0,6,23.0,22.0,3,22
USR_20306,USR_20306_C05,2025-07-13,6.0,4.7,2,3,7,1,more,0,7,22.0,22.0,4,15
USR_20306,USR_20306_C06,2025-07-28,6.0,6.0,2,3,7,1,normal,0,7,15.0,20.6,5,23
USR_20306,USR_20306_C07,2025-08-20,6.0,5.86,2,3,7,1,normal,0,8,23.0,21.0,6,21
USR_20306,USR_20306_C08,2025-09-10,6.0,5.85,2,3,7,1,normal,0,9,21.0,21.0,7,18
USR_20306,USR_20306_C09,2025-09-28,6.0,5.76,2,3,7,1,normal,0,9,18.0,20.625,8,24
USR_20307,USR_20307_C01,2025-02-22,12.5,11.8,3,2,7,0,normal,0,2,,,0,57
USR_20307,USR_20307_C02,2025-04-20,12.5,11.6,3,2,7,0,normal,0,4,57.0,57.0,1,60
USR_20307,USR_20307_C03,2025-06-19,12.5,11.55,3,2,7,0,normal,0,6,60.0,58.5,2,54
USR_20307,USR_20307_C04,2025-08-12,12.5,12.26,3,2,7,0,normal,0,8,54.0,57.0,3,62
USR_20307,USR_20307_C05,2025-10-13,12.5,7.28,3,2,7,0,normal,0,10,62.0,58.25,4,29
USR_20307,USR_20307_C06,2025-11-11,12.5,12.07,3,2,7,0,normal,0,11,29.0,52.4,5,56
USR_20307,USR_20307_C07,2026-01-06,12.5,11.96,3,2,7,0,less,1,1,56.0,53.0,6,72
USR_20307,USR_20307_C08,2026-03-19,12.5,12.12,3,2,7,0,normal,0,3,72.0,55.714285714285715,7,65
USR_20307,USR_20307_C09,2026-05-23,12.5,12.03,3,2,7,0,normal,0,5,65.0,56.875,8,63
USR_20307,USR_20307_C10,2026-07-25,12.5,12.29,3,2,7,0,normal,0,7,63.0,57.55555555555556,9,60
USR_20308,USR_20308_C01,2025-02-06,6.0,5.56,4,1,4,1,normal,0,2,,,0,21
USR_20308,USR_20308_C02,2025-02-27,6.0,4.24,4,1,4,1,normal,0,2,21.0,21.0,1,18
USR_20308,USR_20308_C03,2025-03-17,6.0,3.88,4,1,4,1,normal,0,3,18.0,19.5,2,15
USR_20308,USR_20308_C04,2025-04-01,6.0,5.87,4,1,4,1,normal,0,4,15.0,18.0,3,22
USR_20308,USR_20308_C05,2025-04-23,6.0,5.88,4,1,4,1,normal,0,4,22.0,19.0,4,24
USR_20308,USR_20308_C06,2025-05-17,6.0,5.57,4,1,4,1,normal,0,5,24.0,20.0,5,23
USR_20309,USR_20309_C01,2025-02-17,12.5,12.49,3,3,7,1,less,0,2,,,0,41
USR_20309,USR_20309_C02,2025-03-30,12.5,7.34,3,3,7,1,normal,0,3,41.0,41.0,1,19
USR_20309,USR_20309_C03,2025-04-18,12.5,12.29,3,3,7,1,normal,0,4,19.0,30.0,2,24
USR_20309,USR_20309_C04,2025-05-12,12.5,9.53,3,3,7,1,normal,0,5,24.0,28.0,3,24
USR_20309,USR_20309_C05,2025-06-05,12.5,10.98,3,3,7,1,normal,0,6,24.0,27.0,4,29
USR_20309,USR_20309_C06,2025-07-04,12.5,10.59,3,3,7,1,less,0,7,29.0,27.4,5,30
USR_20310,USR_20310_C01,2025-03-30,6.0,5.75,5,2,7,1,normal,0,3,,,0,17
USR_20310,USR_20310_C02,2025-04-16,6.0,5.67,5,2,7,1,more,0,4,17.0,17.0,1,17
USR_20310,USR_20310_C03,2025-05-03,6.0,5.53,5,2,7,1,normal,0,5,17.0,17.0,2,17
USR_20310,USR_20310_C04,2025-05-20,6.0,3.49,5,2,7,1,less,0,5,17.0,17.0,3,14
USR_20310,USR_20310_C05,2025-06-03,6.0,3.74,5,2,7,1,normal,0,6,14.0,16.25,4,12
USR_20310,USR_20310_C06,2025-06-15,6.0,5.57,5,2,7,1,normal,0,6,12.0,15.4,5,20
USR_20310,USR_20310_C07,2025-07-05,6.0,5.67,5,2,7,1,normal,0,7,20.0,16.166666666666668,6,19
USR_20310,USR_20310_C08,2025-07-24,6.0,5.97,5,2,7,1,normal,0,7,19.0,16.571428571428573,7,21
USR_20311,USR_20311_C01,2025-01-11,12.5,11.69,4,2,7,1,less,1,1,,,0,35
USR_20311,USR_20311_C02,2025-02-15,12.5,11.8,4,2,7,1,normal,0,2,35.0,35.0,1,35
USR_20311,USR_20311_C03,2025-03-22,12.5,12.33,4,2,7,1,normal,0,3,35.0,35.0,2,30
USR_20311,USR_20311_C04,2025-04-21,12.5,11.86,4,2,7,1,normal,0,4,30.0,33.333333333333336,3,34
USR_20311,USR_20311_C05,2025-05-25,12.5,7.44,4,2,7,1,normal,0,5,34.0,33.5,4,20
USR_20311,USR_20311_C06,2025-06-14,12.5,12.34,4,2,7,1,normal,0,6,20.0,30.8,5,31
USR_20311,USR_20311_C07,2025-07-15,12.5,11.85,4,2,7,1,normal,0,7,31.0,30.833333333333332,6,35
USR_20312,USR_20312_C01,2025-03-13,6.0,5.87,2,2,7,1,normal,0,3,,,0,29
USR_20312,USR_20312_C02,2025-04-11,6.0,5.86,2,2,7,1,less,0,4,29.0,29.0,1,40
USR_20312,USR_20312_C03,2025-05-21,6.0,5.76,2,2,7,1,normal,0,5,40.0,34.5,2,25
USR_20312,USR_20312_C04,2025-06-15,6.0,5.62,2,2,7,1,more,0,6,25.0,31.333333333333332,3,21
USR_20312,USR_20312_C05,2025-07-06,6.0,3.61,2,2,7,1,normal,0,7,21.0,28.75,4,19
USR_20312,USR_20312_C06,2025-07-25,6.0,5.66,2,2,7,1,normal,0,7,19.0,26.8,5,25
USR_20314,USR_20314_C01,2025-03-19,12.5,11.52,7,2,6,1,normal,0,3,,,0,38
USR_20314,USR_20314_C02,2025-04-26,12.5,12.29,7,2,6,1,more,0,4,38.0,38.0,1,27
USR_20314,USR_20314_C03,2025-05-23,12.5,12.44,7,2,6,1,more,0,5,27.0,32.5,2,29
USR_20314,USR_20314_C04,2025-06-21,12.5,12.18,7,2,6,1,normal,0,6,29.0,31.333333333333332,3,38
USR_20314,USR_20314_C05,2025-07-29,12.5,12.37,7,2,6,1,normal,0,7,38.0,33.0,4,36
USR_20314,USR_20314_C06,2025-09-03,12.5,11.23,7,2,6,1,normal,0,9,36.0,33.6,5,32
USR_20314,USR_20314_C07,2025-10-05,12.5,7.19,7,2,6,1,normal,0,10,32.0,33.333333333333336,6,27
USR_20314,USR_20314_C08,2025-11-01,12.5,12.08,7,2,6,1,normal,0,11,27.0,32.42857142857143,7,33
USR_20315,USR_20315_C01,2025-04-30,12.5,8.15,3,3,5,1,more,0,4,,,0,19
USR_20315,USR_20315_C02,2025-05-19,12.5,8.44,3,3,5,1,normal,0,5,19.0,19.0,1,20
USR_20315,USR_20315_C03,2025-06-08,12.5,12.45,3,3,5,1,normal,0,6,20.0,19.5,2,35
USR_20315,USR_20315_C04,2025-07-13,12.5,12.44,3,3,5,1,normal,0,7,35.0,24.666666666666668,3,44
USR_20315,USR_20315_C05,2025-08-26,12.5,12.42,3,3,5,1,normal,0,8,44.0,29.5,4,36
USR_20315,USR_20315_C06,2025-10-01,12.5,12.37,3,3,5,1,normal,0,10,36.0,30.8,5,34
USR_20315,USR_20315_C07,2025-11-04,12.5,12.44,3,3,5,1,more,0,11,34.0,31.333333333333332,6,31
USR_20315,USR_20315_C08,2025-12-05,12.5,7.24,3,3,5,1,normal,1,12,31.0,31.285714285714285,7,18
USR_20315,USR_20315_C09,2025-12-23,12.5,12.42,3,3,5,1,less,1,12,18.0,29.625,8,44
USR_20316,USR_20316_C01,2025-01-07,12.5,12.2,4,3,5,0,normal,1,1,,,0,41
USR_20316,USR_20316_C02,2025-02-17,12.5,12.22,4,3,5,0,normal,0,2,41.0,41.0,1,41
USR_20316,USR_20316_C03,2025-03-30,12.5,12.11,4,3,5,0,normal,0,3,41.0,41.0,2,53
USR_20316,USR_20316_C04,2025-05-22,12.5,11.81,4,3,5,0,more,0,5,53.0,45.0,3,36
USR_20316,USR_20316_C05,2025-06-27,12.5,12.47,4,3,5,0,normal,0,6,36.0,42.75,4,47
USR_20316,USR_20316_C06,2025-08-13,12.5,11.76,4,3,5,0,normal,0,8,47.0,43.6,5,47
USR_20316,USR_20316_C07,2025-09-29,12.5,11.74,4,3,5,0,normal,0,9,47.0,44.166666666666664,6,42
USR_20316,USR_20316_C08,2025-11-10,12.5,12.15,4,3,5,0,normal,0,11,42.0,43.857142857142854,7,44
USR_20317,USR_20317_C01,2025-01-07,12.5,7.25,3,3,5,1,more,1,1,,,0,21
USR_20317,USR_20317_C02,2025-01-28,12.5,7.78,3,3,5,1,normal,1,1,21.0,21.0,1,33
USR_20317,USR_20317_C03,2025-03-02,12.5,12.27,3,3,5,1,normal,0,3,33.0,27.0,2,43
USR_20317,USR_20317_C04,2025-04-14,12.5,11.79,3,3,5,1,normal,0,4,43.0,32.333333333333336,3,41
USR_20318,USR_20318_C01,2025-02-14,12.5,12.38,3,2,7,1,more,0,2,,,0,37
USR_20318,USR_20318_C02,2025-03-23,12.5,12.02,3,2,7,1,normal,0,3,37.0,37.0,1,40
USR_20318,USR_20318_C03,2025-05-02,12.5,11.61,3,2,7,1,normal,0,5,40.0,38.5,2,41
USR_20318,USR_20318_C04,2025-06-12,12.5,11.64,3,2,7,1,normal,0,6,41.0,39.333333333333336,3,38
USR_20318,USR_20318_C05,2025-07-20,12.5,11.35,3,2,7,1,normal,0,7,38.0,39.0,4,36
USR_20318,USR_20318_C06,2025-08-25,12.5,11.83,3,2,7,1,normal,0,8,36.0,38.4,5,38
USR_20318,USR_20318_C07,2025-10-02,12.5,11.62,3,2,7,1,normal,0,10,38.0,38.333333333333336,6,39
USR_20318,USR_20318_C08,2025-11-10,12.5,11.78,3,2,7,1,normal,0,11,39.0,38.42857142857143,7,47
USR_20319,USR_20319_C01,2025-04-06,6.0,5.83,1,2,7,1,normal,0,4,,,0,32
USR_20319,USR_20319_C02,2025-05-08,6.0,5.68,1,2,7,1,normal,0,5,32.0,32.0,1,28
USR_20319,USR_20319_C03,2025-06-05,6.0,3.31,1,2,7,1,more,0,6,28.0,30.0,2,17
USR_20319,USR_20319_C04,2025-06-22,6.0,5.77,1,2,7,1,normal,0,6,17.0,25.666666666666668,3,33
USR_20319,USR_20319_C05,2025-07-25,6.0,5.97,1,2,7,1,normal,0,7,33.0,27.5,4,32
USR_20320,USR_20320_C01,2025-04-02,6.0,5.71,1,2,6,1,normal,0,4,,,0,25
USR_20320,USR_20320_C02,2025-04-27,6.0,3.99,1,2,6,1,less,0,4,25.0,25.0,1,26
USR_20320,USR_20320_C03,2025-05-23,6.0,5.61,1,2,6,1,more,0,5,26.0,25.5,2,22
USR_20320,USR_20320_C04,2025-06-14,6.0,5.7,1,2,6,1,less,0,6,22.0,24.333333333333332,3,38
USR_20320,USR_20320_C05,2025-07-22,6.0,5.65,1,2,6,1,normal,0,7,38.0,27.75,4,25
USR_20320,USR_20320_C06,2025-08-16,6.0,5.58,1,2,6,1,normal,0,8,25.0,27.2,5,30
USR_20320,USR_20320_C07,2025-09-15,6.0,3.36,1,2,6,1,more,0,9,30.0,27.666666666666668,6,12
USR_20321,USR_20321_C01,2025-01-04,6.0,5.79,2,1,7,1,normal,1,1,,,0,20
USR_20321,USR_20321_C02,2025-01-24,6.0,5.83,2,1,7,1,normal,1,1,20.0,20.0,1,21
USR_20321,USR_20321_C03,2025-02-14,6.0,5.78,2,1,7,1,normal,0,2,21.0,20.5,2,19
USR_20322,USR_20322_C01,2025-01-29,12.5,11.13,2,2,7,0,normal,1,1,,,0,71
USR_20322,USR_20322_C02,2025-04-10,12.5,12.4,2,2,7,0,normal,0,4,71.0,71.0,1,75
USR_20322,USR_20322_C03,2025-06-24,12.5,11.94,2,2,7,0,normal,0,6,75.0,73.0,2,64
USR_20322,USR_20322_C04,2025-08-27,12.5,12.43,2,2,7,0,normal,0,8,64.0,70.0,3,64
USR_20322,USR_20322_C05,2025-10-30,12.5,9.06,2,2,7,0,less,0,10,64.0,68.5,4,68
USR_20322,USR_20322_C06,2026-01-06,12.5,12.19,2,2,7,0,normal,1,1,68.0,68.4,5,73
USR_20322,USR_20322_C07,2026-03-20,12.5,11.53,2,2,7,0,normal,0,3,73.0,69.16666666666667,6,69
USR_20322,USR_20322_C08,2026-05-28,12.5,10.48,2,2,7,0,normal,0,5,69.0,69.14285714285714,7,58
USR_20323,USR_20323_C01,2025-03-16,12.5,11.75,5,2,7,1,normal,0,3,,,0,45
USR_20323,USR_20323_C02,2025-04-30,12.5,12.43,5,2,7,1,normal,0,4,45.0,45.0,1,38
USR_20325,USR_20325_C01,2025-03-10,6.0,5.84,4,1,7,1,normal,0,3,,,0,23
USR_20325,USR_20325_C02,2025-04-02,6.0,5.78,4,1,7,1,normal,0,4,23.0,23.0,1,27
USR_20325,USR_20325_C03,2025-04-29,6.0,5.95,4,1,7,1,less,0,4,27.0,25.0,2,38
USR_20325,USR_20325_C04,2025-06-06,6.0,5.61,4,1,7,1,normal,0,6,38.0,29.333333333333332,3,25
USR_20326,USR_20326_C01,2025-01-01,12.5,12.34,4,2,7,1,normal,1,1,,,0,41
USR_20326,USR_20326_C02,2025-02-11,12.5,11.74,4,2,7,1,normal,0,2,41.0,41.0,1,38
USR_20326,USR_20326_C03,2025-03-21,12.5,11.85,4,2,7,1,normal,0,3,38.0,39.5,2,43
USR_20326,USR_20326_C04,2025-05-03,12.5,11.52,4,2,7,1,less,0,5,43.0,40.666666666666664,3,56
USR_20326,USR_20326_C05,2025-06-28,12.5,12.08,4,2,7,1,normal,0,6,56.0,44.5,4,52
USR_20326,USR_20326_C06,2025-08-19,12.5,12.46,4,2,7,1,normal,0,8,52.0,46.0,5,44
USR_20326,USR_20326_C07,2025-10-02,12.5,11.86,4,2,7,1,normal,0,10,44.0,45.666666666666664,6,41
USR_20327,USR_20327_C01,2025-03-01,6.0,5.82,3,3,7,1,normal,0,3,,,0,11
USR_20327,USR_20327_C02,2025-03-12,6.0,5.79,3,3,7,1,normal,0,3,11.0,11.0,1,13
USR_20327,USR_20327_C03,2025-03-25,6.0,5.81,3,3,7,1,less,0,3,13.0,12.0,2,17
USR_20327,USR_20327_C04,2025-04-11,6.0,5.88,3,3,7,1,normal,0,4,17.0,13.666666666666666,3,11
USR_20327,USR_20327_C05,2025-04-22,6.0,5.76,3,3,7,1,normal,0,4,11.0,13.0,4,13
USR_20327,USR_20327_C06,2025-05-05,6.0,5.64,3,3,7,1,normal,0,5,13.0,13.0,5,11
USR_20327,USR_20327_C07,2025-05-16,6.0,5.68,3,3,7,1,normal,0,5,11.0,12.666666666666666,6,11
USR_20327,USR_20327_C08,2025-05-27,6.0,3.5,3,3,7,1,more,0,5,11.0,12.428571428571429,7,6
USR_20327,USR_20327_C09,2025-06-02,6.0,5.65,3,3,7,1,normal,0,6,6.0,11.625,8,11
USR_20327,USR_20327_C10,2025-06-13,6.0,5.82,3,3,7,1,normal,0,6,11.0,11.555555555555555,9,12
USR_20327,USR_20327_C11,2025-06-25,6.0,5.19,3,3,7,1,normal,0,6,12.0,11.6,10,11
USR_20328,USR_20328_C01,2025-02-05,6.0,5.61,3,1,5,1,normal,0,2,,,0,25
USR_20328,USR_20328_C02,2025-03-02,6.0,5.61,3,1,5,1,normal,0,3,25.0,25.0,1,23
USR_20328,USR_20328_C03,2025-03-25,6.0,5.67,3,1,5,1,normal,0,3,23.0,24.0,2,26
USR_20329,USR_20329_C01,2025-03-05,12.5,11.89,7,2,7,1,normal,0,3,,,0,31
USR_20329,USR_20329_C02,2025-04-05,12.5,11.56,7,2,7,1,more,0,4,31.0,31.0,1,27
USR_20329,USR_20329_C03,2025-05-02,12.5,12.31,7,2,7,1,more,0,5,27.0,29.0,2,30
USR_20329,USR_20329_C04,2025-06-01,12.5,12.0,7,2,7,1,normal,0,6,30.0,29.333333333333332,3,38
USR_20329,USR_20329_C05,2025-07-09,12.5,12.09,7,2,7,1,normal,0,7,38.0,31.5,4,32
USR_20329,USR_20329_C06,2025-08-10,12.5,6.92,7,2,7,1,normal,0,8,32.0,31.6,5,24
USR_20329,USR_20329_C07,2025-09-03,12.5,8.69,7,2,7,1,normal,0,9,24.0,30.333333333333332,6,24
USR_20330,USR_20330_C01,2025-03-07,12.5,7.19,6,3,7,0,normal,0,3,,,0,29
USR_20330,USR_20330_C02,2025-04-05,12.5,11.61,6,3,7,0,normal,0,4,29.0,29.0,1,49
USR_20330,USR_20330_C03,2025-05-24,12.5,12.45,6,3,7,0,normal,0,5,49.0,39.0,2,50
USR_20330,USR_20330_C04,2025-07-13,12.5,11.68,6,3,7,0,normal,0,7,50.0,42.666666666666664,3,50
USR_20330,USR_20330_C05,2025-09-01,12.5,7.45,6,3,7,0,normal,0,9,50.0,44.5,4,30
USR_20331,USR_20331_C01,2025-01-04,12.5,12.11,2,3,7,1,normal,1,1,,,0,50
USR_20331,USR_20331_C02,2025-02-23,12.5,7.79,2,3,7,1,normal,0,2,50.0,50.0,1,37
USR_20331,USR_20331_C03,2025-04-01,12.5,12.47,2,3,7,1,normal,0,4,37.0,43.5,2,52
USR_20331,USR_20331_C04,2025-05-23,12.5,10.44,2,3,7,1,normal,0,5,52.0,46.333333333333336,3,45
USR_20331,USR_20331_C05,2025-07-07,12.5,11.37,2,3,7,1,normal,0,7,45.0,46.0,4,46
USR_20331,USR_20331_C06,2025-08-22,12.5,10.8,2,3,7,1,normal,0,8,46.0,46.0,5,46
USR_20331,USR_20331_C07,2025-10-07,12.5,7.61,2,3,7,1,normal,0,10,46.0,46.0,6,31
USR_20331,USR_20331_C08,2025-11-07,12.5,12.3,2,3,7,1,normal,0,11,31.0,43.857142857142854,7,51
USR_20332,USR_20332_C01,2025-03-06,12.5,7.78,3,3,7,1,normal,0,3,,,0,26
USR_20332,USR_20332_C02,2025-04-01,12.5,11.56,3,3,7,1,normal,0,4,26.0,26.0,1,40
USR_20333,USR_20333_C01,2025-03-23,6.0,5.63,2,2,7,1,normal,0,3,,,0,19
USR_20333,USR_20333_C02,2025-04-11,6.0,5.8,2,2,7,1,normal,0,4,19.0,19.0,1,18
USR_20333,USR_20333_C03,2025-04-29,6.0,5.67,2,2,7,1,more,0,4,18.0,18.5,2,15
USR_20333,USR_20333_C04,2025-05-14,6.0,4.21,2,2,7,1,normal,0,5,15.0,17.333333333333332,3,13
USR_20333,USR_20333_C05,2025-05-27,6.0,5.65,2,2,7,1,normal,0,5,13.0,16.25,4,20
USR_20333,USR_20333_C06,2025-06-16,6.0,5.53,2,2,7,1,less,0,6,20.0,17.0,5,21
USR_20333,USR_20333_C07,2025-07-07,6.0,5.75,2,2,7,1,normal,0,7,21.0,17.666666666666668,6,18
USR_20333,USR_20333_C08,2025-07-25,6.0,5.91,2,2,7,1,normal,0,7,18.0,17.714285714285715,7,22
USR_20334,USR_20334_C01,2025-03-30,12.5,10.12,4,3,7,1,less,0,3,,,0,40
USR_20334,USR_20334_C02,2025-05-09,12.5,12.17,4,3,7,1,normal,0,5,40.0,40.0,1,36
USR_20334,USR_20334_C03,2025-06-14,12.5,12.2,4,3,7,1,normal,0,6,36.0,38.0,2,36
USR_20334,USR_20334_C04,2025-07-20,12.5,12.19,4,3,7,1,normal,0,7,36.0,37.333333333333336,3,43
USR_20335,USR_20335_C01,2025-01-01,6.0,5.56,4,2,7,0,normal,1,1,,,0,16
USR_20335,USR_20335_C02,2025-01-17,6.0,5.85,4,2,7,0,normal,1,1,16.0,16.0,1,22
USR_20335,USR_20335_C03,2025-02-08,6.0,5.94,4,2,7,0,normal,0,2,22.0,19.0,2,22
USR_20335,USR_20335_C04,2025-03-02,6.0,5.78,4,2,7,0,normal,0,3,22.0,20.0,3,17
USR_20335,USR_20335_C05,2025-03-19,6.0,3.85,4,2,7,0,normal,0,3,17.0,19.25,4,15
USR_20335,USR_20335_C06,2025-04-03,6.0,3.83,4,2,7,0,normal,0,4,15.0,18.4,5,14
USR_20337,USR_20337_C01,2025-02-24,12.5,8.78,4,2,7,1,normal,0,2,,,0,31
USR_20337,USR_20337_C02,2025-03-27,12.5,11.77,4,2,7,1,normal,0,3,31.0,31.0,1,40
USR_20338,USR_20338_C01,2025-03-06,6.0,5.9,1,2,7,0,normal,0,3,,,0,35
USR_20338,USR_20338_C02,2025-04-10,6.0,5.67,1,2,7,0,normal,0,4,35.0,35.0,1,36
USR_20338,USR_20338_C03,2025-05-16,6.0,4.36,1,2,7,0,normal,0,5,36.0,35.5,2,27
USR_20338,USR_20338_C04,2025-06-12,6.0,3.56,1,2,7,0,more,0,6,27.0,32.666666666666664,3,18
USR_20338,USR_20338_C05,2025-06-30,6.0,5.77,1,2,7,0,less,0,6,18.0,29.0,4,45
USR_20339,USR_20339_C01,2025-03-20,6.0,5.92,3,2,7,1,normal,0,3,,,0,21
USR_20339,USR_20339_C02,2025-04-10,6.0,3.68,3,2,7,1,more,0,4,21.0,21.0,1,8
USR_20339,USR_20339_C03,2025-04-18,6.0,4.33,3,2,7,1,normal,0,4,8.0,14.5,2,17
USR_20339,USR_20339_C04,2025-05-05,6.0,5.63,3,2,7,1,normal,0,5,17.0,15.333333333333334,3,21
USR_20339,USR_20339_C05,2025-05-26,6.0,5.71,3,2,7,1,more,0,5,21.0,16.75,4,12
USR_20339,USR_20339_C06,2025-06-07,6.0,5.76,3,2,7,1,normal,0,6,12.0,15.8,5,20
USR_20339,USR_20339_C07,2025-06-27,6.0,5.59,3,2,7,1,normal,0,6,20.0,16.5,6,17
USR_20340,USR_20340_C01,2025-03-11,12.5,12.22,5,2,5,1,normal,0,3,,,0,51
USR_20340,USR_20340_C02,2025-05-01,12.5,12.25,5,2,5,1,normal,0,5,51.0,51.0,1,52
USR_20340,USR_20340_C03,2025-06-22,12.5,12.03,5,2,5,1,normal,0,6,52.0,51.5,2,55
USR_20340,USR_20340_C04,2025-08-16,12.5,12.25,5,2,5,1,normal,0,8,55.0,52.666666666666664,3,47
USR_20340,USR_20340_C05,2025-10-02,12.5,12.21,5,2,5,1,more,0,10,47.0,51.25,4,39
USR_20340,USR_20340_C06,2025-11-10,12.5,9.57,5,2,5,1,normal,0,11,39.0,48.8,5,39
USR_20340,USR_20340_C07,2025-12-19,12.5,12.41,5,2,5,1,more,1,12,39.0,47.166666666666664,6,34
USR_20341,USR_20341_C01,2025-02-24,12.5,12.43,3,2,7,0,normal,0,2,,,0,53
USR_20341,USR_20341_C02,2025-04-18,12.5,12.04,3,2,7,0,normal,0,4,53.0,53.0,1,57
USR_20341,USR_20341_C03,2025-06-14,12.5,10.03,3,2,7,0,more,0,6,57.0,55.0,2,40
USR_20341,USR_20341_C04,2025-07-24,12.5,7.84,3,2,7,0,normal,0,7,40.0,50.0,3,44
USR_20341,USR_20341_C05,2025-09-06,12.5,12.27,3,2,7,0,normal,0,9,44.0,48.5,4,54
USR_20341,USR_20341_C06,2025-10-30,12.5,11.51,3,2,7,0,normal,0,10,54.0,49.6,5,57
USR_20341,USR_20341_C07,2025-12-26,12.5,10.27,3,2,7,0,normal,1,12,57.0,50.833333333333336,6,58
USR_20342,USR_20342_C01,2025-01-01,12.5,11.89,6,3,5,1,normal,1,1,,,0,26
USR_20342,USR_20342_C02,2025-01-27,12.5,9.11,6,3,5,1,less,1,1,26.0,26.0,1,29
USR_20342,USR_20342_C03,2025-02-25,12.5,11.91,6,3,5,1,normal,0,2,29.0,27.5,2,32
USR_20342,USR_20342_C04,2025-03-29,12.5,11.61,6,3,5,1,normal,0,3,32.0,29.0,3,30
USR_20342,USR_20342_C05,2025-04-28,12.5,11.63,6,3,5,1,normal,0,4,30.0,29.25,4,26
USR_20342,USR_20342_C06,2025-05-24,12.5,8.41,6,3,5,1,normal,0,5,26.0,28.6,5,26
USR_20342,USR_20342_C07,2025-06-19,12.5,10.26,6,3,5,1,normal,0,6,26.0,28.166666666666668,6,28
USR_20342,USR_20342_C08,2025-07-17,12.5,12.17,6,3,5,1,less,0,7,28.0,28.142857142857142,7,35
USR_20343,USR_20343_C01,2025-02-20,6.0,4.15,1,2,6,1,more,0,2,,,0,13
USR_20343,USR_20343_C02,2025-03-05,6.0,5.67,1,2,6,1,normal,0,3,13.0,13.0,1,21
USR_20343,USR_20343_C03,2025-03-26,6.0,5.94,1,2,6,1,less,0,3,21.0,17.0,2,25
USR_20343,USR_20343_C04,2025-04-20,6.0,3.53,1,2,6,1,less,0,4,25.0,19.666666666666668,3,17
USR_20343,USR_20343_C05,2025-05-07,6.0,5.68,1,2,6,1,normal,0,5,17.0,19.0,4,18
USR_20344,USR_20344_C01,2025-03-26,6.0,5.62,5,2,6,1,normal,0,3,,,0,13
USR_20344,USR_20344_C02,2025-04-08,6.0,5.83,5,2,6,1,normal,0,4,13.0,13.0,1,16
USR_20344,USR_20344_C03,2025-04-24,6.0,5.9,5,2,6,1,less,0,4,16.0,14.5,2,21
USR_20344,USR_20344_C04,2025-05-15,6.0,4.22,5,2,6,1,normal,0,5,21.0,16.666666666666668,3,9
USR_20344,USR_20344_C05,2025-05-24,6.0,4.29,5,2,6,1,normal,0,5,9.0,14.75,4,12
USR_20344,USR_20344_C06,2025-06-05,6.0,4.16,5,2,6,1,normal,0,6,12.0,14.2,5,9
USR_20344,USR_20344_C07,2025-06-14,6.0,3.73,5,2,6,1,normal,0,6,9.0,13.333333333333334,6,8
USR_20344,USR_20344_C08,2025-06-22,6.0,5.6,5,2,6,1,normal,0,6,8.0,12.571428571428571,7,13
USR_20344,USR_20344_C09,2025-07-05,6.0,3.8,5,2,6,1,more,0,7,13.0,12.625,8,8
USR_20344,USR_20344_C10,2025-07-13,6.0,5.94,5,2,6,1,normal,0,7,8.0,12.11111111111111,9,12
USR_20344,USR_20344_C11,2025-07-25,6.0,5.65,5,2,6,1,more,0,7,12.0,12.1,10,11
USR_20345,USR_20345_C01,2025-04-14,12.5,12.01,3,1,7,1,less,0,4,,,0,75
USR_20345,USR_20345_C02,2025-06-28,12.5,11.69,3,1,7,1,normal,0,6,75.0,75.0,1,56
USR_20345,USR_20345_C03,2025-08-23,12.5,10.23,3,1,7,1,normal,0,8,56.0,65.5,2,56
USR_20345,USR_20345_C04,2025-10-18,12.5,12.23,3,1,7,1,normal,0,10,56.0,62.333333333333336,3,58
USR_20346,USR_20346_C01,2025-02-25,12.5,12.46,6,2,6,1,normal,0,2,,,0,26
USR_20346,USR_20346_C02,2025-03-23,12.5,8.85,6,2,6,1,normal,0,3,26.0,26.0,1,21
USR_20346,USR_20346_C03,2025-04-13,12.5,9.58,6,2,6,1,less,0,4,21.0,23.5,2,27
USR_20346,USR_20346_C04,2025-05-10,12.5,12.39,6,2,6,1,normal,0,5,27.0,24.666666666666668,3,33
USR_20346,USR_20346_C05,2025-06-12,12.5,11.84,6,2,6,1,normal,0,6,33.0,26.75,4,28
USR_20347,USR_20347_C01,2025-02-01,6.0,5.78,5,2,6,1,normal,0,2,,,0,16
USR_20347,USR_20347_C02,2025-02-17,6.0,5.6,5,2,6,1,normal,0,2,16.0,16.0,1,15
USR_20347,USR_20347_C03,2025-03-04,6.0,5.73,5,2,6,1,normal,0,3,15.0,15.5,2,16
USR_20347,USR_20347_C04,2025-03-20,6.0,4.77,5,2,6,1,normal,0,3,16.0,15.666666666666666,3,12
USR_20347,USR_20347_C05,2025-04-01,6.0,5.59,5,2,6,1,normal,0,4,12.0,14.75,4,17
USR_20347,USR_20347_C06,2025-04-18,6.0,5.76,5,2,6,1,normal,0,4,17.0,15.2,5,16
USR_20347,USR_20347_C07,2025-05-04,6.0,5.64,5,2,6,1,less,0,5,16.0,15.333333333333334,6,21
USR_20348,USR_20348_C01,2025-01-25,12.5,12.47,8,2,4,1,normal,1,1,,,0,29
USR_20348,USR_20348_C02,2025-02-23,12.5,12.13,8,2,4,1,normal,0,2,29.0,29.0,1,33
USR_20348,USR_20348_C03,2025-03-28,12.5,8.13,8,2,4,1,normal,0,3,33.0,31.0,2,26
USR_20348,USR_20348_C04,2025-04-23,12.5,10.11,8,2,4,1,normal,0,4,26.0,29.333333333333332,3,27
USR_20348,USR_20348_C05,2025-05-20,12.5,11.8,8,2,4,1,normal,0,5,27.0,28.75,4,29
USR_20348,USR_20348_C06,2025-06-18,12.5,12.29,8,2,4,1,normal,0,6,29.0,28.8,5,31
USR_20348,USR_20348_C07,2025-07-19,12.5,11.52,8,2,4,1,less,0,7,31.0,29.166666666666668,6,37
USR_20348,USR_20348_C08,2025-08-25,12.5,12.25,8,2,4,1,less,0,8,37.0,30.285714285714285,7,38
USR_20348,USR_20348_C09,2025-10-02,12.5,11.95,8,2,4,1,more,0,10,38.0,31.25,8,25
USR_20348,USR_20348_C10,2025-10-27,12.5,12.33,8,2,4,1,normal,0,10,25.0,30.555555555555557,9,36
USR_20348,USR_20348_C11,2025-12-02,12.5,12.04,8,2,4,1,more,1,12,36.0,31.1,10,25
USR_20349,USR_20349_C01,2025-01-22,6.0,5.72,5,2,7,0,normal,1,1,,,0,18
USR_20349,USR_20349_C02,2025-02-09,6.0,3.96,5,2,7,0,normal,0,2,18.0,18.0,1,14
USR_20350,USR_20350_C01,2025-04-20,12.5,11.01,6,3,7,1,normal,0,4,,,0,28
USR_20350,USR_20350_C02,2025-05-18,12.5,11.7,6,3,7,1,normal,0,5,28.0,28.0,1,32
USR_20350,USR_20350_C03,2025-06-19,12.5,11.74,6,3,7,1,normal,0,6,32.0,30.0,2,33
USR_20350,USR_20350_C04,2025-07-22,12.5,8.96,6,3,7,1,normal,0,7,33.0,31.0,3,20
USR_20350,USR_20350_C05,2025-08-11,12.5,12.22,6,3,7,1,normal,0,8,20.0,28.25,4,36
USR_20352,USR_20352_C01,2025-02-12,12.5,12.14,5,3,4,1,normal,0,2,,,0,27
USR_20352,USR_20352_C02,2025-03-11,12.5,11.53,5,3,4,1,normal,0,3,27.0,27.0,1,25
USR_20352,USR_20352_C03,2025-04-05,12.5,11.68,5,3,4,1,normal,0,4,25.0,26.0,2,27
USR_20352,USR_20352_C04,2025-05-02,12.5,8.17,5,3,4,1,normal,0,5,27.0,26.333333333333332,3,17
USR_20352,USR_20352_C05,2025-05-19,12.5,12.37,5,3,4,1,normal,0,5,17.0,24.0,4,32
USR_20352,USR_20352_C06,2025-06-20,12.5,12.24,5,3,4,1,normal,0,6,32.0,25.6,5,30
USR_20353,USR_20353_C01,2025-02-24,6.0,5.86,4,2,4,1,normal,0,2,,,0,22
USR_20353,USR_20353_C02,2025-03-18,6.0,5.56,4,2,4,1,less,0,3,22.0,22.0,1,28
USR_20353,USR_20353_C03,2025-04-15,6.0,5.67,4,2,4,1,normal,0,4,28.0,25.0,2,18
USR_20353,USR_20353_C04,2025-05-03,6.0,5.68,4,2,4,1,less,0,5,18.0,22.666666666666668,3,29
USR_20353,USR_20353_C05,2025-06-01,6.0,5.92,4,2,4,1,normal,0,6,29.0,24.25,4,16
USR_20353,USR_20353_C06,2025-06-17,6.0,5.96,4,2,4,1,normal,0,6,16.0,22.6,5,17
USR_20353,USR_20353_C07,2025-07-04,6.0,5.68,4,2,4,1,more,0,7,17.0,21.666666666666668,6,15
USR_20353,USR_20353_C08,2025-07-19,6.0,5.76,4,2,4,1,normal,0,7,15.0,20.714285714285715,7,18
USR_20354,USR_20354_C01,2025-02-25,12.5,11.92,3,2,7,1,normal,0,2,,,0,42
USR_20354,USR_20354_C02,2025-04-08,12.5,11.71,3,2,7,1,normal,0,4,42.0,42.0,1,40
USR_20354,USR_20354_C03,2025-05-18,12.5,8.45,3,2,7,1,normal,0,5,40.0,41.0,2,28
USR_20354,USR_20354_C04,2025-06-15,12.5,8.83,3,2,7,1,normal,0,6,28.0,36.666666666666664,3,32
USR_20354,USR_20354_C05,2025-07-17,12.5,11.78,3,2,7,1,normal,0,7,32.0,35.5,4,44
USR_20355,USR_20355_C01,2025-01-05,6.0,3.86,3,3,6,1,normal,1,1,,,0,11
USR_20355,USR_20355_C02,2025-01-16,6.0,5.7,3,3,6,1,normal,1,1,11.0,11.0,1,15
USR_20355,USR_20355_C03,2025-01-31,6.0,5.83,3,3,6,1,normal,1,1,15.0,13.0,2,16
USR_20355,USR_20355_C04,2025-02-16,6.0,5.79,3,3,6,1,normal,0,2,16.0,14.0,3,15
USR_20355,USR_20355_C05,2025-03-03,6.0,5.64,3,3,6,1,normal,0,3,15.0,14.25,4,20
USR_20356,USR_20356_C01,2025-02-11,6.0,5.54,3,3,7,1,normal,0,2,,,0,15
USR_20356,USR_20356_C02,2025-02-26,6.0,4.43,3,3,7,1,normal,0,2,15.0,15.0,1,10
USR_20356,USR_20356_C03,2025-03-08,6.0,5.98,3,3,7,1,normal,0,3,10.0,12.5,2,16
USR_20356,USR_20356_C04,2025-03-24,6.0,5.74,3,3,7,1,less,0,3,16.0,13.666666666666666,3,19
USR_20356,USR_20356_C05,2025-04-12,6.0,5.81,3,3,7,1,normal,0,4,19.0,15.0,4,15
USR_20356,USR_20356_C06,2025-04-27,6.0,5.91,3,3,7,1,more,0,4,15.0,15.0,5,14
USR_20356,USR_20356_C07,2025-05-11,6.0,5.92,3,3,7,1,normal,0,5,14.0,14.833333333333334,6,17
USR_20357,USR_20357_C01,2025-03-21,12.5,11.92,6,2,7,1,normal,0,3,,,0,34
USR_20357,USR_20357_C02,2025-04-24,12.5,11.87,6,2,7,1,normal,0,4,34.0,34.0,1,30
USR_20357,USR_20357_C03,2025-05-24,12.5,9.69,6,2,7,1,less,0,5,30.0,32.0,2,34
USR_20357,USR_20357_C04,2025-06-27,12.5,12.19,6,2,7,1,normal,0,6,34.0,32.666666666666664,3,35
USR_20357,USR_20357_C05,2025-08-01,12.5,12.19,6,2,7,1,normal,0,8,35.0,33.25,4,34
USR_20357,USR_20357_C06,2025-09-04,12.5,11.09,6,2,7,1,normal,0,9,34.0,33.4,5,28
USR_20357,USR_20357_C07,2025-10-02,12.5,12.04,6,2,7,1,normal,0,10,28.0,32.5,6,26
USR_20359,USR_20359_C01,2025-02-22,12.5,12.41,4,3,7,1,normal,0,2,,,0,24
USR_20359,USR_20359_C02,2025-03-18,12.5,11.6,4,3,7,1,normal,0,3,24.0,24.0,1,24
USR_20359,USR_20359_C03,2025-04-11,12.5,11.57,4,3,7,1,normal,0,4,24.0,24.0,2,26
USR_20359,USR_20359_C04,2025-05-07,12.5,9.73,4,3,7,1,more,0,5,26.0,24.666666666666668,3,16
USR_20359,USR_20359_C05,2025-05-23,12.5,12.33,4,3,7,1,normal,0,5,16.0,22.5,4,25
USR_20359,USR_20359_C06,2025-06-17,12.5,11.97,4,3,7,1,normal,0,6,25.0,23.0,5,26
USR_20360,USR_20360_C01,2025-02-07,12.5,8.75,4,3,6,1,normal,0,2,,,0,25
USR_20360,USR_20360_C02,2025-03-04,12.5,12.13,4,3,6,1,normal,0,3,25.0,25.0,1,34
USR_20360,USR_20360_C03,2025-04-07,12.5,11.61,4,3,6,1,normal,0,4,34.0,29.5,2,33
USR_20360,USR_20360_C04,2025-05-10,12.5,12.3,4,3,6,1,normal,0,5,33.0,30.666666666666668,3,35
USR_20360,USR_20360_C05,2025-06-14,12.5,11.65,4,3,6,1,normal,0,6,35.0,31.75,4,32
USR_20360,USR_20360_C06,2025-07-16,12.5,8.35,4,3,6,1,normal,0,7,32.0,31.8,5,20
USR_20360,USR_20360_C07,2025-08-05,12.5,9.37,4,3,6,1,normal,0,8,20.0,29.833333333333332,6,22
USR_20360,USR_20360_C08,2025-08-27,12.5,12.17,4,3,6,1,normal,0,8,22.0,28.714285714285715,7,34
USR_20360,USR_20360_C09,2025-09-30,12.5,12.46,4,3,6,1,normal,0,9,34.0,29.375,8,36
USR_20361,USR_20361_C01,2025-01-11,12.5,11.9,5,3,7,1,normal,1,1,,,0,33
USR_20361,USR_20361_C02,2025-02-13,12.5,11.9,5,3,7,1,normal,0,2,33.0,33.0,1,30
USR_20361,USR_20361_C03,2025-03-15,12.5,11.9,5,3,7,1,normal,0,3,30.0,31.5,2,30
USR_20361,USR_20361_C04,2025-04-14,12.5,12.47,5,3,7,1,more,0,4,30.0,31.0,3,25
USR_20361,USR_20361_C05,2025-05-09,12.5,11.81,5,3,7,1,normal,0,5,25.0,29.5,4,33
USR_20361,USR_20361_C06,2025-06-11,12.5,12.21,5,3,7,1,normal,0,6,33.0,30.2,5,32
USR_20361,USR_20361_C07,2025-07-13,12.5,11.63,5,3,7,1,more,0,7,32.0,30.5,6,25
USR_20361,USR_20361_C08,2025-08-07,12.5,11.66,5,3,7,1,normal,0,8,25.0,29.714285714285715,7,32
USR_20361,USR_20361_C09,2025-09-08,12.5,11.73,5,3,7,1,normal,0,9,32.0,30.0,8,30
USR_20362,USR_20362_C01,2025-03-29,6.0,5.52,2,2,5,1,normal,0,3,,,0,17
USR_20362,USR_20362_C02,2025-04-15,6.0,5.91,2,2,5,1,normal,0,4,17.0,17.0,1,23
USR_20362,USR_20362_C03,2025-05-08,6.0,5.85,2,2,5,1,normal,0,5,23.0,20.0,2,21
USR_20362,USR_20362_C04,2025-05-29,6.0,5.96,2,2,5,1,normal,0,5,21.0,20.333333333333332,3,18
USR_20362,USR_20362_C05,2025-06-16,6.0,6.0,2,2,5,1,normal,0,6,18.0,19.75,4,19
USR_20362,USR_20362_C06,2025-07-05,6.0,5.57,2,2,5,1,normal,0,7,19.0,19.6,5,19
USR_20362,USR_20362_C07,2025-07-24,6.0,5.63,2,2,5,1,normal,0,7,19.0,19.5,6,19
USR_20362,USR_20362_C08,2025-08-12,6.0,5.59,2,2,5,1,normal,0,8,19.0,19.428571428571427,7,19
USR_20362,USR_20362_C09,2025-08-31,6.0,5.84,2,2,5,1,normal,0,8,19.0,19.375,8,22
USR_20362,USR_20362_C10,2025-09-22,6.0,5.99,2,2,5,1,less,0,9,22.0,19.666666666666668,9,24
USR_20363,USR_20363_C01,2025-03-29,6.0,4.49,2,1,7,1,normal,0,3,,,0,20
USR_20363,USR_20363_C02,2025-04-18,6.0,5.91,2,1,7,1,normal,0,4,20.0,20.0,1,30
USR_20363,USR_20363_C03,2025-05-18,6.0,5.71,2,1,7,1,normal,0,5,30.0,25.0,2,26
USR_20363,USR_20363_C04,2025-06-13,6.0,5.91,2,1,7,1,normal,0,6,26.0,25.333333333333332,3,25
USR_20363,USR_20363_C05,2025-07-08,6.0,5.94,2,1,7,1,normal,0,7,25.0,25.25,4,26
USR_20363,USR_20363_C06,2025-08-03,6.0,6.0,2,1,7,1,normal,0,8,26.0,25.4,5,31
USR_20363,USR_20363_C07,2025-09-03,6.0,5.81,2,1,7,1,normal,0,9,31.0,26.333333333333332,6,31
USR_20365,USR_20365_C01,2025-02-11,12.5,12.17,5,1,7,1,normal,0,2,,,0,42
USR_20365,USR_20365_C02,2025-03-25,12.5,9.62,5,1,7,1,more,0,3,42.0,42.0,1,31
USR_20365,USR_20365_C03,2025-04-25,12.5,11.6,5,1,7,1,normal,0,4,31.0,36.5,2,39
USR_20365,USR_20365_C04,2025-06-03,12.5,11.79,5,1,7,1,more,0,6,39.0,37.333333333333336,3,33
USR_20368,USR_20368_C01,2025-01-18,12.5,11.78,4,2,7,1,normal,1,1,,,0,27
USR_20368,USR_20368_C02,2025-02-14,12.5,12.32,4,2,7,1,normal,0,2,27.0,27.0,1,29
USR_20368,USR_20368_C03,2025-03-15,12.5,12.01,4,2,7,1,more,0,3,29.0,28.0,2,25
USR_20368,USR_20368_C04,2025-04-09,12.5,11.55,4,2,7,1,normal,0,4,25.0,27.0,3,31
USR_20368,USR_20368_C05,2025-05-10,12.5,11.99,4,2,7,1,normal,0,5,31.0,28.0,4,30
USR_20368,USR_20368_C06,2025-06-09,12.5,11.92,4,2,7,1,normal,0,6,30.0,28.4,5,31
USR_20368,USR_20368_C07,2025-07-10,12.5,11.6,4,2,7,1,normal,0,7,31.0,28.833333333333332,6,33
USR_20369,USR_20369_C01,2025-02-18,12.5,9.1,4,2,7,1,normal,0,2,,,0,23
USR_20369,USR_20369_C02,2025-03-13,12.5,12.39,4,2,7,1,normal,0,3,23.0,23.0,1,32
USR_20370,USR_20370_C01,2025-04-17,12.5,12.44,4,2,6,1,normal,0,4,,,0,34
USR_20370,USR_20370_C02,2025-05-21,12.5,12.2,4,2,6,1,normal,0,5,34.0,34.0,1,40
USR_20370,USR_20370_C03,2025-06-30,12.5,12.39,4,2,6,1,less,0,6,40.0,37.0,2,46
USR_20370,USR_20370_C04,2025-08-15,12.5,11.82,4,2,6,1,normal,0,8,46.0,40.0,3,35
USR_20370,USR_20370_C05,2025-09-19,12.5,12.45,4,2,6,1,normal,0,9,35.0,38.75,4,38
USR_20370,USR_20370_C06,2025-10-27,12.5,11.61,4,2,6,1,normal,0,10,38.0,38.6,5,41
USR_20371,USR_20371_C01,2025-02-12,6.0,5.57,3,2,7,0,normal,0,2,,,0,30
USR_20371,USR_20371_C02,2025-03-14,6.0,5.63,3,2,7,0,normal,0,3,30.0,30.0,1,29
USR_20371,USR_20371_C03,2025-04-12,6.0,5.72,3,2,7,0,normal,0,4,29.0,29.5,2,30
USR_20371,USR_20371_C04,2025-05-12,6.0,5.94,3,2,7,0,normal,0,5,30.0,29.666666666666668,3,34
USR_20371,USR_20371_C05,2025-06-15,6.0,5.8,3,2,7,0,normal,0,6,34.0,30.75,4,32
USR_20371,USR_20371_C06,2025-07-17,6.0,5.67,3,2,7,0,normal,0,7,32.0,31.0,5,35
USR_20371,USR_20371_C07,2025-08-21,6.0,5.66,3,2,7,0,normal,0,8,35.0,31.666666666666668,6,29
USR_20371,USR_20371_C08,2025-09-19,6.0,5.15,3,2,7,0,normal,0,9,29.0,31.285714285714285,7,31
USR_20372,USR_20372_C01,2025-04-21,6.0,3.9,3,2,7,1,less,0,4,,,0,15
USR_20372,USR_20372_C02,2025-05-06,6.0,5.62,3,2,7,1,normal,0,5,15.0,15.0,1,16
USR_20372,USR_20372_C03,2025-05-22,6.0,5.78,3,2,7,1,more,0,5,16.0,15.5,2,14
USR_20372,USR_20372_C04,2025-06-05,6.0,5.88,3,2,7,1,more,0,6,14.0,15.0,3,13
USR_20372,USR_20372_C05,2025-06-18,6.0,5.57,3,2,7,1,normal,0,6,13.0,14.5,4,17
USR_20372,USR_20372_C06,2025-07-05,6.0,5.92,3,2,7,1,normal,0,7,17.0,15.0,5,16
USR_20372,USR_20372_C07,2025-07-21,6.0,5.71,3,2,7,1,normal,0,7,16.0,15.166666666666666,6,17
USR_20373,USR_20373_C01,2025-03-19,6.0,4.44,3,3,6,1,normal,0,3,,,0,13
USR_20373,USR_20373_C02,2025-04-01,6.0,5.55,3,3,6,1,normal,0,4,13.0,13.0,1,16
USR_20373,USR_20373_C03,2025-04-17,6.0,5.58,3,3,6,1,normal,0,4,16.0,14.5,2,16
USR_20374,USR_20374_C01,2025-04-05,6.0,5.36,4,1,7,1,normal,0,4,,,0,19
USR_20374,USR_20374_C02,2025-04-24,6.0,5.86,4,1,7,1,normal,0,4,19.0,19.0,1,20
USR_20374,USR_20374_C03,2025-05-14,6.0,3.82,4,1,7,1,normal,0,5,20.0,19.5,2,10
USR_20374,USR_20374_C04,2025-05-24,6.0,5.15,4,1,7,1,normal,0,5,10.0,16.333333333333332,3,16
USR_20374,USR_20374_C05,2025-06-09,6.0,5.57,4,1,7,1,normal,0,6,16.0,16.25,4,17
USR_20375,USR_20375_C01,2025-03-26,12.5,11.58,4,2,7,1,normal,0,3,,,0,36
USR_20375,USR_20375_C02,2025-05-01,12.5,12.0,4,2,7,1,normal,0,5,36.0,36.0,1,36
USR_20376,USR_20376_C01,2025-03-28,12.5,11.85,7,3,7,1,normal,0,3,,,0,32
USR_20376,USR_20376_C02,2025-04-29,12.5,12.28,7,3,7,1,normal,0,4,32.0,32.0,1,27
USR_20376,USR_20376_C03,2025-05-26,12.5,12.4,7,3,7,1,normal,0,5,27.0,29.5,2,26
USR_20376,USR_20376_C04,2025-06-21,12.5,9.5,7,3,7,1,normal,0,6,26.0,28.333333333333332,3,21
USR_20376,USR_20376_C05,2025-07-12,12.5,8.67,7,3,7,1,more,0,7,21.0,26.5,4,16
USR_20376,USR_20376_C06,2025-07-28,12.5,11.58,7,3,7,1,normal,0,7,16.0,24.4,5,30
USR_20376,USR_20376_C07,2025-08-27,12.5,11.64,7,3,7,1,normal,0,8,30.0,25.333333333333332,6,25
USR_20377,USR_20377_C01,2025-04-28,12.5,7.25,7,3,7,1,more,0,4,,,0,14
USR_20377,USR_20377_C02,2025-05-12,12.5,9.59,7,3,7,1,normal,0,5,14.0,14.0,1,27
USR_20377,USR_20377_C03,2025-06-08,12.5,12.1,7,3,7,1,normal,0,6,27.0,20.5,2,30
USR_20377,USR_20377_C04,2025-07-08,12.5,12.37,7,3,7,1,normal,0,7,30.0,23.666666666666668,3,36
USR_20377,USR_20377_C05,2025-08-13,12.5,11.82,7,3,7,1,normal,0,8,36.0,26.75,4,29
USR_20377,USR_20377_C06,2025-09-11,12.5,11.71,7,3,7,1,normal,0,9,29.0,27.2,5,30
USR_20377,USR_20377_C07,2025-10-11,12.5,12.42,7,3,7,1,normal,0,10,30.0,27.666666666666668,6,28
USR_20378,USR_20378_C01,2025-02-22,12.5,11.51,5,3,7,1,normal,0,2,,,0,34
USR_20378,USR_20378_C02,2025-03-28,12.5,12.27,5,3,7,1,normal,0,3,34.0,34.0,1,40
USR_20378,USR_20378_C03,2025-05-07,12.5,12.05,5,3,7,1,normal,0,5,40.0,37.0,2,32
USR_20378,USR_20378_C04,2025-06-08,12.5,11.58,5,3,7,1,normal,0,6,32.0,35.333333333333336,3,34
USR_20378,USR_20378_C05,2025-07-12,12.5,12.37,5,3,7,1,normal,0,7,34.0,35.0,4,40
USR_20378,USR_20378_C06,2025-08-21,12.5,11.52,5,3,7,1,normal,0,8,40.0,36.0,5,38
USR_20379,USR_20379_C01,2025-01-04,12.5,12.01,4,3,7,1,normal,1,1,,,0,27
USR_20379,USR_20379_C02,2025-01-31,12.5,8.73,4,3,7,1,more,1,1,27.0,27.0,1,20
USR_20379,USR_20379_C03,2025-02-20,12.5,12.48,4,3,7,1,less,0,2,20.0,23.5,2,49
USR_20379,USR_20379_C04,2025-04-10,12.5,9.51,4,3,7,1,normal,0,4,49.0,32.0,3,30
USR_20379,USR_20379_C05,2025-05-10,12.5,12.09,4,3,7,1,normal,0,5,30.0,31.5,4,33
USR_20380,USR_20380_C01,2025-01-09,6.0,5.66,3,3,6,1,normal,1,1,,,0,14
USR_20380,USR_20380_C02,2025-01-23,6.0,5.77,3,3,6,1,more,1,1,14.0,14.0,1,16
USR_20380,USR_20380_C03,2025-02-08,6.0,4.73,3,3,6,1,normal,0,2,16.0,15.0,2,16
USR_20380,USR_20380_C04,2025-02-24,6.0,4.71,3,3,6,1,normal,0,2,16.0,15.333333333333334,3,13
USR_20380,USR_20380_C05,2025-03-09,6.0,5.87,3,3,6,1,normal,0,3,13.0,14.75,4,18
USR_20380,USR_20380_C06,2025-03-27,6.0,5.66,3,3,6,1,normal,0,3,18.0,15.4,5,20
USR_20380,USR_20380_C07,2025-04-16,6.0,5.81,3,3,6,1,normal,0,4,20.0,16.166666666666668,6,18
USR_20381,USR_20381_C01,2025-03-14,12.5,11.84,6,2,7,1,normal,0,3,,,0,40
USR_20381,USR_20381_C02,2025-04-23,12.5,12.49,6,2,7,1,normal,0,4,40.0,40.0,1,37
USR_20381,USR_20381_C03,2025-05-30,12.5,12.39,6,2,7,1,normal,0,5,37.0,38.5,2,38
USR_20381,USR_20381_C04,2025-07-07,12.5,11.36,6,2,7,1,normal,0,7,38.0,38.333333333333336,3,36
USR_20381,USR_20381_C05,2025-08-12,12.5,11.57,6,2,7,1,normal,0,8,36.0,37.75,4,34
USR_20381,USR_20381_C06,2025-09-15,12.5,11.73,6,2,7,1,more,0,9,34.0,37.0,5,34
USR_20381,USR_20381_C07,2025-10-19,12.5,11.94,6,2,7,1,more,0,10,34.0,36.5,6,28
USR_20381,USR_20381_C08,2025-11-16,12.5,11.99,6,2,7,1,normal,0,11,28.0,35.285714285714285,7,42
USR_20382,USR_20382_C01,2025-03-11,12.5,11.55,5,2,4,1,normal,0,3,,,0,37
USR_20382,USR_20382_C02,2025-04-17,12.5,11.62,5,2,4,1,normal,0,4,37.0,37.0,1,30
USR_20382,USR_20382_C03,2025-05-17,12.5,11.62,5,2,4,1,normal,0,5,30.0,33.5,2,28
USR_20382,USR_20382_C04,2025-06-14,12.5,11.57,5,2,4,1,normal,0,6,28.0,31.666666666666668,3,33
USR_20382,USR_20382_C05,2025-07-17,12.5,11.81,5,2,4,1,normal,0,7,33.0,32.0,4,31
USR_20382,USR_20382_C06,2025-08-17,12.5,12.34,5,2,4,1,normal,0,8,31.0,31.8,5,34
USR_20384,USR_20384_C01,2025-03-11,6.0,5.92,5,2,7,1,normal,0,3,,,0,17
USR_20384,USR_20384_C02,2025-03-28,6.0,5.17,5,2,7,1,more,0,3,17.0,17.0,1,11
USR_20384,USR_20384_C03,2025-04-08,6.0,3.87,5,2,7,1,normal,0,4,11.0,14.0,2,9
USR_20384,USR_20384_C04,2025-04-17,6.0,5.93,5,2,7,1,normal,0,4,9.0,12.333333333333334,3,16
USR_20384,USR_20384_C05,2025-05-03,6.0,3.58,5,2,7,1,normal,0,5,16.0,13.25,4,8
USR_20384,USR_20384_C06,2025-05-11,6.0,5.9,5,2,7,1,normal,0,5,8.0,12.2,5,17
USR_20385,USR_20385_C01,2025-03-25,12.5,8.15,5,2,7,1,normal,0,3,,,0,25
USR_20385,USR_20385_C02,2025-04-19,12.5,9.04,5,2,7,1,more,0,4,25.0,25.0,1,20
USR_20385,USR_20385_C03,2025-05-09,12.5,11.81,5,2,7,1,more,0,5,20.0,22.5,2,24
USR_20385,USR_20385_C04,2025-06-02,12.5,11.72,5,2,7,1,normal,0,6,24.0,23.0,3,30
USR_20385,USR_20385_C05,2025-07-02,12.5,12.38,5,2,7,1,normal,0,7,30.0,24.75,4,30
USR_20385,USR_20385_C06,2025-08-01,12.5,12.06,5,2,7,1,less,0,8,30.0,25.8,5,43
USR_20386,USR_20386_C01,2025-03-03,6.0,5.59,4,3,7,0,normal,0,3,,,0,31
USR_20386,USR_20386_C02,2025-04-03,6.0,5.77,4,3,7,0,normal,0,4,31.0,31.0,1,25
USR_20386,USR_20386_C03,2025-04-28,6.0,3.31,4,3,7,0,more,0,4,25.0,28.0,2,11
USR_20386,USR_20386_C04,2025-05-09,6.0,5.99,4,3,7,0,normal,0,5,11.0,22.333333333333332,3,25
USR_20386,USR_20386_C05,2025-06-03,6.0,4.81,4,3,7,0,less,0,6,25.0,23.0,4,32
USR_20386,USR_20386_C06,2025-07-05,6.0,5.81,4,3,7,0,normal,0,7,32.0,24.8,5,23
USR_20386,USR_20386_C07,2025-07-28,6.0,5.88,4,3,7,0,normal,0,7,23.0,24.5,6,23
USR_20386,USR_20386_C08,2025-08-20,6.0,5.95,4,3,7,0,less,0,8,23.0,24.285714285714285,7,38
USR_20386,USR_20386_C09,2025-09-27,6.0,5.82,4,3,7,0,normal,0,9,38.0,26.0,8,26
USR_20386,USR_20386_C10,2025-10-23,6.0,5.81,4,3,7,0,normal,0,10,26.0,26.0,9,24
USR_20387,USR_20387_C01,2025-04-23,12.5,11.61,4,2,6,1,normal,0,4,,,0,37
USR_20387,USR_20387_C02,2025-05-30,12.5,11.7,4,2,6,1,normal,0,5,37.0,37.0,1,37
USR_20388,USR_20388_C01,2025-03-19,6.0,5.77,4,2,6,1,normal,0,3,,,0,19
USR_20388,USR_20388_C02,2025-04-07,6.0,5.96,4,2,6,1,less,0,4,19.0,19.0,1,26
USR_20388,USR_20388_C03,2025-05-03,6.0,5.56,4,2,6,1,normal,0,5,26.0,22.5,2,20
USR_20388,USR_20388_C04,2025-05-23,6.0,5.53,4,2,6,1,normal,0,5,20.0,21.666666666666668,3,17
USR_20389,USR_20389_C01,2025-04-22,12.5,11.96,3,2,7,1,normal,0,4,,,0,50
USR_20389,USR_20389_C02,2025-06-11,12.5,9.98,3,2,7,1,normal,0,6,50.0,50.0,1,43
USR_20389,USR_20389_C03,2025-07-24,12.5,12.35,3,2,7,1,normal,0,7,43.0,46.5,2,52
USR_20389,USR_20389_C04,2025-09-14,12.5,11.76,3,2,7,1,normal,0,9,52.0,48.333333333333336,3,50
USR_20389,USR_20389_C05,2025-11-03,12.5,12.41,3,2,7,1,more,0,11,50.0,48.75,4,39
USR_20389,USR_20389_C06,2025-12-12,12.5,11.67,3,2,7,1,normal,1,12,39.0,46.8,5,45
USR_20391,USR_20391_C01,2025-01-17,6.0,5.73,4,2,6,1,normal,1,1,,,0,19
USR_20391,USR_20391_C02,2025-02-05,6.0,5.64,4,2,6,1,normal,0,2,19.0,19.0,1,20
USR_20391,USR_20391_C03,2025-02-25,6.0,3.31,4,2,6,1,more,0,2,20.0,19.5,2,12
USR_20391,USR_20391_C04,2025-03-09,6.0,5.83,4,2,6,1,normal,0,3,12.0,17.0,3,17
USR_20392,USR_20392_C01,2025-04-04,12.5,12.29,7,2,5,0,less,0,4,,,0,43
USR_20392,USR_20392_C02,2025-05-17,12.5,11.9,7,2,5,0,more,0,5,43.0,43.0,1,33
USR_20392,USR_20392_C03,2025-06-19,12.5,12.31,7,2,5,0,more,0,6,33.0,38.0,2,36
USR_20392,USR_20392_C04,2025-07-25,12.5,12.5,7,2,5,0,normal,0,7,36.0,37.333333333333336,3,45
USR_20392,USR_20392_C05,2025-09-08,12.5,9.48,7,2,5,0,more,0,9,45.0,39.25,4,19
USR_20392,USR_20392_C06,2025-09-27,12.5,12.37,7,2,5,0,normal,0,9,19.0,35.2,5,41
USR_20392,USR_20392_C07,2025-11-07,12.5,12.1,7,2,5,0,less,0,11,41.0,36.166666666666664,6,50
USR_20392,USR_20392_C08,2025-12-27,12.5,11.89,7,2,5,0,less,1,12,50.0,38.142857142857146,7,51
USR_20392,USR_20392_C09,2026-02-16,12.5,12.24,7,2,5,0,normal,0,2,51.0,39.75,8,41
USR_20392,USR_20392_C10,2026-03-29,12.5,11.8,7,2,5,0,normal,0,3,41.0,39.888888888888886,9,39
USR_20392,USR_20392_C11,2026-05-07,12.5,11.95,7,2,5,0,normal,0,5,39.0,39.8,10,44
USR_20392,USR_20392_C12,2026-06-20,12.5,12.35,7,2,5,0,normal,0,6,44.0,40.18181818181818,11,43
USR_20393,USR_20393_C01,2025-02-01,6.0,5.78,2,1,7,1,more,0,2,,,0,12
USR_20393,USR_20393_C02,2025-02-13,6.0,5.04,2,1,7,1,normal,0,2,12.0,12.0,1,13
USR_20393,USR_20393_C03,2025-02-26,6.0,5.85,2,1,7,1,normal,0,2,13.0,12.5,2,14
USR_20393,USR_20393_C04,2025-03-12,6.0,5.17,2,1,7,1,more,0,3,14.0,13.0,3,12
USR_20393,USR_20393_C05,2025-03-24,6.0,5.9,2,1,7,1,normal,0,3,12.0,12.75,4,18
USR_20393,USR_20393_C06,2025-04-11,6.0,5.96,2,1,7,1,normal,0,4,18.0,13.8,5,17
USR_20394,USR_20394_C01,2025-04-03,12.5,12.14,5,3,7,1,normal,0,4,,,0,23
USR_20394,USR_20394_C02,2025-04-26,12.5,11.65,5,3,7,1,normal,0,4,23.0,23.0,1,25
USR_20394,USR_20394_C03,2025-05-21,12.5,11.76,5,3,7,1,normal,0,5,25.0,24.0,2,22
USR_20394,USR_20394_C04,2025-06-12,12.5,7.12,5,3,7,1,normal,0,6,22.0,23.333333333333332,3,16
USR_20394,USR_20394_C05,2025-06-28,12.5,8.59,5,3,7,1,less,0,6,16.0,21.5,4,23
USR_20397,USR_20397_C01,2025-04-10,6.0,5.55,2,2,7,1,normal,0,4,,,0,24
USR_20397,USR_20397_C02,2025-05-04,6.0,4.77,2,2,7,1,normal,0,5,24.0,24.0,1,18
USR_20397,USR_20397_C03,2025-05-22,6.0,5.56,2,2,7,1,normal,0,5,18.0,21.0,2,19
USR_20397,USR_20397_C04,2025-06-10,6.0,5.64,2,2,7,1,normal,0,6,19.0,20.333333333333332,3,18
USR_20397,USR_20397_C05,2025-06-28,6.0,5.16,2,2,7,1,normal,0,6,18.0,19.75,4,17
USR_20397,USR_20397_C06,2025-07-15,6.0,5.59,2,2,7,1,more,0,7,17.0,19.2,5,17
USR_20397,USR_20397_C07,2025-08-01,6.0,5.98,2,2,7,1,normal,0,8,17.0,18.833333333333332,6,20
USR_20397,USR_20397_C08,2025-08-21,6.0,5.94,2,2,7,1,more,0,8,20.0,19.0,7,19
USR_20397,USR_20397_C09,2025-09-09,6.0,4.43,2,2,7,1,normal,0,9,19.0,19.0,8,15
USR_20398,USR_20398_C01,2025-04-08,6.0,5.68,4,3,7,0,normal,0,4,,,0,20
USR_20398,USR_20398_C02,2025-04-28,6.0,5.64,4,3,7,0,normal,0,4,20.0,20.0,1,22
USR_20398,USR_20398_C03,2025-05-20,6.0,5.61,4,3,7,0,less,0,5,22.0,21.0,2,33
USR_20398,USR_20398_C04,2025-06-22,6.0,5.61,4,3,7,0,normal,0,6,33.0,25.0,3,26
USR_20398,USR_20398_C05,2025-07-18,6.0,5.91,4,3,7,0,normal,0,7,26.0,25.25,4,23
USR_20398,USR_20398_C06,2025-08-10,6.0,4.99,4,3,7,0,normal,0,8,23.0,24.8,5,20
USR_20399,USR_20399_C01,2025-04-14,12.5,12.24,3,2,7,1,normal,0,4,,,0,42
USR_20399,USR_20399_C02,2025-05-26,12.5,12.01,3,2,7,1,normal,0,5,42.0,42.0,1,43
USR_20399,USR_20399_C03,2025-07-08,12.5,12.08,3,2,7,1,normal,0,7,43.0,42.5,2,37
USR_20399,USR_20399_C04,2025-08-14,12.5,12.39,3,2,7,1,normal,0,8,37.0,40.666666666666664,3,41
USR_20399,USR_20399_C05,2025-09-24,12.5,6.91,3,2,7,1,normal,0,9,41.0,40.75,4,30
USR_20399,USR_20399_C06,2025-10-24,12.5,7.65,3,2,7,1,less,0,10,30.0,38.6,5,27
USR_20399,USR_20399_C07,2025-11-20,12.5,9.55,3,2,7,1,more,0,11,27.0,36.666666666666664,6,27
USR_20400,USR_20400_C01,2025-01-05,6.0,5.66,6,2,6,1,normal,1,1,,,0,17
USR_20400,USR_20400_C02,2025-01-22,6.0,5.81,6,2,6,1,normal,1,1,17.0,17.0,1,17
USR_20400,USR_20400_C03,2025-02-08,6.0,6.0,6,2,6,1,normal,0,2,17.0,17.0,2,22
USR_20400,USR_20400_C04,2025-03-02,6.0,4.29,6,2,6,1,normal,0,3,22.0,18.666666666666668,3,11
USR_20400,USR_20400_C05,2025-03-13,6.0,5.99,6,2,6,1,less,0,3,11.0,16.75,4,23
USR_20400,USR_20400_C06,2025-04-05,6.0,5.3,6,2,6,1,normal,0,4,23.0,18.0,5,18
USR_20400,USR_20400_C07,2025-04-23,6.0,4.36,6,2,6,1,normal,0,4,18.0,18.0,6,14
USR_20402,USR_20402_C01,2025-03-16,6.0,5.64,2,2,7,1,normal,0,3,,,0,26
USR_20402,USR_20402_C02,2025-04-11,6.0,3.52,2,2,7,1,normal,0,4,26.0,26.0,1,17
USR_20402,USR_20402_C03,2025-04-28,6.0,4.02,2,2,7,1,normal,0,4,17.0,21.5,2,22
USR_20402,USR_20402_C04,2025-05-20,6.0,5.6,2,2,7,1,normal,0,5,22.0,21.666666666666668,3,30
USR_20403,USR_20403_C01,2025-04-16,6.0,4.1,6,3,7,1,normal,0,4,,,0,11
USR_20403,USR_20403_C02,2025-04-27,6.0,5.59,6,3,7,1,normal,0,4,11.0,11.0,1,17
USR_20403,USR_20403_C03,2025-05-14,6.0,5.73,6,3,7,1,normal,0,5,17.0,14.0,2,16
USR_20403,USR_20403_C04,2025-05-30,6.0,5.96,6,3,7,1,normal,0,5,16.0,14.666666666666666,3,17
USR_20403,USR_20403_C05,2025-06-16,6.0,5.69,6,3,7,1,normal,0,6,17.0,15.25,4,16
USR_20403,USR_20403_C06,2025-07-02,6.0,5.74,6,3,7,1,normal,0,7,16.0,15.4,5,17
USR_20403,USR_20403_C07,2025-07-19,6.0,5.87,6,3,7,1,normal,0,7,17.0,15.666666666666666,6,15
USR_20403,USR_20403_C08,2025-08-03,6.0,3.77,6,3,7,1,normal,0,8,15.0,15.571428571428571,7,13
USR_20403,USR_20403_C09,2025-08-16,6.0,5.82,6,3,7,1,normal,0,8,13.0,15.25,8,16
USR_20403,USR_20403_C10,2025-09-01,6.0,5.62,6,3,7,1,normal,0,9,16.0,15.333333333333334,9,16
USR_20403,USR_20403_C11,2025-09-17,6.0,5.58,6,3,7,1,normal,0,9,16.0,15.4,10,16
USR_20403,USR_20403_C12,2025-10-03,6.0,5.76,6,3,7,1,normal,0,10,16.0,15.454545454545455,11,15
USR_20404,USR_20404_C01,2025-04-12,12.5,12.12,6,2,7,1,normal,0,4,,,0,34
USR_20404,USR_20404_C02,2025-05-16,12.5,11.89,6,2,7,1,normal,0,5,34.0,34.0,1,29
USR_20404,USR_20404_C03,2025-06-14,12.5,12.34,6,2,7,1,normal,0,6,29.0,31.5,2,27
USR_20404,USR_20404_C04,2025-07-11,12.5,11.62,6,2,7,1,normal,0,7,27.0,30.0,3,33
USR_20404,USR_20404_C05,2025-08-13,12.5,8.24,6,2,7,1,normal,0,8,33.0,30.75,4,20
USR_20404,USR_20404_C06,2025-09-02,12.5,11.74,6,2,7,1,normal,0,9,20.0,28.6,5,30
USR_20404,USR_20404_C07,2025-10-02,12.5,12.24,6,2,7,1,normal,0,10,30.0,28.833333333333332,6,34
USR_20406,USR_20406_C01,2025-01-01,12.5,9.71,5,3,7,1,normal,1,1,,,0,38
USR_20406,USR_20406_C02,2025-02-08,12.5,11.88,5,3,7,1,normal,0,2,38.0,38.0,1,36
USR_20406,USR_20406_C03,2025-03-16,12.5,12.14,5,3,7,1,normal,0,3,36.0,37.0,2,44
USR_20406,USR_20406_C04,2025-04-29,12.5,11.53,5,3,7,1,normal,0,4,44.0,39.333333333333336,3,38
USR_20406,USR_20406_C05,2025-06-06,12.5,12.14,5,3,7,1,normal,0,6,38.0,39.0,4,48
USR_20406,USR_20406_C06,2025-07-24,12.5,12.27,5,3,7,1,normal,0,7,48.0,40.8,5,46
USR_20406,USR_20406_C07,2025-09-08,12.5,12.4,5,3,7,1,normal,0,9,46.0,41.666666666666664,6,45
USR_20407,USR_20407_C01,2025-01-27,6.0,5.55,4,1,7,1,normal,1,1,,,0,19
USR_20407,USR_20407_C02,2025-02-15,6.0,5.66,4,1,7,1,normal,0,2,19.0,19.0,1,23
USR_20407,USR_20407_C03,2025-03-10,6.0,5.66,4,1,7,1,normal,0,3,23.0,21.0,2,25
USR_20407,USR_20407_C04,2025-04-04,6.0,5.95,4,1,7,1,normal,0,4,25.0,22.333333333333332,3,20
USR_20407,USR_20407_C05,2025-04-24,6.0,5.97,4,1,7,1,normal,0,4,20.0,21.75,4,24
USR_20407,USR_20407_C06,2025-05-18,6.0,5.61,4,1,7,1,normal,0,5,24.0,22.2,5,18
USR_20407,USR_20407_C07,2025-06-05,6.0,5.82,4,1,7,1,normal,0,6,18.0,21.5,6,20
USR_20409,USR_20409_C01,2025-01-02,12.5,12.18,6,2,7,1,normal,1,1,,,0,39
USR_20409,USR_20409_C02,2025-02-10,12.5,11.59,6,2,7,1,normal,0,2,39.0,39.0,1,38
USR_20409,USR_20409_C03,2025-03-20,12.5,12.28,6,2,7,1,less,0,3,38.0,38.5,2,46
USR_20409,USR_20409_C04,2025-05-05,12.5,8.17,6,2,7,1,normal,0,5,46.0,41.0,3,23
USR_20409,USR_20409_C05,2025-05-28,12.5,12.37,6,2,7,1,normal,0,5,23.0,36.5,4,33
USR_20409,USR_20409_C06,2025-06-30,12.5,12.31,6,2,7,1,normal,0,6,33.0,35.8,5,37
USR_20410,USR_20410_C01,2025-02-16,12.5,11.77,7,3,7,0,less,0,2,,,0,46
USR_20410,USR_20410_C02,2025-04-03,12.5,12.35,7,3,7,0,normal,0,4,46.0,46.0,1,36
USR_20410,USR_20410_C03,2025-05-09,12.5,12.35,7,3,7,0,normal,0,5,36.0,41.0,2,39
USR_20410,USR_20410_C04,2025-06-17,12.5,12.22,7,3,7,0,normal,0,6,39.0,40.333333333333336,3,45
USR_20410,USR_20410_C05,2025-08-01,12.5,12.01,7,3,7,0,more,0,8,45.0,41.5,4,35
USR_20410,USR_20410_C06,2025-09-05,12.5,7.84,7,3,7,0,less,0,9,35.0,40.2,5,32
USR_20413,USR_20413_C01,2025-03-02,6.0,3.82,2,2,7,1,normal,0,3,,,0,14
USR_20413,USR_20413_C02,2025-03-16,6.0,5.59,2,2,7,1,normal,0,3,14.0,14.0,1,26
USR_20413,USR_20413_C03,2025-04-11,6.0,5.75,2,2,7,1,normal,0,4,26.0,20.0,2,29
USR_20413,USR_20413_C04,2025-05-10,6.0,5.66,2,2,7,1,normal,0,5,29.0,23.0,3,24
USR_20413,USR_20413_C05,2025-06-03,6.0,4.32,2,2,7,1,normal,0,6,24.0,23.25,4,23
USR_20413,USR_20413_C06,2025-06-26,6.0,5.55,2,2,7,1,normal,0,6,23.0,23.2,5,22
USR_20413,USR_20413_C07,2025-07-18,6.0,3.75,2,2,7,1,normal,0,7,22.0,23.0,6,20
USR_20414,USR_20414_C01,2025-04-28,6.0,4.03,4,2,6,1,normal,0,4,,,0,13
USR_20414,USR_20414_C02,2025-05-11,6.0,3.78,4,2,6,1,more,0,5,13.0,13.0,1,12
USR_20414,USR_20414_C03,2025-05-23,6.0,3.46,4,2,6,1,more,0,5,12.0,12.5,2,9
USR_20414,USR_20414_C04,2025-06-01,6.0,5.82,4,2,6,1,normal,0,6,9.0,11.333333333333334,3,22
USR_20414,USR_20414_C05,2025-06-23,6.0,4.42,4,2,6,1,normal,0,6,22.0,14.0,4,17
USR_20414,USR_20414_C06,2025-07-10,6.0,4.24,4,2,6,1,normal,0,7,17.0,14.6,5,16
USR_20415,USR_20415_C01,2025-01-26,12.5,9.96,3,3,5,0,normal,1,1,,,0,38
USR_20415,USR_20415_C02,2025-03-05,12.5,11.56,3,3,5,0,normal,0,3,38.0,38.0,1,38
USR_20415,USR_20415_C03,2025-04-12,12.5,11.98,3,3,5,0,less,0,4,38.0,38.0,2,47
USR_20415,USR_20415_C04,2025-05-29,12.5,11.53,3,3,5,0,more,0,5,47.0,41.0,3,35
USR_20415,USR_20415_C05,2025-07-03,12.5,7.89,3,3,5,0,normal,0,7,35.0,39.5,4,30
USR_20415,USR_20415_C06,2025-08-02,12.5,11.72,3,3,5,0,more,0,8,30.0,37.6,5,32
USR_20415,USR_20415_C07,2025-09-03,12.5,11.86,3,3,5,0,normal,0,9,32.0,36.666666666666664,6,48
USR_20415,USR_20415_C08,2025-10-21,12.5,11.68,3,3,5,0,normal,0,10,48.0,38.285714285714285,7,45
USR_20416,USR_20416_C01,2025-03-10,6.0,5.89,4,2,7,1,normal,0,3,,,0,20
USR_20416,USR_20416_C02,2025-03-30,6.0,5.54,4,2,7,1,normal,0,3,20.0,20.0,1,14
USR_20416,USR_20416_C03,2025-04-13,6.0,4.44,4,2,7,1,more,0,4,14.0,17.0,2,8
USR_20416,USR_20416_C04,2025-04-21,6.0,3.39,4,2,7,1,normal,0,4,8.0,14.0,3,9
USR_20416,USR_20416_C05,2025-04-30,6.0,5.8,4,2,7,1,normal,0,4,9.0,12.75,4,15
USR_20416,USR_20416_C06,2025-05-15,6.0,4.08,4,2,7,1,normal,0,5,15.0,13.2,5,9
USR_20417,USR_20417_C01,2025-03-19,12.5,11.9,3,2,5,0,normal,0,3,,,0,67
USR_20417,USR_20417_C02,2025-05-25,12.5,7.96,3,2,5,0,normal,0,5,67.0,67.0,1,38
USR_20417,USR_20417_C03,2025-07-02,12.5,11.66,3,2,5,0,normal,0,7,38.0,52.5,2,75
USR_20417,USR_20417_C04,2025-09-15,12.5,12.25,3,2,5,0,normal,0,9,75.0,60.0,3,75
USR_20417,USR_20417_C05,2025-11-29,12.5,11.86,3,2,5,0,normal,0,11,75.0,63.75,4,64
USR_20417,USR_20417_C06,2026-02-01,12.5,12.46,3,2,5,0,normal,0,2,64.0,63.8,5,69
USR_20417,USR_20417_C07,2026-04-11,12.5,7.52,3,2,5,0,normal,0,4,69.0,64.66666666666667,6,43
USR_20417,USR_20417_C08,2026-05-24,12.5,12.32,3,2,5,0,normal,0,5,43.0,61.57142857142857,7,71
USR_20418,USR_20418_C01,2025-03-14,12.5,9.88,5,2,7,1,less,0,3,,,0,34
USR_20418,USR_20418_C02,2025-04-17,12.5,11.95,5,2,7,1,normal,0,4,34.0,34.0,1,39
USR_20418,USR_20418_C03,2025-05-26,12.5,11.54,5,2,7,1,normal,0,5,39.0,36.5,2,39
USR_20418,USR_20418_C04,2025-07-04,12.5,7.91,5,2,7,1,normal,0,7,39.0,37.333333333333336,3,24
USR_20419,USR_20419_C01,2025-04-18,6.0,5.82,4,2,7,0,normal,0,4,,,0,30
USR_20419,USR_20419_C02,2025-05-18,6.0,5.99,4,2,7,0,normal,0,5,30.0,30.0,1,30
USR_20419,USR_20419_C03,2025-06-17,6.0,5.88,4,2,7,0,normal,0,6,30.0,30.0,2,27
USR_20419,USR_20419_C04,2025-07-14,6.0,5.93,4,2,7,0,normal,0,7,27.0,29.0,3,34
USR_20419,USR_20419_C05,2025-08-17,6.0,5.99,4,2,7,0,normal,0,8,34.0,30.25,4,28
USR_20419,USR_20419_C06,2025-09-14,6.0,5.75,4,2,7,0,normal,0,9,28.0,29.8,5,28
USR_20419,USR_20419_C07,2025-10-12,6.0,4.09,4,2,7,0,normal,0,10,28.0,29.5,6,20
USR_20419,USR_20419_C08,2025-11-01,6.0,5.7,4,2,7,0,normal,0,11,20.0,28.142857142857142,7,30
USR_20419,USR_20419_C09,2025-12-01,6.0,4.02,4,2,7,0,less,1,12,30.0,28.375,8,21
USR_20420,USR_20420_C01,2025-01-18,12.5,11.6,4,3,7,1,normal,1,1,,,0,32
USR_20420,USR_20420_C02,2025-02-19,12.5,11.72,4,3,7,1,normal,0,2,32.0,32.0,1,44
USR_20420,USR_20420_C03,2025-04-04,12.5,11.77,4,3,7,1,normal,0,4,44.0,38.0,2,35
USR_20420,USR_20420_C04,2025-05-09,12.5,12.24,4,3,7,1,normal,0,5,35.0,37.0,3,41
USR_20420,USR_20420_C05,2025-06-19,12.5,9.02,4,3,7,1,normal,0,6,41.0,38.0,4,28
USR_20420,USR_20420_C06,2025-07-17,12.5,12.33,4,3,7,1,normal,0,7,28.0,36.0,5,43
USR_20420,USR_20420_C07,2025-08-29,12.5,8.54,4,3,7,1,normal,0,8,43.0,37.166666666666664,6,27
USR_20421,USR_20421_C01,2025-03-10,12.5,12.26,5,3,4,1,normal,0,3,,,0,38
USR_20421,USR_20421_C02,2025-04-17,12.5,12.18,5,3,4,1,less,0,4,38.0,38.0,1,54
USR_20421,USR_20421_C03,2025-06-10,12.5,9.9,5,3,4,1,normal,0,6,54.0,46.0,2,37
USR_20421,USR_20421_C04,2025-07-17,12.5,12.25,5,3,4,1,more,0,7,37.0,43.0,3,30
USR_20421,USR_20421_C05,2025-08-16,12.5,11.98,5,3,4,1,normal,0,8,30.0,39.75,4,32
USR_20422,USR_20422_C01,2025-04-01,12.5,12.08,6,2,7,1,normal,0,4,,,0,33
USR_20422,USR_20422_C02,2025-05-04,12.5,12.04,6,2,7,1,normal,0,5,33.0,33.0,1,27
USR_20422,USR_20422_C03,2025-05-31,12.5,10.76,6,2,7,1,normal,0,5,27.0,30.0,2,29
USR_20422,USR_20422_C04,2025-06-29,12.5,11.74,6,2,7,1,normal,0,6,29.0,29.666666666666668,3,28
USR_20422,USR_20422_C05,2025-07-27,12.5,12.42,6,2,7,1,normal,0,7,28.0,29.25,4,27
USR_20422,USR_20422_C06,2025-08-23,12.5,12.33,6,2,7,1,less,0,8,27.0,28.8,5,43
USR_20422,USR_20422_C07,2025-10-05,12.5,10.83,6,2,7,1,more,0,10,43.0,31.166666666666668,6,20
USR_20422,USR_20422_C08,2025-10-25,12.5,11.62,6,2,7,1,more,0,10,20.0,29.571428571428573,7,19
USR_20422,USR_20422_C09,2025-11-13,12.5,11.95,6,2,7,1,less,0,11,19.0,28.25,8,36
USR_20423,USR_20423_C01,2025-03-24,12.5,11.6,6,3,7,1,normal,0,3,,,0,27
USR_20423,USR_20423_C02,2025-04-20,12.5,12.04,6,3,7,1,normal,0,4,27.0,27.0,1,36
USR_20423,USR_20423_C03,2025-05-26,12.5,8.3,6,3,7,1,normal,0,5,36.0,31.5,2,25
USR_20423,USR_20423_C04,2025-06-20,12.5,11.94,6,3,7,1,normal,0,6,25.0,29.333333333333332,3,29
USR_20423,USR_20423_C05,2025-07-19,12.5,11.77,6,3,7,1,more,0,7,29.0,29.25,4,22
USR_20423,USR_20423_C06,2025-08-10,12.5,11.58,6,3,7,1,normal,0,8,22.0,27.8,5,29
USR_20423,USR_20423_C07,2025-09-08,12.5,11.7,6,3,7,1,normal,0,9,29.0,28.0,6,30
USR_20423,USR_20423_C08,2025-10-08,12.5,11.61,6,3,7,1,more,0,10,30.0,28.285714285714285,7,27
USR_20423,USR_20423_C09,2025-11-04,12.5,12.13,6,3,7,1,normal,0,11,27.0,28.125,8,30
USR_20423,USR_20423_C10,2025-12-04,12.5,8.67,6,3,7,1,more,1,12,30.0,28.333333333333332,9,20
USR_20423,USR_20423_C11,2025-12-24,12.5,11.8,6,3,7,1,less,1,12,20.0,27.5,10,40
USR_20424,USR_20424_C01,2025-03-20,6.0,4.84,3,2,4,0,normal,0,3,,,0,29
USR_20424,USR_20424_C02,2025-04-18,6.0,3.76,3,2,4,0,normal,0,4,29.0,29.0,1,19
USR_20424,USR_20424_C03,2025-05-07,6.0,5.97,3,2,4,0,normal,0,5,19.0,24.0,2,39
USR_20424,USR_20424_C04,2025-06-15,6.0,5.6,3,2,4,0,normal,0,6,39.0,29.0,3,36
USR_20425,USR_20425_C01,2025-03-01,6.0,5.96,4,1,6,1,more,0,3,,,0,20
USR_20425,USR_20425_C02,2025-03-21,6.0,3.5,4,1,6,1,normal,0,3,20.0,20.0,1,13
USR_20425,USR_20425_C03,2025-04-03,6.0,5.82,4,1,6,1,normal,0,4,13.0,16.5,2,22
USR_20425,USR_20425_C04,2025-04-25,6.0,5.7,4,1,6,1,normal,0,4,22.0,18.333333333333332,3,26
USR_20425,USR_20425_C05,2025-05-21,6.0,5.23,4,1,6,1,normal,0,5,26.0,20.25,4,25
USR_20425,USR_20425_C06,2025-06-15,6.0,5.92,4,1,6,1,normal,0,6,25.0,21.2,5,29
USR_20426,USR_20426_C01,2025-01-07,12.5,11.68,7,2,5,1,less,1,1,,,0,41
USR_20426,USR_20426_C02,2025-02-17,12.5,7.71,7,2,5,1,normal,0,2,41.0,41.0,1,22
USR_20426,USR_20426_C03,2025-03-11,12.5,12.47,7,2,5,1,normal,0,3,22.0,31.5,2,33
USR_20428,USR_20428_C01,2025-01-08,12.5,11.96,3,3,6,1,normal,1,1,,,0,52
USR_20428,USR_20428_C02,2025-03-01,12.5,11.96,3,3,6,1,normal,0,3,52.0,52.0,1,49
USR_20428,USR_20428_C03,2025-04-19,12.5,9.08,3,3,6,1,less,0,4,49.0,50.5,2,44
USR_20428,USR_20428_C04,2025-06-02,12.5,12.04,3,3,6,1,more,0,6,44.0,48.333333333333336,3,40
USR_20428,USR_20428_C05,2025-07-12,12.5,6.92,3,3,6,1,less,0,7,40.0,46.25,4,45
USR_20428,USR_20428_C06,2025-08-26,12.5,11.54,3,3,6,1,normal,0,8,45.0,46.0,5,51
USR_20428,USR_20428_C07,2025-10-16,12.5,12.21,3,3,6,1,normal,0,10,51.0,46.833333333333336,6,55
USR_20428,USR_20428_C08,2025-12-10,12.5,11.96,3,3,6,1,less,1,12,55.0,48.0,7,65
USR_20428,USR_20428_C09,2026-02-13,12.5,12.43,3,3,6,1,normal,0,2,65.0,50.125,8,54
USR_20429,USR_20429_C01,2025-03-05,12.5,9.8,3,1,6,1,normal,0,3,,,0,42
USR_20429,USR_20429_C02,2025-04-16,12.5,11.8,3,1,6,1,more,0,4,42.0,42.0,1,42
USR_20429,USR_20429_C03,2025-05-28,12.5,12.36,3,1,6,1,normal,0,5,42.0,42.0,2,55
USR_20429,USR_20429_C04,2025-07-22,12.5,10.41,3,1,6,1,normal,0,7,55.0,46.333333333333336,3,48
USR_20429,USR_20429_C05,2025-09-08,12.5,11.66,3,1,6,1,normal,0,9,48.0,46.75,4,67
USR_20429,USR_20429_C06,2025-11-14,12.5,9.01,3,1,6,1,normal,0,11,67.0,50.8,5,44
USR_20429,USR_20429_C07,2025-12-28,12.5,12.41,3,1,6,1,normal,1,12,44.0,49.666666666666664,6,57
USR_20429,USR_20429_C08,2026-02-23,12.5,12.21,3,1,6,1,normal,0,2,57.0,50.714285714285715,7,58
USR_20430,USR_20430_C01,2025-01-29,12.5,11.72,3,2,7,1,less,1,1,,,0,52
USR_20430,USR_20430_C02,2025-03-22,12.5,10.59,3,2,7,1,normal,0,3,52.0,52.0,1,33
USR_20430,USR_20430_C03,2025-04-24,12.5,12.18,3,2,7,1,normal,0,4,33.0,42.5,2,40
USR_20430,USR_20430_C04,2025-06-03,12.5,12.3,3,2,7,1,less,0,6,40.0,41.666666666666664,3,38
USR_20430,USR_20430_C05,2025-07-11,12.5,11.68,3,2,7,1,normal,0,7,38.0,40.75,4,44
USR_20430,USR_20430_C06,2025-08-24,12.5,12.33,3,2,7,1,more,0,8,44.0,41.4,5,28
USR_20430,USR_20430_C07,2025-09-21,12.5,7.22,3,2,7,1,normal,0,9,28.0,39.166666666666664,6,25
USR_20430,USR_20430_C08,2025-10-16,12.5,11.66,3,2,7,1,normal,0,10,25.0,37.142857142857146,7,37
USR_20430,USR_20430_C09,2025-11-22,12.5,11.51,3,2,7,1,normal,0,11,37.0,37.125,8,44
USR_20431,USR_20431_C01,2025-02-24,6.0,5.98,4,2,7,1,less,0,2,,,0,24
USR_20431,USR_20431_C02,2025-03-20,6.0,5.62,4,2,7,1,normal,0,3,24.0,24.0,1,20
USR_20431,USR_20431_C03,2025-04-09,6.0,5.71,4,2,7,1,less,0,4,20.0,22.0,2,23
USR_20431,USR_20431_C04,2025-05-02,6.0,5.73,4,2,7,1,normal,0,5,23.0,22.333333333333332,3,19
USR_20431,USR_20431_C05,2025-05-21,6.0,5.53,4,2,7,1,normal,0,5,19.0,21.5,4,15
USR_20431,USR_20431_C06,2025-06-05,6.0,3.54,4,2,7,1,normal,0,6,15.0,20.2,5,10
USR_20431,USR_20431_C07,2025-06-15,6.0,6.0,4,2,7,1,normal,0,6,10.0,18.5,6,19
USR_20432,USR_20432_C01,2025-02-04,12.5,11.67,4,3,4,1,normal,0,2,,,0,30
USR_20432,USR_20432_C02,2025-03-06,12.5,11.83,4,3,4,1,less,0,3,30.0,30.0,1,34
USR_20432,USR_20432_C03,2025-04-09,12.5,7.5,4,3,4,1,normal,0,4,34.0,32.0,2,18
USR_20432,USR_20432_C04,2025-04-27,12.5,9.09,4,3,4,1,normal,0,4,18.0,27.333333333333332,3,24
USR_20432,USR_20432_C05,2025-05-21,12.5,11.53,4,3,4,1,normal,0,5,24.0,26.5,4,25
USR_20432,USR_20432_C06,2025-06-15,12.5,11.63,4,3,4,1,normal,0,6,25.0,26.2,5,28
USR_20432,USR_20432_C07,2025-07-13,12.5,11.66,4,3,4,1,normal,0,7,28.0,26.5,6,30
USR_20432,USR_20432_C08,2025-08-12,12.5,11.93,4,3,4,1,normal,0,8,30.0,27.0,7,33
USR_20432,USR_20432_C09,2025-09-14,12.5,12.08,4,3,4,1,more,0,9,33.0,27.75,8,20
USR_20432,USR_20432_C10,2025-10-04,12.5,12.43,4,3,4,1,normal,0,10,20.0,26.88888888888889,9,30
USR_20432,USR_20432_C11,2025-11-03,12.5,11.95,4,3,4,1,normal,0,11,30.0,27.2,10,29
USR_20432,USR_20432_C12,2025-12-02,12.5,12.37,4,3,4,1,normal,1,12,29.0,27.363636363636363,11,26
USR_20433,USR_20433_C01,2025-02-12,12.5,10.82,6,1,6,0,normal,0,2,,,0,44
USR_20433,USR_20433_C02,2025-03-28,12.5,12.18,6,1,6,0,normal,0,3,44.0,44.0,1,50
USR_20433,USR_20433_C03,2025-05-17,12.5,10.23,6,1,6,0,less,0,5,50.0,47.0,2,56
USR_20433,USR_20433_C04,2025-07-12,12.5,8.17,6,1,6,0,normal,0,7,56.0,50.0,3,33
USR_20433,USR_20433_C05,2025-08-14,12.5,12.34,6,1,6,0,less,0,8,33.0,45.75,4,63
USR_20433,USR_20433_C06,2025-10-16,12.5,12.31,6,1,6,0,normal,0,10,63.0,49.2,5,48
USR_20433,USR_20433_C07,2025-12-03,12.5,11.87,6,1,6,0,less,1,12,48.0,49.0,6,45
USR_20434,USR_20434_C01,2025-03-01,12.5,11.59,5,2,5,1,normal,0,3,,,0,29
USR_20434,USR_20434_C02,2025-03-30,12.5,11.74,5,2,5,1,less,0,3,29.0,29.0,1,32
USR_20434,USR_20434_C03,2025-05-01,12.5,11.88,5,2,5,1,normal,0,5,32.0,30.5,2,34
USR_20434,USR_20434_C04,2025-06-04,12.5,12.03,5,2,5,1,normal,0,6,34.0,31.666666666666668,3,31
USR_20434,USR_20434_C05,2025-07-05,12.5,11.8,5,2,5,1,normal,0,7,31.0,31.5,4,30
USR_20434,USR_20434_C06,2025-08-04,12.5,12.46,5,2,5,1,normal,0,8,30.0,31.2,5,35
USR_20435,USR_20435_C01,2025-04-15,12.5,11.8,4,3,7,1,more,0,4,,,0,16
USR_20435,USR_20435_C02,2025-05-01,12.5,12.43,4,3,7,1,normal,0,5,16.0,16.0,1,25
USR_20435,USR_20435_C03,2025-05-26,12.5,12.11,4,3,7,1,normal,0,5,25.0,20.5,2,26
USR_20435,USR_20435_C04,2025-06-21,12.5,12.44,4,3,7,1,normal,0,6,26.0,22.333333333333332,3,21
USR_20435,USR_20435_C05,2025-07-12,12.5,12.19,4,3,7,1,normal,0,7,21.0,22.0,4,21
USR_20435,USR_20435_C06,2025-08-02,12.5,12.49,4,3,7,1,normal,0,8,21.0,21.8,5,21
USR_20436,USR_20436_C01,2025-04-23,12.5,11.53,7,2,6,1,normal,0,4,,,0,27
USR_20436,USR_20436_C02,2025-05-20,12.5,12.49,7,2,6,1,normal,0,5,27.0,27.0,1,32
USR_20436,USR_20436_C03,2025-06-21,12.5,10.58,7,2,6,1,normal,0,6,32.0,29.5,2,26
USR_20436,USR_20436_C04,2025-07-17,12.5,12.27,7,2,6,1,normal,0,7,26.0,28.333333333333332,3,30
USR_20436,USR_20436_C05,2025-08-16,12.5,11.65,7,2,6,1,normal,0,8,30.0,28.75,4,31
USR_20436,USR_20436_C06,2025-09-16,12.5,12.19,7,2,6,1,normal,0,9,31.0,29.2,5,26
USR_20436,USR_20436_C07,2025-10-12,12.5,12.12,7,2,6,1,normal,0,10,26.0,28.666666666666668,6,29
USR_20437,USR_20437_C01,2025-02-03,12.5,11.59,6,2,7,1,normal,0,2,,,0,33
USR_20437,USR_20437_C02,2025-03-08,12.5,7.42,6,2,7,1,less,0,3,33.0,33.0,1,29
USR_20437,USR_20437_C03,2025-04-06,12.5,7.23,6,2,7,1,normal,0,4,29.0,31.0,2,18
USR_20437,USR_20437_C04,2025-04-24,12.5,12.39,6,2,7,1,normal,0,4,18.0,26.666666666666668,3,33
USR_20437,USR_20437_C05,2025-05-27,12.5,9.93,6,2,7,1,normal,0,5,33.0,28.25,4,28
USR_20437,USR_20437_C06,2025-06-24,12.5,12.01,6,2,7,1,normal,0,6,28.0,28.2,5,29
USR_20437,USR_20437_C07,2025-07-23,12.5,12.18,6,2,7,1,normal,0,7,29.0,28.333333333333332,6,34
USR_20437,USR_20437_C08,2025-08-26,12.5,11.86,6,2,7,1,normal,0,8,34.0,29.142857142857142,7,34
USR_20438,USR_20438_C01,2025-03-08,12.5,11.56,4,2,6,1,less,0,3,,,0,40
USR_20438,USR_20438_C02,2025-04-17,12.5,9.71,4,2,6,1,less,0,4,40.0,40.0,1,36
USR_20438,USR_20438_C03,2025-05-23,12.5,7.67,4,2,6,1,normal,0,5,36.0,38.0,2,21
USR_20438,USR_20438_C04,2025-06-13,12.5,12.38,4,2,6,1,normal,0,6,21.0,32.333333333333336,3,40
USR_20438,USR_20438_C05,2025-07-23,12.5,11.99,4,2,6,1,normal,0,7,40.0,34.25,4,29
USR_20438,USR_20438_C06,2025-08-21,12.5,12.43,4,2,6,1,normal,0,8,29.0,33.2,5,28
USR_20438,USR_20438_C07,2025-09-18,12.5,11.58,4,2,6,1,normal,0,9,28.0,32.333333333333336,6,30
USR_20438,USR_20438_C08,2025-10-18,12.5,11.17,4,2,6,1,normal,0,10,30.0,32.0,7,26
USR_20439,USR_20439_C01,2025-01-09,12.5,12.19,4,2,4,1,normal,1,1,,,0,41
USR_20439,USR_20439_C02,2025-02-19,12.5,12.32,4,2,4,1,normal,0,2,41.0,41.0,1,46
USR_20439,USR_20439_C03,2025-04-06,12.5,11.54,4,2,4,1,normal,0,4,46.0,43.5,2,40
USR_20439,USR_20439_C04,2025-05-16,12.5,12.29,4,2,4,1,normal,0,5,40.0,42.333333333333336,3,55
USR_20439,USR_20439_C05,2025-07-10,12.5,11.51,4,2,4,1,normal,0,7,55.0,45.5,4,45
USR_20439,USR_20439_C06,2025-08-24,12.5,12.0,4,2,4,1,normal,0,8,45.0,45.4,5,53
USR_20440,USR_20440_C01,2025-03-20,6.0,5.3,3,2,7,1,normal,0,3,,,0,17
USR_20440,USR_20440_C02,2025-04-06,6.0,5.84,3,2,7,1,normal,0,4,17.0,17.0,1,17
USR_20440,USR_20440_C03,2025-04-23,6.0,5.84,3,2,7,1,normal,0,4,17.0,17.0,2,19
USR_20440,USR_20440_C04,2025-05-12,6.0,4.36,3,2,7,1,normal,0,5,19.0,17.666666666666668,3,13
USR_20440,USR_20440_C05,2025-05-25,6.0,5.53,3,2,7,1,normal,0,5,13.0,16.5,4,22
USR_20442,USR_20442_C01,2025-03-21,12.5,11.55,3,3,5,1,normal,0,3,,,0,41
USR_20442,USR_20442_C02,2025-05-01,12.5,11.5,3,3,5,1,normal,0,5,41.0,41.0,1,50
USR_20442,USR_20442_C03,2025-06-20,12.5,11.85,3,3,5,1,more,0,6,50.0,45.5,2,35
USR_20442,USR_20442_C04,2025-07-25,12.5,11.51,3,3,5,1,normal,0,7,35.0,42.0,3,42
USR_20442,USR_20442_C05,2025-09-05,12.5,8.86,3,3,5,1,normal,0,9,42.0,42.0,4,39
USR_20442,USR_20442_C06,2025-10-14,12.5,10.86,3,3,5,1,more,0,10,39.0,41.4,5,31
USR_20442,USR_20442_C07,2025-11-14,12.5,12.48,3,3,5,1,normal,0,11,31.0,39.666666666666664,6,49
USR_20442,USR_20442_C08,2026-01-02,12.5,12.45,3,3,5,1,normal,1,1,49.0,41.0,7,39
USR_20442,USR_20442_C09,2026-02-10,12.5,11.61,3,3,5,1,normal,0,2,39.0,40.75,8,46
USR_20443,USR_20443_C01,2025-03-31,12.5,7.16,3,2,5,1,normal,0,3,,,0,21
USR_20443,USR_20443_C02,2025-04-21,12.5,11.84,3,2,5,1,more,0,4,21.0,21.0,1,32
USR_20443,USR_20443_C03,2025-05-23,12.5,12.23,3,2,5,1,normal,0,5,32.0,26.5,2,40
USR_20443,USR_20443_C04,2025-07-02,12.5,11.57,3,2,5,1,less,0,7,40.0,31.0,3,42
USR_20443,USR_20443_C05,2025-08-13,12.5,10.46,3,2,5,1,normal,0,8,42.0,33.75,4,30
USR_20443,USR_20443_C06,2025-09-12,12.5,11.36,3,2,5,1,normal,0,9,30.0,33.0,5,41
USR_20443,USR_20443_C07,2025-10-23,12.5,12.14,3,2,5,1,normal,0,10,41.0,34.333333333333336,6,35
USR_20443,USR_20443_C08,2025-11-27,12.5,11.72,3,2,5,1,more,0,11,35.0,34.42857142857143,7,26
USR_20443,USR_20443_C09,2025-12-23,12.5,12.41,3,2,5,1,normal,1,12,26.0,33.375,8,32
USR_20444,USR_20444_C01,2025-04-29,12.5,12.29,7,2,5,1,normal,0,4,,,0,36
USR_20444,USR_20444_C02,2025-06-04,12.5,9.37,7,2,5,1,normal,0,6,36.0,36.0,1,25
USR_20444,USR_20444_C03,2025-06-29,12.5,8.05,7,2,5,1,more,0,6,25.0,30.5,2,19
USR_20444,USR_20444_C04,2025-07-18,12.5,11.79,7,2,5,1,normal,0,7,19.0,26.666666666666668,3,45
USR_20444,USR_20444_C05,2025-09-01,12.5,11.91,7,2,5,1,normal,0,9,45.0,31.25,4,34
USR_20447,USR_20447_C01,2025-03-29,12.5,12.49,4,3,7,1,more,0,3,,,0,36
USR_20447,USR_20447_C02,2025-05-04,12.5,12.11,4,3,7,1,normal,0,5,36.0,36.0,1,35
USR_20447,USR_20447_C03,2025-06-08,12.5,11.91,4,3,7,1,more,0,6,35.0,35.5,2,32
USR_20447,USR_20447_C04,2025-07-10,12.5,12.04,4,3,7,1,normal,0,7,32.0,34.333333333333336,3,43
USR_20447,USR_20447_C05,2025-08-22,12.5,12.31,4,3,7,1,normal,0,8,43.0,36.5,4,38
USR_20447,USR_20447_C06,2025-09-29,12.5,8.12,4,3,7,1,normal,0,9,38.0,36.8,5,28
USR_20447,USR_20447_C07,2025-10-27,12.5,11.99,4,3,7,1,normal,0,10,28.0,35.333333333333336,6,45
USR_20447,USR_20447_C08,2025-12-11,12.5,11.66,4,3,7,1,normal,1,12,45.0,36.714285714285715,7,32
USR_20447,USR_20447_C09,2026-01-12,12.5,10.56,4,3,7,1,normal,1,1,32.0,36.125,8,37
USR_20447,USR_20447_C10,2026-02-18,12.5,12.0,4,3,7,1,normal,0,2,37.0,36.22222222222222,9,38
USR_20448,USR_20448_C01,2025-02-12,12.5,11.85,4,2,7,1,normal,0,2,,,0,37
USR_20448,USR_20448_C02,2025-03-21,12.5,11.28,4,2,7,1,normal,0,3,37.0,37.0,1,34
USR_20448,USR_20448_C03,2025-04-24,12.5,12.45,4,2,7,1,normal,0,4,34.0,35.5,2,40
USR_20448,USR_20448_C04,2025-06-03,12.5,11.92,4,2,7,1,normal,0,6,40.0,37.0,3,38
USR_20449,USR_20449_C01,2025-04-15,12.5,12.47,6,2,7,1,normal,0,4,,,0,31
USR_20449,USR_20449_C02,2025-05-16,12.5,11.84,6,2,7,1,normal,0,5,31.0,31.0,1,30
USR_20449,USR_20449_C03,2025-06-15,12.5,11.81,6,2,7,1,normal,0,6,30.0,30.5,2,30
USR_20449,USR_20449_C04,2025-07-15,12.5,12.03,6,2,7,1,normal,0,7,30.0,30.333333333333332,3,34
USR_20449,USR_20449_C05,2025-08-18,12.5,12.01,6,2,7,1,normal,0,8,34.0,31.25,4,30
USR_20449,USR_20449_C06,2025-09-17,12.5,11.82,6,2,7,1,normal,0,9,30.0,31.0,5,29
USR_20449,USR_20449_C07,2025-10-16,12.5,12.42,6,2,7,1,normal,0,10,29.0,30.666666666666668,6,30
USR_20449,USR_20449_C08,2025-11-15,12.5,10.99,6,2,7,1,normal,0,11,30.0,30.571428571428573,7,26
USR_20449,USR_20449_C09,2025-12-11,12.5,11.86,6,2,7,1,normal,1,12,26.0,30.0,8,30
USR_20449,USR_20449_C10,2026-01-10,12.5,7.92,6,2,7,1,normal,1,1,30.0,30.0,9,20
USR_20450,USR_20450_C01,2025-02-25,12.5,11.71,5,3,7,1,normal,0,2,,,0,44
USR_20450,USR_20450_C02,2025-04-10,12.5,11.92,5,3,7,1,normal,0,4,44.0,44.0,1,42
USR_20450,USR_20450_C03,2025-05-22,12.5,11.93,5,3,7,1,more,0,5,42.0,43.0,2,36
USR_20450,USR_20450_C04,2025-06-27,12.5,7.5,5,3,7,1,more,0,6,36.0,40.666666666666664,3,21
USR_20450,USR_20450_C05,2025-07-18,12.5,12.27,5,3,7,1,normal,0,7,21.0,35.75,4,41
USR_20451,USR_20451_C01,2025-04-30,6.0,5.93,6,2,5,1,normal,0,4,,,0,21
USR_20451,USR_20451_C02,2025-05-21,6.0,5.67,6,2,5,1,normal,0,5,21.0,21.0,1,26
USR_20451,USR_20451_C03,2025-06-16,6.0,5.91,6,2,5,1,normal,0,6,26.0,23.5,2,21
USR_20451,USR_20451_C04,2025-07-07,6.0,5.9,6,2,5,1,normal,0,7,21.0,22.666666666666668,3,24
USR_20452,USR_20452_C01,2025-01-11,12.5,12.2,6,3,7,1,normal,1,1,,,0,32
USR_20452,USR_20452_C02,2025-02-12,12.5,12.13,6,3,7,1,normal,0,2,32.0,32.0,1,42
USR_20452,USR_20452_C03,2025-03-26,12.5,11.91,6,3,7,1,normal,0,3,42.0,37.0,2,36
USR_20452,USR_20452_C04,2025-05-01,12.5,10.55,6,3,7,1,normal,0,5,36.0,36.666666666666664,3,33
USR_20454,USR_20454_C01,2025-01-26,12.5,11.82,5,3,6,1,normal,1,1,,,0,38
USR_20454,USR_20454_C02,2025-03-05,12.5,12.02,5,3,6,1,normal,0,3,38.0,38.0,1,47
USR_20454,USR_20454_C03,2025-04-21,12.5,7.18,5,3,6,1,normal,0,4,47.0,42.5,2,22
USR_20454,USR_20454_C04,2025-05-13,12.5,12.26,5,3,6,1,less,0,5,22.0,35.666666666666664,3,51
USR_20454,USR_20454_C05,2025-07-03,12.5,12.01,5,3,6,1,more,0,7,51.0,39.5,4,30
USR_20454,USR_20454_C06,2025-08-02,12.5,12.49,5,3,6,1,normal,0,8,30.0,37.6,5,41
USR_20454,USR_20454_C07,2025-09-12,12.5,11.6,5,3,6,1,normal,0,9,41.0,38.166666666666664,6,31
USR_20455,USR_20455_C01,2025-04-17,12.5,12.44,4,1,7,1,normal,0,4,,,0,49
USR_20455,USR_20455_C02,2025-06-05,12.5,8.3,4,1,7,1,normal,0,6,49.0,49.0,1,34
USR_20455,USR_20455_C03,2025-07-09,12.5,12.03,4,1,7,1,more,0,7,34.0,41.5,2,38
USR_20455,USR_20455_C04,2025-08-16,12.5,12.28,4,1,7,1,normal,0,8,38.0,40.333333333333336,3,47
USR_20455,USR_20455_C05,2025-10-02,12.5,12.04,4,1,7,1,more,0,10,47.0,42.0,4,36
USR_20455,USR_20455_C06,2025-11-07,12.5,12.18,4,1,7,1,normal,0,11,36.0,40.8,5,42
USR_20455,USR_20455_C07,2025-12-19,12.5,11.57,4,1,7,1,normal,1,12,42.0,41.0,6,38
USR_20455,USR_20455_C08,2026-01-26,12.5,12.33,4,1,7,1,normal,1,1,38.0,40.57142857142857,7,45
USR_20455,USR_20455_C09,2026-03-12,12.5,10.76,4,1,7,1,normal,0,3,45.0,41.125,8,36
USR_20456,USR_20456_C01,2025-04-06,12.5,11.99,8,2,7,0,normal,0,4,,,0,45
USR_20456,USR_20456_C02,2025-05-21,12.5,12.15,8,2,7,0,normal,0,5,45.0,45.0,1,46
USR_20456,USR_20456_C03,2025-07-06,12.5,12.28,8,2,7,0,normal,0,7,46.0,45.5,2,43
USR_20457,USR_20457_C01,2025-03-21,12.5,10.84,6,2,7,1,more,0,3,,,0,21
USR_20457,USR_20457_C02,2025-04-11,12.5,12.35,6,2,7,1,normal,0,4,21.0,21.0,1,31
USR_20457,USR_20457_C03,2025-05-12,12.5,9.09,6,2,7,1,normal,0,5,31.0,26.0,2,22
USR_20457,USR_20457_C04,2025-06-03,12.5,11.59,6,2,7,1,normal,0,6,22.0,24.666666666666668,3,28
USR_20457,USR_20457_C05,2025-07-01,12.5,11.53,6,2,7,1,more,0,7,28.0,25.5,4,22
USR_20458,USR_20458_C01,2025-04-28,6.0,5.91,6,2,7,1,normal,0,4,,,0,15
USR_20458,USR_20458_C02,2025-05-13,6.0,4.02,6,2,7,1,normal,0,5,15.0,15.0,1,10
USR_20458,USR_20458_C03,2025-05-23,6.0,5.78,6,2,7,1,normal,0,5,10.0,12.5,2,16
USR_20458,USR_20458_C04,2025-06-08,6.0,5.99,6,2,7,1,normal,0,6,16.0,13.666666666666666,3,13
USR_20458,USR_20458_C05,2025-06-21,6.0,5.81,6,2,7,1,normal,0,6,13.0,13.5,4,13
USR_20459,USR_20459_C01,2025-01-25,12.5,12.34,3,2,5,1,normal,1,1,,,0,34
USR_20459,USR_20459_C02,2025-02-28,12.5,11.88,3,2,5,1,normal,0,2,34.0,34.0,1,30
USR_20459,USR_20459_C03,2025-03-30,12.5,7.13,3,2,5,1,normal,0,3,30.0,32.0,2,18
USR_20459,USR_20459_C04,2025-04-17,12.5,11.52,3,2,5,1,normal,0,4,18.0,27.333333333333332,3,31
USR_20459,USR_20459_C05,2025-05-18,12.5,11.97,3,2,5,1,less,0,5,31.0,28.25,4,42
USR_20459,USR_20459_C06,2025-06-29,12.5,9.49,3,2,5,1,normal,0,6,42.0,31.0,5,25
USR_20460,USR_20460_C01,2025-04-08,12.5,11.32,6,2,7,1,normal,0,4,,,0,27
USR_20460,USR_20460_C02,2025-05-05,12.5,12.08,6,2,7,1,normal,0,5,27.0,27.0,1,30
USR_20460,USR_20460_C03,2025-06-04,12.5,12.23,6,2,7,1,more,0,6,30.0,28.5,2,31
USR_20460,USR_20460_C04,2025-07-05,12.5,9.1,6,2,7,1,normal,0,7,31.0,29.333333333333332,3,21
USR_20460,USR_20460_C05,2025-07-26,12.5,12.13,6,2,7,1,normal,0,7,21.0,27.25,4,34
USR_20460,USR_20460_C06,2025-08-29,12.5,7.58,6,2,7,1,normal,0,8,34.0,28.6,5,20
USR_20460,USR_20460_C07,2025-09-18,12.5,11.6,6,2,7,1,normal,0,9,20.0,27.166666666666668,6,33
USR_20460,USR_20460_C08,2025-10-21,12.5,10.13,6,2,7,1,less,0,10,33.0,28.0,7,33
USR_20460,USR_20460_C09,2025-11-23,12.5,8.5,6,2,7,1,less,0,11,33.0,28.625,8,35
USR_20461,USR_20461_C01,2025-02-20,6.0,3.51,4,3,7,1,normal,0,2,,,0,8
USR_20461,USR_20461_C02,2025-02-28,6.0,5.81,4,3,7,1,normal,0,2,8.0,8.0,1,16
USR_20461,USR_20461_C03,2025-03-16,6.0,3.5,4,3,7,1,normal,0,3,16.0,12.0,2,9
USR_20461,USR_20461_C04,2025-03-25,6.0,5.81,4,3,7,1,normal,0,3,9.0,11.0,3,15
USR_20461,USR_20461_C05,2025-04-09,6.0,5.96,4,3,7,1,normal,0,4,15.0,12.0,4,14
USR_20461,USR_20461_C06,2025-04-23,6.0,3.66,4,3,7,1,normal,0,4,14.0,12.4,5,12
USR_20461,USR_20461_C07,2025-05-05,6.0,5.77,4,3,7,1,normal,0,5,12.0,12.333333333333334,6,13
USR_20461,USR_20461_C08,2025-05-18,6.0,4.1,4,3,7,1,normal,0,5,13.0,12.428571428571429,7,9
USR_20461,USR_20461_C09,2025-05-27,6.0,5.94,4,3,7,1,less,0,5,9.0,12.0,8,18
USR_20462,USR_20462_C01,2025-04-12,6.0,5.78,2,3,7,0,normal,0,4,,,0,24
USR_20462,USR_20462_C02,2025-05-06,6.0,5.23,2,3,7,0,less,0,5,24.0,24.0,1,33
USR_20462,USR_20462_C03,2025-06-08,6.0,5.73,2,3,7,0,more,0,6,33.0,28.5,2,22
USR_20462,USR_20462_C04,2025-06-30,6.0,5.83,2,3,7,0,normal,0,6,22.0,26.333333333333332,3,23
USR_20462,USR_20462_C05,2025-07-23,6.0,5.7,2,3,7,0,normal,0,7,23.0,25.5,4,22
USR_20462,USR_20462_C06,2025-08-14,6.0,5.53,2,3,7,0,normal,0,8,22.0,24.8,5,24
USR_20462,USR_20462_C07,2025-09-07,6.0,4.53,2,3,7,0,normal,0,9,24.0,24.666666666666668,6,16
USR_20462,USR_20462_C08,2025-09-23,6.0,5.99,2,3,7,0,normal,0,9,16.0,23.428571428571427,7,26
USR_20463,USR_20463_C01,2025-02-01,12.5,12.17,5,3,7,1,normal,0,2,,,0,27
USR_20463,USR_20463_C02,2025-02-28,12.5,11.83,5,3,7,1,normal,0,2,27.0,27.0,1,27
USR_20463,USR_20463_C03,2025-03-27,12.5,12.15,5,3,7,1,more,0,3,27.0,27.0,2,23
USR_20463,USR_20463_C04,2025-04-19,12.5,12.26,5,3,7,1,normal,0,4,23.0,25.666666666666668,3,30
USR_20463,USR_20463_C05,2025-05-19,12.5,11.59,5,3,7,1,normal,0,5,30.0,26.75,4,33
USR_20463,USR_20463_C06,2025-06-21,12.5,11.59,5,3,7,1,normal,0,6,33.0,28.0,5,30
USR_20463,USR_20463_C07,2025-07-21,12.5,9.3,5,3,7,1,normal,0,7,30.0,28.333333333333332,6,23
USR_20463,USR_20463_C08,2025-08-13,12.5,11.98,5,3,7,1,normal,0,8,23.0,27.571428571428573,7,27
USR_20463,USR_20463_C09,2025-09-09,12.5,12.39,5,3,7,1,normal,0,9,27.0,27.5,8,31
USR_20463,USR_20463_C10,2025-10-10,12.5,11.94,5,3,7,1,normal,0,10,31.0,27.88888888888889,9,32
USR_20465,USR_20465_C01,2025-01-19,6.0,5.75,4,2,5,1,normal,1,1,,,0,18
USR_20465,USR_20465_C02,2025-02-06,6.0,5.66,4,2,5,1,normal,0,2,18.0,18.0,1,18
USR_20465,USR_20465_C03,2025-02-24,6.0,5.89,4,2,5,1,normal,0,2,18.0,18.0,2,19
USR_20465,USR_20465_C04,2025-03-15,6.0,4.18,4,2,5,1,normal,0,3,19.0,18.333333333333332,3,15
USR_20465,USR_20465_C05,2025-03-30,6.0,5.58,4,2,5,1,normal,0,3,15.0,17.5,4,16
USR_20465,USR_20465_C06,2025-04-15,6.0,5.6,4,2,5,1,normal,0,4,16.0,17.2,5,20
USR_20465,USR_20465_C07,2025-05-05,6.0,5.89,4,2,5,1,normal,0,5,20.0,17.666666666666668,6,21
USR_20465,USR_20465_C08,2025-05-26,6.0,5.75,4,2,5,1,more,0,5,21.0,18.142857142857142,7,18
USR_20465,USR_20465_C09,2025-06-13,6.0,4.37,4,2,5,1,normal,0,6,18.0,18.125,8,14
USR_20465,USR_20465_C10,2025-06-27,6.0,5.58,4,2,5,1,normal,0,6,14.0,17.666666666666668,9,17
USR_20466,USR_20466_C01,2025-02-19,12.5,9.56,2,2,7,1,normal,0,2,,,0,31
USR_20466,USR_20466_C02,2025-03-22,12.5,12.22,2,2,7,1,normal,0,3,31.0,31.0,1,42
USR_20466,USR_20466_C03,2025-05-03,12.5,11.72,2,2,7,1,normal,0,5,42.0,36.5,2,38
USR_20466,USR_20466_C04,2025-06-10,12.5,7.33,2,2,7,1,normal,0,6,38.0,37.0,3,22
USR_20466,USR_20466_C05,2025-07-02,12.5,9.06,2,2,7,1,more,0,7,22.0,33.25,4,27
USR_20466,USR_20466_C06,2025-07-29,12.5,12.44,2,2,7,1,normal,0,7,27.0,32.0,5,38
USR_20468,USR_20468_C01,2025-02-25,12.5,10.74,4,2,7,1,normal,0,2,,,0,34
USR_20468,USR_20468_C02,2025-03-31,12.5,12.09,4,2,7,1,normal,0,3,34.0,34.0,1,48
USR_20468,USR_20468_C03,2025-05-18,12.5,12.02,4,2,7,1,normal,0,5,48.0,41.0,2,39
USR_20468,USR_20468_C04,2025-06-26,12.5,7.67,4,2,7,1,more,0,6,39.0,40.333333333333336,3,27
USR_20470,USR_20470_C01,2025-03-18,12.5,11.98,6,1,7,1,normal,0,3,,,0,41
USR_20470,USR_20470_C02,2025-04-28,12.5,12.4,6,1,7,1,normal,0,4,41.0,41.0,1,42
USR_20470,USR_20470_C03,2025-06-09,12.5,11.51,6,1,7,1,more,0,6,42.0,41.5,2,27
USR_20470,USR_20470_C04,2025-07-06,12.5,12.33,6,1,7,1,more,0,7,27.0,36.666666666666664,3,33
USR_20470,USR_20470_C05,2025-08-08,12.5,11.61,6,1,7,1,normal,0,8,33.0,35.75,4,39
USR_20470,USR_20470_C06,2025-09-16,12.5,11.5,6,1,7,1,normal,0,9,39.0,36.4,5,42
USR_20470,USR_20470_C07,2025-10-28,12.5,12.29,6,1,7,1,normal,0,10,42.0,37.333333333333336,6,37
USR_20472,USR_20472_C01,2025-02-12,12.5,12.39,4,3,5,1,normal,0,2,,,0,37
USR_20472,USR_20472_C02,2025-03-21,12.5,9.06,4,3,5,1,normal,0,3,37.0,37.0,1,27
USR_20472,USR_20472_C03,2025-04-17,12.5,8.0,4,3,5,1,normal,0,4,27.0,32.0,2,25
USR_20472,USR_20472_C04,2025-05-12,12.5,11.82,4,3,5,1,less,0,5,25.0,29.666666666666668,3,47
USR_20472,USR_20472_C05,2025-06-28,12.5,11.71,4,3,5,1,normal,0,6,47.0,34.0,4,34
USR_20472,USR_20472_C06,2025-08-01,12.5,12.25,4,3,5,1,normal,0,8,34.0,34.0,5,40
USR_20474,USR_20474_C01,2025-03-20,6.0,5.91,3,2,7,1,more,0,3,,,0,15
USR_20474,USR_20474_C02,2025-04-04,6.0,4.47,3,2,7,1,normal,0,4,15.0,15.0,1,13
USR_20474,USR_20474_C03,2025-04-17,6.0,5.6,3,2,7,1,more,0,4,13.0,14.0,2,11
USR_20476,USR_20476_C01,2025-03-05,6.0,5.87,3,2,7,0,normal,0,3,,,0,22
USR_20476,USR_20476_C02,2025-03-27,6.0,5.58,3,2,7,0,normal,0,3,22.0,22.0,1,22
USR_20476,USR_20476_C03,2025-04-18,6.0,3.42,3,2,7,0,normal,0,4,22.0,22.0,2,14
USR_20476,USR_20476_C04,2025-05-02,6.0,3.74,3,2,7,0,normal,0,5,14.0,19.333333333333332,3,14
USR_20476,USR_20476_C05,2025-05-16,6.0,5.79,3,2,7,0,normal,0,5,14.0,18.0,4,24
USR_20476,USR_20476_C06,2025-06-09,6.0,5.55,3,2,7,0,normal,0,6,24.0,19.2,5,21
USR_20476,USR_20476_C07,2025-06-30,6.0,5.97,3,2,7,0,normal,0,6,21.0,19.5,6,22
USR_20477,USR_20477_C01,2025-01-13,6.0,5.93,3,3,7,1,normal,1,1,,,0,19
USR_20477,USR_20477_C02,2025-02-01,6.0,5.87,3,3,7,1,normal,0,2,19.0,19.0,1,22
USR_20477,USR_20477_C03,2025-02-23,6.0,5.65,3,3,7,1,more,0,2,22.0,20.5,2,17
USR_20477,USR_20477_C04,2025-03-12,6.0,5.92,3,3,7,1,more,0,3,17.0,19.333333333333332,3,20
USR_20477,USR_20477_C05,2025-04-01,6.0,5.94,3,3,7,1,normal,0,4,20.0,19.5,4,23
USR_20477,USR_20477_C06,2025-04-24,6.0,5.92,3,3,7,1,normal,0,4,23.0,20.2,5,27
USR_20479,USR_20479_C01,2025-02-28,6.0,5.32,5,2,6,0,normal,0,2,,,0,19
USR_20479,USR_20479_C02,2025-03-19,6.0,4.78,5,2,6,0,normal,0,3,19.0,19.0,1,17
USR_20479,USR_20479_C03,2025-04-05,6.0,5.69,5,2,6,0,normal,0,4,17.0,18.0,2,18
USR_20479,USR_20479_C04,2025-04-23,6.0,5.95,5,2,6,0,normal,0,4,18.0,18.0,3,22
USR_20479,USR_20479_C05,2025-05-15,6.0,5.91,5,2,6,0,normal,0,5,22.0,19.0,4,21
USR_20479,USR_20479_C06,2025-06-05,6.0,5.62,5,2,6,0,less,0,6,21.0,19.4,5,25
USR_20479,USR_20479_C07,2025-06-30,6.0,5.88,5,2,6,0,more,0,6,25.0,20.333333333333332,6,16
USR_20479,USR_20479_C08,2025-07-16,6.0,5.83,5,2,6,0,normal,0,7,16.0,19.714285714285715,7,21
USR_20479,USR_20479_C09,2025-08-06,6.0,5.95,5,2,6,0,normal,0,8,21.0,19.875,8,20
USR_20480,USR_20480_C01,2025-02-17,12.5,12.46,6,1,6,1,normal,0,2,,,0,47
USR_20480,USR_20480_C02,2025-04-05,12.5,9.29,6,1,6,1,normal,0,4,47.0,47.0,1,36
USR_20480,USR_20480_C03,2025-05-11,12.5,12.18,6,1,6,1,normal,0,5,36.0,41.5,2,49
USR_20480,USR_20480_C04,2025-06-29,12.5,11.7,6,1,6,1,normal,0,6,49.0,44.0,3,43
USR_20481,USR_20481_C01,2025-03-05,6.0,5.79,2,2,7,1,normal,0,3,,,0,27
USR_20481,USR_20481_C02,2025-04-01,6.0,5.61,2,2,7,1,more,0,4,27.0,27.0,1,19
USR_20481,USR_20481_C03,2025-04-20,6.0,3.72,2,2,7,1,normal,0,4,19.0,23.0,2,15
USR_20481,USR_20481_C04,2025-05-05,6.0,5.78,2,2,7,1,normal,0,5,15.0,20.333333333333332,3,32
USR_20481,USR_20481_C05,2025-06-06,6.0,5.64,2,2,7,1,less,0,6,32.0,23.25,4,34
USR_20481,USR_20481_C06,2025-07-10,6.0,5.82,2,2,7,1,normal,0,7,34.0,25.4,5,29
USR_20481,USR_20481_C07,2025-08-08,6.0,5.59,2,2,7,1,normal,0,8,29.0,26.0,6,27
USR_20482,USR_20482_C01,2025-01-30,12.5,11.58,8,2,4,1,normal,1,1,,,0,29
USR_20482,USR_20482_C02,2025-02-28,12.5,10.44,8,2,4,1,normal,0,2,29.0,29.0,1,27
USR_20482,USR_20482_C03,2025-03-27,12.5,12.03,8,2,4,1,normal,0,3,27.0,28.0,2,31
USR_20482,USR_20482_C04,2025-04-27,12.5,11.52,8,2,4,1,less,0,4,31.0,29.0,3,43
USR_20482,USR_20482_C05,2025-06-09,12.5,11.92,8,2,4,1,normal,0,6,43.0,32.5,4,41
USR_20482,USR_20482_C06,2025-07-20,12.5,12.17,8,2,4,1,normal,0,7,41.0,34.2,5,34
USR_20482,USR_20482_C07,2025-08-23,12.5,12.38,8,2,4,1,normal,0,8,34.0,34.166666666666664,6,36
USR_20483,USR_20483_C01,2025-03-29,12.5,11.72,7,3,7,1,normal,0,3,,,0,29
USR_20483,USR_20483_C02,2025-04-27,12.5,8.96,7,3,7,1,normal,0,4,29.0,29.0,1,20
USR_20483,USR_20483_C03,2025-05-17,12.5,9.76,7,3,7,1,normal,0,5,20.0,24.5,2,22
USR_20483,USR_20483_C04,2025-06-08,12.5,9.29,7,3,7,1,normal,0,6,22.0,23.666666666666668,3,26
USR_20483,USR_20483_C05,2025-07-04,12.5,11.92,7,3,7,1,normal,0,7,26.0,24.25,4,27
USR_20483,USR_20483_C06,2025-07-31,12.5,12.43,7,3,7,1,normal,0,7,27.0,24.8,5,33
USR_20483,USR_20483_C07,2025-09-02,12.5,12.35,7,3,7,1,normal,0,9,33.0,26.166666666666668,6,29
USR_20483,USR_20483_C08,2025-10-01,12.5,12.43,7,3,7,1,more,0,10,29.0,26.571428571428573,7,20
USR_20483,USR_20483_C09,2025-10-21,12.5,7.41,7,3,7,1,less,0,10,20.0,25.75,8,20
USR_20484,USR_20484_C01,2025-03-19,12.5,11.88,4,2,7,0,normal,0,3,,,0,57
USR_20484,USR_20484_C02,2025-05-15,12.5,10.83,4,2,7,0,normal,0,5,57.0,57.0,1,62
USR_20484,USR_20484_C03,2025-07-16,12.5,12.19,4,2,7,0,normal,0,7,62.0,59.5,2,75
USR_20484,USR_20484_C04,2025-09-29,12.5,9.6,4,2,7,0,less,0,9,75.0,64.66666666666667,3,75
USR_20484,USR_20484_C05,2025-12-13,12.5,8.25,4,2,7,0,normal,1,12,75.0,67.25,4,39
USR_20484,USR_20484_C06,2026-01-21,12.5,12.3,4,2,7,0,normal,1,1,39.0,61.6,5,63
USR_20484,USR_20484_C07,2026-03-25,12.5,9.47,4,2,7,0,normal,0,3,63.0,61.833333333333336,6,62
USR_20484,USR_20484_C08,2026-05-26,12.5,12.34,4,2,7,0,normal,0,5,62.0,61.857142857142854,7,75
USR_20484,USR_20484_C09,2026-08-09,12.5,12.32,4,2,7,0,normal,0,8,75.0,63.5,8,71
USR_20486,USR_20486_C01,2025-02-10,12.5,9.04,6,3,4,1,normal,0,2,,,0,19
USR_20486,USR_20486_C02,2025-03-01,12.5,11.73,6,3,4,1,normal,0,3,19.0,19.0,1,22
USR_20486,USR_20486_C03,2025-03-23,12.5,12.08,6,3,4,1,more,0,3,22.0,20.5,2,22
USR_20486,USR_20486_C04,2025-04-14,12.5,11.58,6,3,4,1,normal,0,4,22.0,21.0,3,23
USR_20486,USR_20486_C05,2025-05-07,12.5,8.78,6,3,4,1,normal,0,5,23.0,21.5,4,21
USR_20486,USR_20486_C06,2025-05-28,12.5,12.48,6,3,4,1,normal,0,5,21.0,21.4,5,25
USR_20486,USR_20486_C07,2025-06-22,12.5,12.37,6,3,4,1,less,0,6,25.0,22.0,6,37
USR_20487,USR_20487_C01,2025-01-26,12.5,12.04,3,3,6,0,normal,1,1,,,0,42
USR_20487,USR_20487_C02,2025-03-09,12.5,8.33,3,3,6,0,normal,0,3,42.0,42.0,1,32
USR_20487,USR_20487_C03,2025-04-10,12.5,12.17,3,3,6,0,normal,0,4,32.0,37.0,2,56
USR_20487,USR_20487_C04,2025-06-05,12.5,11.79,3,3,6,0,normal,0,6,56.0,43.333333333333336,3,48
USR_20487,USR_20487_C05,2025-07-23,12.5,8.48,3,3,6,0,less,0,7,48.0,44.5,4,42
USR_20487,USR_20487_C06,2025-09-03,12.5,11.57,3,3,6,0,normal,0,9,42.0,44.0,5,47
USR_20487,USR_20487_C07,2025-10-20,12.5,12.46,3,3,6,0,normal,0,10,47.0,44.5,6,60
USR_20487,USR_20487_C08,2025-12-19,12.5,7.13,3,3,6,0,normal,1,12,60.0,46.714285714285715,7,29
USR_20487,USR_20487_C09,2026-01-17,12.5,11.71,3,3,6,0,normal,1,1,29.0,44.5,8,49
USR_20490,USR_20490_C01,2025-04-07,12.5,11.64,8,3,7,1,normal,0,4,,,0,20
USR_20490,USR_20490_C02,2025-04-27,12.5,7.59,8,3,7,1,normal,0,4,20.0,20.0,1,16
USR_20490,USR_20490_C03,2025-05-13,12.5,12.2,8,3,7,1,normal,0,5,16.0,18.0,2,22
USR_20490,USR_20490_C04,2025-06-04,12.5,7.71,8,3,7,1,normal,0,6,22.0,19.333333333333332,3,16
USR_20490,USR_20490_C05,2025-06-20,12.5,11.89,8,3,7,1,normal,0,6,16.0,18.5,4,25
USR_20491,USR_20491_C01,2025-03-09,12.5,11.54,5,2,5,1,normal,0,3,,,0,42
USR_20491,USR_20491_C02,2025-04-20,12.5,11.52,5,2,5,1,less,0,4,42.0,42.0,1,40
USR_20491,USR_20491_C03,2025-05-30,12.5,12.07,5,2,5,1,normal,0,5,40.0,41.0,2,41
USR_20491,USR_20491_C04,2025-07-10,12.5,11.62,5,2,5,1,normal,0,7,41.0,41.0,3,34
USR_20491,USR_20491_C05,2025-08-13,12.5,12.31,5,2,5,1,normal,0,8,34.0,39.25,4,39
USR_20491,USR_20491_C06,2025-09-21,12.5,10.0,5,2,5,1,normal,0,9,39.0,39.2,5,31
USR_20491,USR_20491_C07,2025-10-22,12.5,9.83,5,2,5,1,more,0,10,31.0,37.833333333333336,6,27
USR_20492,USR_20492_C01,2025-03-17,6.0,5.77,4,1,7,1,less,0,3,,,0,23
USR_20492,USR_20492_C02,2025-04-09,6.0,4.89,4,1,7,1,normal,0,4,23.0,23.0,1,17
USR_20492,USR_20492_C03,2025-04-26,6.0,5.6,4,1,7,1,normal,0,4,17.0,20.0,2,21
USR_20492,USR_20492_C04,2025-05-17,6.0,3.44,4,1,7,1,less,0,5,21.0,20.333333333333332,3,14
USR_20493,USR_20493_C01,2025-03-31,12.5,11.93,3,3,7,1,normal,0,3,,,0,31
USR_20493,USR_20493_C02,2025-05-01,12.5,7.37,3,3,7,1,normal,0,5,31.0,31.0,1,24
USR_20493,USR_20493_C03,2025-05-25,12.5,11.99,3,3,7,1,more,0,5,24.0,27.5,2,25
USR_20493,USR_20493_C04,2025-06-19,12.5,7.28,3,3,7,1,normal,0,6,25.0,26.666666666666668,3,20
USR_20493,USR_20493_C05,2025-07-09,12.5,11.57,3,3,7,1,less,0,7,20.0,25.0,4,37
USR_20493,USR_20493_C06,2025-08-15,12.5,9.77,3,3,7,1,normal,0,8,37.0,27.4,5,25
USR_20493,USR_20493_C07,2025-09-09,12.5,9.95,3,3,7,1,normal,0,9,25.0,27.0,6,30
USR_20493,USR_20493_C08,2025-10-09,12.5,12.27,3,3,7,1,normal,0,10,30.0,27.428571428571427,7,41
USR_20493,USR_20493_C09,2025-11-19,12.5,11.96,3,3,7,1,normal,0,11,41.0,29.125,8,33
USR_20494,USR_20494_C01,2025-03-18,6.0,5.78,5,2,7,0,normal,0,3,,,0,16
USR_20494,USR_20494_C02,2025-04-03,6.0,5.73,5,2,7,0,normal,0,4,16.0,16.0,1,18
USR_20495,USR_20495_C01,2025-04-19,12.5,12.35,2,2,7,1,normal,0,4,,,0,73
USR_20495,USR_20495_C02,2025-07-01,12.5,11.65,2,2,7,1,normal,0,7,73.0,73.0,1,74
USR_20495,USR_20495_C03,2025-09-13,12.5,8.29,2,2,7,1,normal,0,9,74.0,73.5,2,49
USR_20495,USR_20495_C04,2025-11-01,12.5,12.01,2,2,7,1,more,0,11,49.0,65.33333333333333,3,61
USR_20495,USR_20495_C05,2026-01-01,12.5,11.92,2,2,7,1,normal,1,1,61.0,64.25,4,63
USR_20495,USR_20495_C06,2026-03-05,12.5,11.97,2,2,7,1,normal,0,3,63.0,64.0,5,74
USR_20496,USR_20496_C01,2025-04-11,6.0,5.93,2,3,7,1,normal,0,4,,,0,26
USR_20496,USR_20496_C02,2025-05-07,6.0,5.75,2,3,7,1,normal,0,5,26.0,26.0,1,27
USR_20496,USR_20496_C03,2025-06-03,6.0,5.83,2,3,7,1,normal,0,6,27.0,26.5,2,22
USR_20496,USR_20496_C04,2025-06-25,6.0,4.49,2,3,7,1,normal,0,6,22.0,25.0,3,20
USR_20496,USR_20496_C05,2025-07-15,6.0,5.91,2,3,7,1,normal,0,7,20.0,23.75,4,25
USR_20496,USR_20496_C06,2025-08-09,6.0,5.84,2,3,7,1,normal,0,8,25.0,24.0,5,23
USR_20496,USR_20496_C07,2025-09-01,6.0,5.85,2,3,7,1,normal,0,9,23.0,23.833333333333332,6,27
USR_20496,USR_20496_C08,2025-09-28,6.0,5.05,2,3,7,1,more,0,9,27.0,24.285714285714285,7,17
USR_20497,USR_20497_C01,2025-04-25,6.0,5.57,2,1,7,1,normal,0,4,,,0,27
USR_20497,USR_20497_C02,2025-05-22,6.0,5.9,2,1,7,1,more,0,5,27.0,27.0,1,23
USR_20497,USR_20497_C03,2025-06-14,6.0,4.2,2,1,7,1,more,0,6,23.0,25.0,2,15
USR_20497,USR_20497_C04,2025-06-29,6.0,5.68,2,1,7,1,normal,0,6,15.0,21.666666666666668,3,30
USR_20497,USR_20497_C05,2025-07-29,6.0,5.94,2,1,7,1,normal,0,7,30.0,23.75,4,29
USR_20497,USR_20497_C06,2025-08-27,6.0,5.66,2,1,7,1,more,0,8,29.0,24.8,5,27
USR_20497,USR_20497_C07,2025-09-23,6.0,5.52,2,1,7,1,normal,0,9,27.0,25.166666666666668,6,28
USR_20497,USR_20497_C08,2025-10-21,6.0,5.64,2,1,7,1,normal,0,10,28.0,25.571428571428573,7,31
USR_20497,USR_20497_C09,2025-11-21,6.0,5.77,2,1,7,1,more,0,11,31.0,26.25,8,24
USR_20500,USR_20500_C01,2025-01-20,12.5,11.63,6,3,6,1,normal,1,1,,,0,36
USR_20500,USR_20500_C02,2025-02-25,12.5,12.2,6,3,6,1,normal,0,2,36.0,36.0,1,40
USR_20500,USR_20500_C03,2025-04-06,12.5,11.99,6,3,6,1,more,0,4,40.0,38.0,2,29
USR_20500,USR_20500_C04,2025-05-05,12.5,11.73,6,3,6,1,normal,0,5,29.0,35.0,3,36
USR_20500,USR_20500_C05,2025-06-10,12.5,12.19,6,3,6,1,normal,0,6,36.0,35.25,4,33
USR_20500,USR_20500_C06,2025-07-13,12.5,10.32,6,3,6,1,normal,0,7,33.0,34.8,5,27
USR_20500,USR_20500_C07,2025-08-09,12.5,12.03,6,3,6,1,normal,0,8,27.0,33.5,6,31
USR_20501,USR_20501_C01,2025-02-04,12.5,11.99,3,3,7,1,normal,0,2,,,0,46
USR_20501,USR_20501_C02,2025-03-22,12.5,12.46,3,3,7,1,normal,0,3,46.0,46.0,1,40
USR_20501,USR_20501_C03,2025-05-01,12.5,12.13,3,3,7,1,normal,0,5,40.0,43.0,2,40
USR_20501,USR_20501_C04,2025-06-10,12.5,12.49,3,3,7,1,normal,0,6,40.0,42.0,3,38
USR_20501,USR_20501_C05,2025-07-18,12.5,12.22,3,3,7,1,normal,0,7,38.0,41.0,4,39
USR_20501,USR_20501_C06,2025-08-26,12.5,12.25,3,3,7,1,normal,0,8,39.0,40.6,5,38
USR_20501,USR_20501_C07,2025-10-03,12.5,12.19,3,3,7,1,normal,0,10,38.0,40.166666666666664,6,35
USR_20501,USR_20501_C08,2025-11-07,12.5,12.28,3,3,7,1,normal,0,11,35.0,39.42857142857143,7,40
USR_20502,USR_20502_C01,2025-02-16,12.5,11.78,7,3,7,1,normal,0,2,,,0,25
USR_20502,USR_20502_C02,2025-03-13,12.5,12.1,7,3,7,1,normal,0,3,25.0,25.0,1,28
USR_20502,USR_20502_C03,2025-04-10,12.5,12.13,7,3,7,1,less,0,4,28.0,26.5,2,42
USR_20502,USR_20502_C04,2025-05-22,12.5,11.93,7,3,7,1,normal,0,5,42.0,31.666666666666668,3,31
USR_20502,USR_20502_C05,2025-06-22,12.5,11.74,7,3,7,1,less,0,6,31.0,31.5,4,33
USR_20502,USR_20502_C06,2025-07-25,12.5,11.85,7,3,7,1,normal,0,7,33.0,31.8,5,26
USR_20502,USR_20502_C07,2025-08-20,12.5,6.89,7,3,7,1,more,0,8,26.0,30.833333333333332,6,16
USR_20503,USR_20503_C01,2025-03-24,6.0,5.77,4,2,7,1,more,0,3,,,0,17
USR_20503,USR_20503_C02,2025-04-10,6.0,5.76,4,2,7,1,normal,0,4,17.0,17.0,1,21
USR_20503,USR_20503_C03,2025-05-01,6.0,5.53,4,2,7,1,less,0,5,21.0,19.0,2,26
USR_20503,USR_20503_C04,2025-05-27,6.0,5.72,4,2,7,1,normal,0,5,26.0,21.333333333333332,3,20
USR_20503,USR_20503_C05,2025-06-16,6.0,5.96,4,2,7,1,normal,0,6,20.0,21.0,4,25
USR_20503,USR_20503_C06,2025-07-11,6.0,5.73,4,2,7,1,more,0,7,25.0,21.8,5,16
USR_20503,USR_20503_C07,2025-07-27,6.0,5.53,4,2,7,1,normal,0,7,16.0,20.833333333333332,6,19
USR_20504,USR_20504_C01,2025-04-09,12.5,11.51,2,3,7,1,normal,0,4,,,0,40
USR_20504,USR_20504_C02,2025-05-19,12.5,11.94,2,3,7,1,normal,0,5,40.0,40.0,1,45
USR_20504,USR_20504_C03,2025-07-03,12.5,11.81,2,3,7,1,normal,0,7,45.0,42.5,2,50
USR_20504,USR_20504_C04,2025-08-22,12.5,11.89,2,3,7,1,more,0,8,50.0,45.0,3,30
USR_20504,USR_20504_C05,2025-09-21,12.5,9.14,2,3,7,1,less,0,9,30.0,41.25,4,32
USR_20504,USR_20504_C06,2025-10-23,12.5,12.31,2,3,7,1,normal,0,10,32.0,39.4,5,41
USR_20504,USR_20504_C07,2025-12-03,12.5,10.25,2,3,7,1,normal,1,12,41.0,39.666666666666664,6,36
USR_20504,USR_20504_C08,2026-01-08,12.5,12.05,2,3,7,1,normal,1,1,36.0,39.142857142857146,7,32
USR_20504,USR_20504_C09,2026-02-09,12.5,12.31,2,3,7,1,normal,0,2,32.0,38.25,8,40
USR_20504,USR_20504_C10,2026-03-21,12.5,11.65,2,3,7,1,normal,0,3,40.0,38.44444444444444,9,37
USR_20505,USR_20505_C01,2025-04-05,6.0,5.8,1,2,6,1,normal,0,4,,,0,19
USR_20505,USR_20505_C02,2025-04-24,6.0,5.59,1,2,6,1,normal,0,4,19.0,19.0,1,19
USR_20505,USR_20505_C03,2025-05-13,6.0,3.64,1,2,6,1,normal,0,5,19.0,19.0,2,13
USR_20505,USR_20505_C04,2025-05-26,6.0,5.53,1,2,6,1,normal,0,5,13.0,17.0,3,21
USR_20505,USR_20505_C05,2025-06-16,6.0,3.98,1,2,6,1,normal,0,6,21.0,18.0,4,13
USR_20505,USR_20505_C06,2025-06-29,6.0,5.96,1,2,6,1,normal,0,6,13.0,17.0,5,25
USR_20505,USR_20505_C07,2025-07-24,6.0,5.82,1,2,6,1,less,0,7,25.0,18.333333333333332,6,31
USR_20507,USR_20507_C01,2025-02-12,12.5,12.15,2,3,5,1,normal,0,2,,,0,41
USR_20507,USR_20507_C02,2025-03-25,12.5,12.21,2,3,5,1,normal,0,3,41.0,41.0,1,44
USR_20507,USR_20507_C03,2025-05-08,12.5,11.74,2,3,5,1,less,0,5,44.0,42.5,2,52
USR_20507,USR_20507_C04,2025-06-29,12.5,7.69,2,3,5,1,normal,0,6,52.0,45.666666666666664,3,24
USR_20507,USR_20507_C05,2025-07-23,12.5,11.5,2,3,5,1,normal,0,7,24.0,40.25,4,43
USR_20507,USR_20507_C06,2025-09-04,12.5,12.42,2,3,5,1,normal,0,9,43.0,40.8,5,46
USR_20507,USR_20507_C07,2025-10-20,12.5,12.07,2,3,5,1,normal,0,10,46.0,41.666666666666664,6,40
USR_20507,USR_20507_C08,2025-11-29,12.5,11.83,2,3,5,1,normal,0,11,40.0,41.42857142857143,7,48
USR_20507,USR_20507_C09,2026-01-16,12.5,12.38,2,3,5,1,normal,1,1,48.0,42.25,8,40
USR_20507,USR_20507_C10,2026-02-25,12.5,12.16,2,3,5,1,more,0,2,40.0,42.0,9,30
USR_20509,USR_20509_C01,2025-04-17,12.5,11.75,5,3,6,1,normal,0,4,,,0,39
USR_20509,USR_20509_C02,2025-05-26,12.5,12.12,5,3,6,1,normal,0,5,39.0,39.0,1,36
USR_20509,USR_20509_C03,2025-07-01,12.5,12.47,5,3,6,1,normal,0,7,36.0,37.5,2,39
USR_20509,USR_20509_C04,2025-08-09,12.5,11.88,5,3,6,1,normal,0,8,39.0,38.0,3,38
USR_20509,USR_20509_C05,2025-09-16,12.5,7.36,5,3,6,1,normal,0,9,38.0,38.0,4,20
USR_20510,USR_20510_C01,2025-02-05,6.0,4.89,5,3,4,1,normal,0,2,,,0,11
USR_20510,USR_20510_C02,2025-02-16,6.0,5.69,5,3,4,1,more,0,2,11.0,11.0,1,13
USR_20510,USR_20510_C03,2025-03-01,6.0,3.93,5,3,4,1,normal,0,3,13.0,12.0,2,10
USR_20510,USR_20510_C04,2025-03-11,6.0,5.84,5,3,4,1,less,0,3,10.0,11.333333333333334,3,18
USR_20510,USR_20510_C05,2025-03-29,6.0,5.76,5,3,4,1,normal,0,3,18.0,13.0,4,14
USR_20510,USR_20510_C06,2025-04-12,6.0,4.06,5,3,4,1,normal,0,4,14.0,13.2,5,12
USR_20510,USR_20510_C07,2025-04-24,6.0,5.53,5,3,4,1,normal,0,4,12.0,13.0,6,16
USR_20510,USR_20510_C08,2025-05-10,6.0,3.91,5,3,4,1,more,0,5,16.0,13.428571428571429,7,9
USR_20510,USR_20510_C09,2025-05-19,6.0,5.94,5,3,4,1,normal,0,5,9.0,12.875,8,15
USR_20510,USR_20510_C10,2025-06-03,6.0,5.88,5,3,4,1,normal,0,6,15.0,13.11111111111111,9,15
USR_20510,USR_20510_C11,2025-06-18,6.0,5.74,5,3,4,1,normal,0,6,15.0,13.3,10,15
USR_20511,USR_20511_C01,2025-02-04,12.5,12.33,4,2,7,0,normal,0,2,,,0,66
USR_20511,USR_20511_C02,2025-04-11,12.5,10.73,4,2,7,0,normal,0,4,66.0,66.0,1,51
USR_20511,USR_20511_C03,2025-06-01,12.5,12.13,4,2,7,0,normal,0,6,51.0,58.5,2,60
USR_20511,USR_20511_C04,2025-07-31,12.5,12.4,4,2,7,0,more,0,7,60.0,59.0,3,41
USR_20511,USR_20511_C05,2025-09-10,12.5,12.49,4,2,7,0,normal,0,9,41.0,54.5,4,58
USR_20511,USR_20511_C06,2025-11-07,12.5,11.74,4,2,7,0,normal,0,11,58.0,55.2,5,57
USR_20511,USR_20511_C07,2026-01-03,12.5,12.31,4,2,7,0,normal,1,1,57.0,55.5,6,57
USR_20511,USR_20511_C08,2026-03-01,12.5,11.95,4,2,7,0,normal,0,3,57.0,55.714285714285715,7,48
USR_20511,USR_20511_C09,2026-04-18,12.5,12.0,4,2,7,0,normal,0,4,48.0,54.75,8,53
USR_20514,USR_20514_C01,2025-02-16,6.0,4.27,5,1,6,1,normal,0,2,,,0,19
USR_20514,USR_20514_C02,2025-03-07,6.0,5.7,5,1,6,1,normal,0,3,19.0,19.0,1,26
USR_20514,USR_20514_C03,2025-04-02,6.0,4.88,5,1,6,1,normal,0,4,26.0,22.5,2,21
USR_20514,USR_20514_C04,2025-04-23,6.0,5.6,5,1,6,1,less,0,4,21.0,22.0,3,34
USR_20514,USR_20514_C05,2025-05-27,6.0,5.7,5,1,6,1,normal,0,5,34.0,25.0,4,25
USR_20515,USR_20515_C01,2025-04-11,6.0,5.89,1,2,7,1,normal,0,4,,,0,20
USR_20515,USR_20515_C02,2025-05-01,6.0,5.68,1,2,7,1,normal,0,5,20.0,20.0,1,18
USR_20515,USR_20515_C03,2025-05-19,6.0,5.53,1,2,7,1,normal,0,5,18.0,19.0,2,21
USR_20515,USR_20515_C04,2025-06-09,6.0,5.72,1,2,7,1,normal,0,6,21.0,19.666666666666668,3,20
USR_20515,USR_20515_C05,2025-06-29,6.0,5.08,1,2,7,1,more,0,6,20.0,19.75,4,14
USR_20515,USR_20515_C06,2025-07-13,6.0,5.62,1,2,7,1,normal,0,7,14.0,18.6,5,19
USR_20515,USR_20515_C07,2025-08-01,6.0,5.71,1,2,7,1,normal,0,8,19.0,18.666666666666668,6,18
USR_20516,USR_20516_C01,2025-03-06,6.0,5.76,5,2,6,1,normal,0,3,,,0,20
USR_20516,USR_20516_C02,2025-03-26,6.0,5.83,5,2,6,1,normal,0,3,20.0,20.0,1,19
USR_20516,USR_20516_C03,2025-04-14,6.0,5.71,5,2,6,1,normal,0,4,19.0,19.5,2,18
USR_20517,USR_20517_C01,2025-03-18,6.0,5.82,5,2,6,1,more,0,3,,,0,13
USR_20517,USR_20517_C02,2025-03-31,6.0,5.68,5,2,6,1,normal,0,3,13.0,13.0,1,14
USR_20517,USR_20517_C03,2025-04-14,6.0,5.9,5,2,6,1,normal,0,4,14.0,13.5,2,17
USR_20517,USR_20517_C04,2025-05-01,6.0,5.87,5,2,6,1,more,0,5,17.0,14.666666666666666,3,11
USR_20517,USR_20517_C05,2025-05-12,6.0,5.97,5,2,6,1,normal,0,5,11.0,13.75,4,16
USR_20517,USR_20517_C06,2025-05-28,6.0,3.78,5,2,6,1,normal,0,5,16.0,14.2,5,9
USR_20517,USR_20517_C07,2025-06-06,6.0,5.76,5,2,6,1,normal,0,6,9.0,13.333333333333334,6,16
USR_20517,USR_20517_C08,2025-06-22,6.0,5.89,5,2,6,1,normal,0,6,16.0,13.714285714285714,7,15
USR_20517,USR_20517_C09,2025-07-07,6.0,5.66,5,2,6,1,normal,0,7,15.0,13.875,8,16
USR_20519,USR_20519_C01,2025-03-23,12.5,12.47,6,2,7,1,more,0,3,,,0,24
USR_20519,USR_20519_C02,2025-04-16,12.5,12.46,6,2,7,1,normal,0,4,24.0,24.0,1,24
USR_20519,USR_20519_C03,2025-05-10,12.5,11.99,6,2,7,1,normal,0,5,24.0,24.0,2,31
USR_20519,USR_20519_C04,2025-06-10,12.5,7.77,6,2,7,1,normal,0,6,31.0,26.333333333333332,3,16
USR_20519,USR_20519_C05,2025-06-26,12.5,10.34,6,2,7,1,more,0,6,16.0,23.75,4,17
USR_20520,USR_20520_C01,2025-02-07,12.5,12.34,5,2,6,1,normal,0,2,,,0,31
USR_20520,USR_20520_C02,2025-03-10,12.5,11.7,5,2,6,1,normal,0,3,31.0,31.0,1,33
USR_20520,USR_20520_C03,2025-04-12,12.5,12.13,5,2,6,1,normal,0,4,33.0,32.0,2,31
USR_20520,USR_20520_C04,2025-05-13,12.5,11.66,5,2,6,1,less,0,5,31.0,31.666666666666668,3,38
USR_20520,USR_20520_C05,2025-06-20,12.5,12.07,5,2,6,1,normal,0,6,38.0,33.25,4,37
USR_20520,USR_20520_C06,2025-07-27,12.5,11.88,5,2,6,1,less,0,7,37.0,34.0,5,37
USR_20521,USR_20521_C01,2025-02-24,12.5,11.91,6,3,7,1,normal,0,2,,,0,32
USR_20521,USR_20521_C02,2025-03-28,12.5,10.66,6,3,7,1,normal,0,3,32.0,32.0,1,27
USR_20521,USR_20521_C03,2025-04-24,12.5,12.15,6,3,7,1,normal,0,4,27.0,29.5,2,32
USR_20521,USR_20521_C04,2025-05-26,12.5,11.52,6,3,7,1,normal,0,5,32.0,30.333333333333332,3,33
USR_20521,USR_20521_C05,2025-06-28,12.5,11.86,6,3,7,1,normal,0,6,33.0,31.0,4,33
USR_20523,USR_20523_C01,2025-02-27,12.5,7.43,2,3,7,1,normal,0,2,,,0,25
USR_20523,USR_20523_C02,2025-03-24,12.5,11.6,2,3,7,1,normal,0,3,25.0,25.0,1,38
USR_20523,USR_20523_C03,2025-05-01,12.5,11.92,2,3,7,1,normal,0,5,38.0,31.5,2,42
USR_20523,USR_20523_C04,2025-06-12,12.5,12.19,2,3,7,1,normal,0,6,42.0,35.0,3,40
USR_20523,USR_20523_C05,2025-07-22,12.5,11.62,2,3,7,1,normal,0,7,40.0,36.25,4,38
USR_20523,USR_20523_C06,2025-08-29,12.5,12.33,2,3,7,1,normal,0,8,38.0,36.6,5,39
USR_20524,USR_20524_C01,2025-04-24,12.5,11.94,3,2,7,1,normal,0,4,,,0,54
USR_20524,USR_20524_C02,2025-06-17,12.5,10.38,3,2,7,1,more,0,6,54.0,54.0,1,37
USR_20524,USR_20524_C03,2025-07-24,12.5,11.77,3,2,7,1,normal,0,7,37.0,45.5,2,50
USR_20524,USR_20524_C04,2025-09-12,12.5,11.77,3,2,7,1,normal,0,9,50.0,47.0,3,52
USR_20524,USR_20524_C05,2025-11-03,12.5,11.84,3,2,7,1,normal,0,11,52.0,48.25,4,51
USR_20524,USR_20524_C06,2025-12-24,12.5,12.42,3,2,7,1,normal,1,12,51.0,48.8,5,54
USR_20524,USR_20524_C07,2026-02-16,12.5,11.73,3,2,7,1,normal,0,2,54.0,49.666666666666664,6,53
USR_20524,USR_20524_C08,2026-04-10,12.5,11.63,3,2,7,1,normal,0,4,53.0,50.142857142857146,7,57
USR_20524,USR_20524_C09,2026-06-06,12.5,11.98,3,2,7,1,normal,0,6,57.0,51.0,8,46
USR_20524,USR_20524_C10,2026-07-22,12.5,12.32,3,2,7,1,normal,0,7,46.0,50.44444444444444,9,61
USR_20525,USR_20525_C01,2025-01-09,12.5,12.35,3,3,6,1,normal,1,1,,,0,39
USR_20525,USR_20525_C02,2025-02-17,12.5,8.71,3,3,6,1,normal,0,2,39.0,39.0,1,29
USR_20525,USR_20525_C03,2025-03-18,12.5,12.33,3,3,6,1,normal,0,3,29.0,34.0,2,42
USR_20525,USR_20525_C04,2025-04-29,12.5,11.62,3,3,6,1,less,0,4,42.0,36.666666666666664,3,52
USR_20525,USR_20525_C05,2025-06-20,12.5,11.76,3,3,6,1,normal,0,6,52.0,40.5,4,34
USR_20525,USR_20525_C06,2025-07-24,12.5,12.19,3,3,6,1,less,0,7,34.0,39.2,5,47
USR_20526,USR_20526_C01,2025-01-18,6.0,4.86,3,2,7,1,more,1,1,,,0,8
USR_20526,USR_20526_C02,2025-01-26,6.0,5.65,3,2,7,1,less,1,1,8.0,8.0,1,21
USR_20526,USR_20526_C03,2025-02-16,6.0,5.98,3,2,7,1,normal,0,2,21.0,14.5,2,18
USR_20526,USR_20526_C04,2025-03-06,6.0,5.69,3,2,7,1,more,0,3,18.0,15.666666666666666,3,12
USR_20526,USR_20526_C05,2025-03-18,6.0,5.72,3,2,7,1,normal,0,3,12.0,14.75,4,17
USR_20527,USR_20527_C01,2025-02-21,6.0,5.73,4,2,5,1,less,0,2,,,0,23
USR_20527,USR_20527_C02,2025-03-16,6.0,5.77,4,2,5,1,normal,0,3,23.0,23.0,1,16
USR_20527,USR_20527_C03,2025-04-01,6.0,3.81,4,2,5,1,normal,0,4,16.0,19.5,2,10
USR_20527,USR_20527_C04,2025-04-11,6.0,5.6,4,2,5,1,normal,0,4,10.0,16.333333333333332,3,15
USR_20527,USR_20527_C05,2025-04-26,6.0,5.55,4,2,5,1,normal,0,4,15.0,16.0,4,17
USR_20527,USR_20527_C06,2025-05-13,6.0,5.56,4,2,5,1,normal,0,5,17.0,16.2,5,16
USR_20527,USR_20527_C07,2025-05-29,6.0,5.99,4,2,5,1,normal,0,5,16.0,16.166666666666668,6,16
USR_20527,USR_20527_C08,2025-06-14,6.0,5.6,4,2,5,1,normal,0,6,16.0,16.142857142857142,7,17
USR_20528,USR_20528_C01,2025-03-04,12.5,9.15,5,2,7,1,normal,0,3,,,0,26
USR_20528,USR_20528_C02,2025-03-30,12.5,12.35,5,2,7,1,normal,0,3,26.0,26.0,1,43
USR_20528,USR_20528_C03,2025-05-12,12.5,11.81,5,2,7,1,normal,0,5,43.0,34.5,2,39
USR_20528,USR_20528_C04,2025-06-20,12.5,11.9,5,2,7,1,normal,0,6,39.0,36.0,3,38
USR_20528,USR_20528_C05,2025-07-28,12.5,12.38,5,2,7,1,normal,0,7,38.0,36.5,4,39
USR_20528,USR_20528_C06,2025-09-05,12.5,11.78,5,2,7,1,normal,0,9,39.0,37.0,5,46
USR_20528,USR_20528_C07,2025-10-21,12.5,12.33,5,2,7,1,normal,0,10,46.0,38.5,6,43
USR_20530,USR_20530_C01,2025-02-07,6.0,5.95,5,3,7,1,normal,0,2,,,0,19
USR_20530,USR_20530_C02,2025-02-26,6.0,5.85,5,3,7,1,normal,0,2,19.0,19.0,1,16
USR_20530,USR_20530_C03,2025-03-14,6.0,3.38,5,3,7,1,normal,0,3,16.0,17.5,2,11
USR_20530,USR_20530_C04,2025-03-25,6.0,5.66,5,3,7,1,less,0,3,11.0,15.333333333333334,3,21
USR_20530,USR_20530_C05,2025-04-15,6.0,5.38,5,3,7,1,normal,0,4,21.0,16.75,4,16
USR_20530,USR_20530_C06,2025-05-01,6.0,5.76,5,3,7,1,normal,0,5,16.0,16.6,5,16
USR_20533,USR_20533_C01,2025-03-28,12.5,12.37,3,3,6,1,normal,0,3,,,0,33
USR_20533,USR_20533_C02,2025-04-30,12.5,12.33,3,3,6,1,normal,0,4,33.0,33.0,1,33
USR_20533,USR_20533_C03,2025-06-02,12.5,12.18,3,3,6,1,normal,0,6,33.0,33.0,2,34
USR_20533,USR_20533_C04,2025-07-06,12.5,11.64,3,3,6,1,normal,0,7,34.0,33.333333333333336,3,34
USR_20534,USR_20534_C01,2025-04-20,6.0,5.82,4,3,6,1,normal,0,4,,,0,18
USR_20534,USR_20534_C02,2025-05-08,6.0,3.34,4,3,6,1,less,0,5,18.0,18.0,1,14
USR_20534,USR_20534_C03,2025-05-22,6.0,5.82,4,3,6,1,more,0,5,14.0,16.0,2,14
USR_20534,USR_20534_C04,2025-06-05,6.0,5.89,4,3,6,1,normal,0,6,14.0,15.333333333333334,3,16
USR_20534,USR_20534_C05,2025-06-21,6.0,5.87,4,3,6,1,normal,0,6,16.0,15.5,4,16
USR_20534,USR_20534_C06,2025-07-07,6.0,5.98,4,3,6,1,normal,0,7,16.0,15.6,5,15
USR_20534,USR_20534_C07,2025-07-22,6.0,5.89,4,3,6,1,normal,0,7,15.0,15.5,6,15
USR_20536,USR_20536_C01,2025-03-06,12.5,11.63,3,3,4,1,normal,0,3,,,0,47
USR_20536,USR_20536_C02,2025-04-22,12.5,11.83,3,3,4,1,normal,0,4,47.0,47.0,1,49
USR_20536,USR_20536_C03,2025-06-10,12.5,11.86,3,3,4,1,normal,0,6,49.0,48.0,2,50
USR_20536,USR_20536_C04,2025-07-30,12.5,12.2,3,3,4,1,normal,0,7,50.0,48.666666666666664,3,49
USR_20536,USR_20536_C05,2025-09-17,12.5,11.82,3,3,4,1,normal,0,9,49.0,48.75,4,46
USR_20536,USR_20536_C06,2025-11-02,12.5,8.32,3,3,4,1,less,0,11,46.0,48.2,5,47
USR_20536,USR_20536_C07,2025-12-19,12.5,8.96,3,3,4,1,more,1,12,47.0,48.0,6,25
USR_20536,USR_20536_C08,2026-01-13,12.5,11.7,3,3,4,1,normal,1,1,25.0,44.714285714285715,7,40
USR_20537,USR_20537_C01,2025-01-21,12.5,11.25,4,3,6,1,normal,1,1,,,0,40
USR_20537,USR_20537_C02,2025-03-02,12.5,12.08,4,3,6,1,normal,0,3,40.0,40.0,1,48
USR_20537,USR_20537_C03,2025-04-19,12.5,12.48,4,3,6,1,normal,0,4,48.0,44.0,2,48
USR_20537,USR_20537_C04,2025-06-06,12.5,11.93,4,3,6,1,normal,0,6,48.0,45.333333333333336,3,41
USR_20537,USR_20537_C05,2025-07-17,12.5,11.88,4,3,6,1,less,0,7,41.0,44.25,4,57
USR_20537,USR_20537_C06,2025-09-12,12.5,12.34,4,3,6,1,more,0,9,57.0,46.8,5,39
USR_20537,USR_20537_C07,2025-10-21,12.5,11.5,4,3,6,1,normal,0,10,39.0,45.5,6,40
USR_20537,USR_20537_C08,2025-11-30,12.5,12.1,4,3,6,1,normal,0,11,40.0,44.714285714285715,7,41
USR_20538,USR_20538_C01,2025-01-12,12.5,8.88,6,2,7,1,more,1,1,,,0,20
USR_20538,USR_20538_C02,2025-02-01,12.5,8.86,6,2,7,1,normal,0,2,20.0,20.0,1,24
USR_20538,USR_20538_C03,2025-02-25,12.5,11.5,6,2,7,1,more,0,2,24.0,22.0,2,21
USR_20538,USR_20538_C04,2025-03-18,12.5,10.48,6,2,7,1,more,0,3,21.0,21.666666666666668,3,22
USR_20538,USR_20538_C05,2025-04-09,12.5,11.83,6,2,7,1,normal,0,4,22.0,21.75,4,32
USR_20538,USR_20538_C06,2025-05-11,12.5,12.12,6,2,7,1,less,0,5,32.0,23.8,5,38
USR_20538,USR_20538_C07,2025-06-18,12.5,11.79,6,2,7,1,more,0,6,38.0,26.166666666666668,6,28
USR_20538,USR_20538_C08,2025-07-16,12.5,11.5,6,2,7,1,normal,0,7,28.0,26.428571428571427,7,30
USR_20539,USR_20539_C01,2025-02-25,12.5,10.31,8,2,7,1,normal,0,2,,,0,31
USR_20539,USR_20539_C02,2025-03-28,12.5,11.6,8,2,7,1,normal,0,3,31.0,31.0,1,39
USR_20539,USR_20539_C03,2025-05-06,12.5,11.84,8,2,7,1,normal,0,5,39.0,35.0,2,37
USR_20539,USR_20539_C04,2025-06-12,12.5,12.1,8,2,7,1,normal,0,6,37.0,35.666666666666664,3,42
USR_20539,USR_20539_C05,2025-07-24,12.5,11.53,8,2,7,1,normal,0,7,42.0,37.25,4,39
USR_20539,USR_20539_C06,2025-09-01,12.5,11.95,8,2,7,1,more,0,9,39.0,37.6,5,36
USR_20539,USR_20539_C07,2025-10-07,12.5,11.79,8,2,7,1,normal,0,10,36.0,37.333333333333336,6,42
USR_20539,USR_20539_C08,2025-11-18,12.5,12.17,8,2,7,1,normal,0,11,42.0,38.0,7,41
USR_20541,USR_20541_C01,2025-04-29,12.5,10.68,5,2,7,0,more,0,4,,,0,33
USR_20541,USR_20541_C02,2025-06-01,12.5,12.24,5,2,7,0,normal,0,6,33.0,33.0,1,48
USR_20541,USR_20541_C03,2025-07-19,12.5,11.92,5,2,7,0,more,0,7,48.0,40.5,2,43
USR_20541,USR_20541_C04,2025-08-31,12.5,11.91,5,2,7,0,normal,0,8,43.0,41.333333333333336,3,45
USR_20541,USR_20541_C05,2025-10-15,12.5,12.27,5,2,7,0,normal,0,10,45.0,42.25,4,50
USR_20541,USR_20541_C06,2025-12-04,12.5,7.03,5,2,7,0,less,1,12,50.0,43.8,5,37
USR_20541,USR_20541_C07,2026-01-10,12.5,7.66,5,2,7,0,normal,1,1,37.0,42.666666666666664,6,28
USR_20541,USR_20541_C08,2026-02-07,12.5,12.15,5,2,7,0,normal,0,2,28.0,40.57142857142857,7,46
USR_20541,USR_20541_C09,2026-03-25,12.5,12.09,5,2,7,0,less,0,3,46.0,41.25,8,58
USR_20542,USR_20542_C01,2025-04-09,6.0,5.84,1,3,5,1,normal,0,4,,,0,24
USR_20542,USR_20542_C02,2025-05-03,6.0,5.56,1,3,5,1,normal,0,5,24.0,24.0,1,20
USR_20542,USR_20542_C03,2025-05-23,6.0,5.85,1,3,5,1,normal,0,5,20.0,22.0,2,26
USR_20542,USR_20542_C04,2025-06-18,6.0,3.33,1,3,5,1,normal,0,6,26.0,23.333333333333332,3,13
USR_20542,USR_20542_C05,2025-07-01,6.0,5.98,1,3,5,1,normal,0,7,13.0,20.75,4,19
USR_20543,USR_20543_C01,2025-01-05,12.5,12.23,5,1,7,1,normal,1,1,,,0,43
USR_20543,USR_20543_C02,2025-02-17,12.5,12.24,5,1,7,1,normal,0,2,43.0,43.0,1,33
USR_20543,USR_20543_C03,2025-03-22,12.5,12.08,5,1,7,1,normal,0,3,33.0,38.0,2,34
USR_20543,USR_20543_C04,2025-04-25,12.5,11.66,5,1,7,1,more,0,4,34.0,36.666666666666664,3,30
USR_20543,USR_20543_C05,2025-05-25,12.5,12.43,5,1,7,1,normal,0,5,30.0,35.0,4,38
USR_20543,USR_20543_C06,2025-07-02,12.5,8.14,5,1,7,1,normal,0,7,38.0,35.6,5,25
USR_20543,USR_20543_C07,2025-07-27,12.5,12.02,5,1,7,1,less,0,7,25.0,33.833333333333336,6,45
USR_20544,USR_20544_C01,2025-04-30,12.5,11.83,2,2,6,1,normal,0,4,,,0,49
USR_20544,USR_20544_C02,2025-06-18,12.5,12.19,2,2,6,1,less,0,6,49.0,49.0,1,65
USR_20544,USR_20544_C03,2025-08-22,12.5,10.68,2,2,6,1,normal,0,8,65.0,57.0,2,44
USR_20544,USR_20544_C04,2025-10-05,12.5,11.83,2,2,6,1,normal,0,10,44.0,52.666666666666664,3,51
USR_20544,USR_20544_C05,2025-11-25,12.5,7.73,2,2,6,1,more,0,11,51.0,52.25,4,21
USR_20544,USR_20544_C06,2025-12-16,12.5,11.56,2,2,6,1,normal,1,12,21.0,46.0,5,45
USR_20544,USR_20544_C07,2026-01-30,12.5,11.77,2,2,6,1,normal,1,1,45.0,45.833333333333336,6,46
USR_20544,USR_20544_C08,2026-03-17,12.5,12.42,2,2,6,1,normal,0,3,46.0,45.857142857142854,7,48
USR_20545,USR_20545_C01,2025-02-01,12.5,11.57,7,3,7,1,normal,0,2,,,0,30
USR_20545,USR_20545_C02,2025-03-03,12.5,11.88,7,3,7,1,normal,0,3,30.0,30.0,1,31
USR_20545,USR_20545_C03,2025-04-03,12.5,9.56,7,3,7,1,normal,0,4,31.0,30.5,2,28
USR_20545,USR_20545_C04,2025-05-01,12.5,11.57,7,3,7,1,more,0,5,28.0,29.666666666666668,3,24
USR_20545,USR_20545_C05,2025-05-25,12.5,12.15,7,3,7,1,normal,0,5,24.0,28.25,4,30
USR_20545,USR_20545_C06,2025-06-24,12.5,12.21,7,3,7,1,normal,0,6,30.0,28.6,5,28
USR_20545,USR_20545_C07,2025-07-22,12.5,11.83,7,3,7,1,normal,0,7,28.0,28.5,6,31
USR_20545,USR_20545_C08,2025-08-22,12.5,7.46,7,3,7,1,normal,0,8,31.0,28.857142857142858,7,20
USR_20545,USR_20545_C09,2025-09-11,12.5,11.53,7,3,7,1,normal,0,9,20.0,27.75,8,31
USR_20545,USR_20545_C10,2025-10-12,12.5,9.54,7,3,7,1,normal,0,10,31.0,28.11111111111111,9,26
USR_20546,USR_20546_C01,2025-02-23,12.5,12.13,6,2,6,1,normal,0,2,,,0,24
USR_20546,USR_20546_C02,2025-03-19,12.5,11.93,6,2,6,1,normal,0,3,24.0,24.0,1,27
USR_20546,USR_20546_C03,2025-04-15,12.5,11.92,6,2,6,1,normal,0,4,27.0,25.5,2,28
USR_20546,USR_20546_C04,2025-05-13,12.5,11.98,6,2,6,1,normal,0,5,28.0,26.333333333333332,3,28
USR_20546,USR_20546_C05,2025-06-10,12.5,11.78,6,2,6,1,normal,0,6,28.0,26.75,4,25
USR_20546,USR_20546_C06,2025-07-05,12.5,11.99,6,2,6,1,normal,0,7,25.0,26.4,5,28
USR_20546,USR_20546_C07,2025-08-02,12.5,11.97,6,2,6,1,normal,0,8,28.0,26.666666666666668,6,26
USR_20546,USR_20546_C08,2025-08-28,12.5,11.9,6,2,6,1,more,0,8,26.0,26.571428571428573,7,18
USR_20546,USR_20546_C09,2025-09-15,12.5,11.58,6,2,6,1,normal,0,9,18.0,25.5,8,24
USR_20546,USR_20546_C10,2025-10-09,12.5,12.49,6,2,6,1,normal,0,10,24.0,25.333333333333332,9,30
USR_20547,USR_20547_C01,2025-04-20,12.5,10.55,3,3,6,1,normal,0,4,,,0,24
USR_20547,USR_20547_C02,2025-05-14,12.5,11.94,3,3,6,1,normal,0,5,24.0,24.0,1,27
USR_20547,USR_20547_C03,2025-06-10,12.5,12.21,3,3,6,1,normal,0,6,27.0,25.5,2,36
USR_20547,USR_20547_C04,2025-07-16,12.5,11.93,3,3,6,1,normal,0,7,36.0,29.0,3,34
USR_20547,USR_20547_C05,2025-08-19,12.5,8.2,3,3,6,1,normal,0,8,34.0,30.25,4,20
USR_20548,USR_20548_C01,2025-01-16,6.0,5.3,2,2,7,0,normal,1,1,,,0,29
USR_20548,USR_20548_C02,2025-02-14,6.0,5.44,2,2,7,0,less,0,2,29.0,29.0,1,35
USR_20548,USR_20548_C03,2025-03-21,6.0,3.9,2,2,7,0,normal,0,3,35.0,32.0,2,27
USR_20548,USR_20548_C04,2025-04-17,6.0,5.91,2,2,7,0,normal,0,4,27.0,30.333333333333332,3,32
USR_20548,USR_20548_C05,2025-05-19,6.0,5.89,2,2,7,0,more,0,5,32.0,30.75,4,29
USR_20548,USR_20548_C06,2025-06-17,6.0,5.83,2,2,7,0,normal,0,6,29.0,30.4,5,32
USR_20548,USR_20548_C07,2025-07-19,6.0,5.67,2,2,7,0,normal,0,7,32.0,30.666666666666668,6,33
USR_20548,USR_20548_C08,2025-08-21,6.0,3.35,2,2,7,0,normal,0,8,33.0,31.0,7,23
USR_20548,USR_20548_C09,2025-09-13,6.0,5.88,2,2,7,0,normal,0,9,23.0,30.0,8,33
USR_20549,USR_20549_C01,2025-01-27,12.5,11.89,3,3,6,1,less,1,1,,,0,42
USR_20549,USR_20549_C02,2025-03-10,12.5,11.77,3,3,6,1,normal,0,3,42.0,42.0,1,42
USR_20549,USR_20549_C03,2025-04-21,12.5,9.54,3,3,6,1,normal,0,4,42.0,42.0,2,31
USR_20549,USR_20549_C04,2025-05-22,12.5,11.74,3,3,6,1,less,0,5,31.0,38.333333333333336,3,58
USR_20549,USR_20549_C05,2025-07-19,12.5,7.39,3,3,6,1,more,0,7,58.0,43.25,4,19
USR_20550,USR_20550_C01,2025-03-26,6.0,5.74,6,3,7,1,less,0,3,,,0,17
USR_20550,USR_20550_C02,2025-04-12,6.0,5.82,6,3,7,1,normal,0,4,17.0,17.0,1,14
USR_20552,USR_20552_C01,2025-01-31,6.0,4.5,3,2,7,1,less,1,1,,,0,17
USR_20552,USR_20552_C02,2025-02-17,6.0,5.89,3,2,7,1,normal,0,2,17.0,17.0,1,18
USR_20552,USR_20552_C03,2025-03-07,6.0,5.67,3,2,7,1,normal,0,3,18.0,17.5,2,14
USR_20552,USR_20552_C04,2025-03-21,6.0,5.4,3,2,7,1,normal,0,3,14.0,16.333333333333332,3,16
USR_20552,USR_20552_C05,2025-04-06,6.0,6.0,3,2,7,1,normal,0,4,16.0,16.25,4,15
USR_20552,USR_20552_C06,2025-04-21,6.0,5.97,3,2,7,1,normal,0,4,15.0,16.0,5,15
USR_20552,USR_20552_C07,2025-05-06,6.0,5.72,3,2,7,1,normal,0,5,15.0,15.833333333333334,6,15
USR_20552,USR_20552_C08,2025-05-21,6.0,5.76,3,2,7,1,normal,0,5,15.0,15.714285714285714,7,16
USR_20553,USR_20553_C01,2025-03-03,6.0,5.53,4,3,5,1,normal,0,3,,,0,15
USR_20553,USR_20553_C02,2025-03-18,6.0,5.69,4,3,5,1,normal,0,3,15.0,15.0,1,16
USR_20553,USR_20553_C03,2025-04-03,6.0,5.99,4,3,5,1,normal,0,4,16.0,15.5,2,15
USR_20553,USR_20553_C04,2025-04-18,6.0,6.0,4,3,5,1,normal,0,4,15.0,15.333333333333334,3,16
USR_20553,USR_20553_C05,2025-05-04,6.0,5.55,4,3,5,1,normal,0,5,16.0,15.5,4,15
USR_20553,USR_20553_C06,2025-05-19,6.0,5.87,4,3,5,1,normal,0,5,15.0,15.4,5,14
USR_20553,USR_20553_C07,2025-06-02,6.0,5.79,4,3,5,1,normal,0,6,14.0,15.166666666666666,6,18
USR_20555,USR_20555_C01,2025-03-03,12.5,11.92,5,2,7,0,normal,0,3,,,0,36
USR_20555,USR_20555_C02,2025-04-08,12.5,12.19,5,2,7,0,normal,0,4,36.0,36.0,1,46
USR_20555,USR_20555_C03,2025-05-24,12.5,12.4,5,2,7,0,normal,0,5,46.0,41.0,2,39
USR_20555,USR_20555_C04,2025-07-02,12.5,11.83,5,2,7,0,normal,0,7,39.0,40.333333333333336,3,40
USR_20555,USR_20555_C05,2025-08-11,12.5,12.38,5,2,7,0,normal,0,8,40.0,40.25,4,40
USR_20555,USR_20555_C06,2025-09-20,12.5,10.87,5,2,7,0,normal,0,9,40.0,40.2,5,36
USR_20555,USR_20555_C07,2025-10-26,12.5,11.83,5,2,7,0,normal,0,10,36.0,39.5,6,39
USR_20555,USR_20555_C08,2025-12-04,12.5,11.71,5,2,7,0,normal,1,12,39.0,39.42857142857143,7,36
USR_20555,USR_20555_C09,2026-01-09,12.5,12.32,5,2,7,0,normal,1,1,36.0,39.0,8,41
USR_20555,USR_20555_C10,2026-02-19,12.5,11.88,5,2,7,0,more,0,2,41.0,39.22222222222222,9,31
USR_20556,USR_20556_C01,2025-04-26,12.5,8.16,5,2,7,1,normal,0,4,,,0,30
USR_20556,USR_20556_C02,2025-05-26,12.5,12.39,5,2,7,1,normal,0,5,30.0,30.0,1,40
USR_20556,USR_20556_C03,2025-07-05,12.5,8.79,5,2,7,1,normal,0,7,40.0,35.0,2,30
USR_20556,USR_20556_C04,2025-08-04,12.5,10.26,5,2,7,1,less,0,8,30.0,33.333333333333336,3,34
USR_20556,USR_20556_C05,2025-09-07,12.5,11.82,5,2,7,1,normal,0,9,34.0,33.5,4,33
USR_20556,USR_20556_C06,2025-10-10,12.5,11.56,5,2,7,1,less,0,10,33.0,33.4,5,48
USR_20556,USR_20556_C07,2025-11-27,12.5,11.72,5,2,7,1,normal,0,11,48.0,35.833333333333336,6,39
USR_20556,USR_20556_C08,2026-01-05,12.5,11.56,5,2,7,1,normal,1,1,39.0,36.285714285714285,7,38
USR_20557,USR_20557_C01,2025-04-22,6.0,5.62,2,2,7,1,normal,0,4,,,0,24
USR_20557,USR_20557_C02,2025-05-16,6.0,5.57,2,2,7,1,normal,0,5,24.0,24.0,1,24
USR_20557,USR_20557_C03,2025-06-09,6.0,6.0,2,2,7,1,normal,0,6,24.0,24.0,2,23
USR_20557,USR_20557_C04,2025-07-02,6.0,5.94,2,2,7,1,normal,0,7,23.0,23.666666666666668,3,28
USR_20557,USR_20557_C05,2025-07-30,6.0,5.97,2,2,7,1,normal,0,7,28.0,24.75,4,28
USR_20558,USR_20558_C01,2025-03-03,12.5,8.73,7,3,7,1,normal,0,3,,,0,18
USR_20558,USR_20558_C02,2025-03-21,12.5,11.66,7,3,7,1,more,0,3,18.0,18.0,1,23
USR_20558,USR_20558_C03,2025-04-13,12.5,9.01,7,3,7,1,normal,0,4,23.0,20.5,2,19
USR_20558,USR_20558_C04,2025-05-02,12.5,12.38,7,3,7,1,normal,0,5,19.0,20.0,3,36
USR_20558,USR_20558_C05,2025-06-07,12.5,11.88,7,3,7,1,normal,0,6,36.0,24.0,4,30
USR_20558,USR_20558_C06,2025-07-07,12.5,12.22,7,3,7,1,normal,0,7,30.0,25.2,5,32
USR_20559,USR_20559_C01,2025-02-11,6.0,5.67,3,1,7,1,normal,0,2,,,0,25
USR_20559,USR_20559_C02,2025-03-08,6.0,5.72,3,1,7,1,normal,0,3,25.0,25.0,1,23
USR_20559,USR_20559_C03,2025-03-31,6.0,5.8,3,1,7,1,less,0,3,23.0,24.0,2,31
USR_20559,USR_20559_C04,2025-05-01,6.0,5.65,3,1,7,1,normal,0,5,31.0,26.333333333333332,3,26
USR_20559,USR_20559_C05,2025-05-27,6.0,5.91,3,1,7,1,normal,0,5,26.0,26.25,4,24
USR_20560,USR_20560_C01,2025-03-06,12.5,11.94,5,2,7,1,normal,0,3,,,0,38
USR_20560,USR_20560_C02,2025-04-13,12.5,7.81,5,2,7,1,normal,0,4,38.0,38.0,1,23
USR_20560,USR_20560_C03,2025-05-06,12.5,11.97,5,2,7,1,less,0,5,23.0,30.5,2,57
USR_20560,USR_20560_C04,2025-07-02,12.5,12.06,5,2,7,1,less,0,7,57.0,39.333333333333336,3,62
USR_20561,USR_20561_C01,2025-03-30,12.5,12.21,5,3,7,1,less,0,3,,,0,42
USR_20561,USR_20561_C02,2025-05-11,12.5,11.81,5,3,7,1,normal,0,5,42.0,42.0,1,26
USR_20561,USR_20561_C03,2025-06-06,12.5,11.82,5,3,7,1,normal,0,6,26.0,34.0,2,26
USR_20561,USR_20561_C04,2025-07-02,12.5,11.59,5,3,7,1,normal,0,7,26.0,31.333333333333332,3,28
USR_20561,USR_20561_C05,2025-07-30,12.5,12.14,5,3,7,1,more,0,7,28.0,30.5,4,25
USR_20562,USR_20562_C01,2025-01-17,12.5,11.53,5,2,7,0,normal,1,1,,,0,46
USR_20562,USR_20562_C02,2025-03-04,12.5,9.48,5,2,7,0,normal,0,3,46.0,46.0,1,31
USR_20562,USR_20562_C03,2025-04-04,12.5,12.42,5,2,7,0,normal,0,4,31.0,38.5,2,47
USR_20562,USR_20562_C04,2025-05-21,12.5,11.75,5,2,7,0,normal,0,5,47.0,41.333333333333336,3,47
USR_20563,USR_20563_C01,2025-01-10,6.0,5.86,6,2,6,1,normal,1,1,,,0,17
USR_20563,USR_20563_C02,2025-01-27,6.0,5.98,6,2,6,1,more,1,1,17.0,17.0,1,15
USR_20563,USR_20563_C03,2025-02-11,6.0,5.93,6,2,6,1,normal,0,2,15.0,16.0,2,17
USR_20563,USR_20563_C04,2025-02-28,6.0,5.41,6,2,6,1,normal,0,2,17.0,16.333333333333332,3,16
USR_20564,USR_20564_C01,2025-02-20,12.5,12.3,3,1,5,1,normal,0,2,,,0,45
USR_20564,USR_20564_C02,2025-04-06,12.5,7.51,3,1,5,1,less,0,4,45.0,45.0,1,32
USR_20564,USR_20564_C03,2025-05-08,12.5,12.34,3,1,5,1,normal,0,5,32.0,38.5,2,47
USR_20564,USR_20564_C04,2025-06-24,12.5,11.65,3,1,5,1,normal,0,6,47.0,41.333333333333336,3,46
USR_20564,USR_20564_C05,2025-08-09,12.5,11.74,3,1,5,1,normal,0,8,46.0,42.5,4,52
USR_20564,USR_20564_C06,2025-09-30,12.5,11.63,3,1,5,1,normal,0,9,52.0,44.4,5,49
USR_20564,USR_20564_C07,2025-11-18,12.5,11.58,3,1,5,1,normal,0,11,49.0,45.166666666666664,6,54
USR_20564,USR_20564_C08,2026-01-11,12.5,11.86,3,1,5,1,normal,1,1,54.0,46.42857142857143,7,45
USR_20564,USR_20564_C09,2026-02-25,12.5,11.54,3,1,5,1,less,0,2,45.0,46.25,8,58
USR_20564,USR_20564_C10,2026-04-24,12.5,12.25,3,1,5,1,normal,0,4,58.0,47.55555555555556,9,53
USR_20564,USR_20564_C11,2026-06-16,12.5,12.21,3,1,5,1,normal,0,6,53.0,48.1,10,45
USR_20564,USR_20564_C12,2026-07-31,12.5,12.34,3,1,5,1,more,0,7,45.0,47.81818181818182,11,39
USR_20565,USR_20565_C01,2025-01-20,6.0,5.9,3,2,7,1,normal,1,1,,,0,22
USR_20565,USR_20565_C02,2025-02-11,6.0,5.23,3,2,7,1,less,0,2,22.0,22.0,1,22
USR_20565,USR_20565_C03,2025-03-05,6.0,5.61,3,2,7,1,normal,0,3,22.0,22.0,2,21
USR_20565,USR_20565_C04,2025-03-26,6.0,5.59,3,2,7,1,normal,0,3,21.0,21.666666666666668,3,21
USR_20565,USR_20565_C05,2025-04-16,6.0,4.36,3,2,7,1,normal,0,4,21.0,21.5,4,13
USR_20565,USR_20565_C06,2025-04-29,6.0,5.63,3,2,7,1,normal,0,4,13.0,19.8,5,19
USR_20565,USR_20565_C07,2025-05-18,6.0,5.91,3,2,7,1,more,0,5,19.0,19.666666666666668,6,17
USR_20566,USR_20566_C01,2025-01-03,12.5,11.67,4,3,5,1,normal,1,1,,,0,28
USR_20566,USR_20566_C02,2025-01-31,12.5,10.06,4,3,5,1,normal,1,1,28.0,28.0,1,24
USR_20566,USR_20566_C03,2025-02-24,12.5,12.04,4,3,5,1,normal,0,2,24.0,26.0,2,29
USR_20566,USR_20566_C04,2025-03-25,12.5,11.65,4,3,5,1,more,0,3,29.0,27.0,3,22
USR_20566,USR_20566_C05,2025-04-16,12.5,12.06,4,3,5,1,normal,0,4,22.0,25.75,4,29
USR_20566,USR_20566_C06,2025-05-15,12.5,8.47,4,3,5,1,normal,0,5,29.0,26.4,5,21
USR_20566,USR_20566_C07,2025-06-05,12.5,12.34,4,3,5,1,normal,0,6,21.0,25.5,6,26
USR_20566,USR_20566_C08,2025-07-01,12.5,11.6,4,3,5,1,normal,0,7,26.0,25.571428571428573,7,29
USR_20566,USR_20566_C09,2025-07-30,12.5,11.74,4,3,5,1,normal,0,7,29.0,26.0,8,33
USR_20566,USR_20566_C10,2025-09-01,12.5,12.02,4,3,5,1,more,0,9,33.0,26.77777777777778,9,21
USR_20567,USR_20567_C01,2025-04-10,6.0,5.59,3,1,6,1,more,0,4,,,0,21
USR_20567,USR_20567_C02,2025-05-01,6.0,4.94,3,1,6,1,more,0,5,21.0,21.0,1,20
USR_20567,USR_20567_C03,2025-05-21,6.0,5.93,3,1,6,1,normal,0,5,20.0,20.5,2,32
USR_20567,USR_20567_C04,2025-06-22,6.0,4.93,3,1,6,1,normal,0,6,32.0,24.333333333333332,3,27
USR_20567,USR_20567_C05,2025-07-19,6.0,5.95,3,1,6,1,normal,0,7,27.0,25.0,4,28
USR_20567,USR_20567_C06,2025-08-16,6.0,4.62,3,1,6,1,normal,0,8,28.0,25.6,5,26
USR_20567,USR_20567_C07,2025-09-11,6.0,5.87,3,1,6,1,normal,0,9,26.0,25.666666666666668,6,37
USR_20567,USR_20567_C08,2025-10-18,6.0,5.79,3,1,6,1,normal,0,10,37.0,27.285714285714285,7,32
USR_20567,USR_20567_C09,2025-11-19,6.0,5.96,3,1,6,1,normal,0,11,32.0,27.875,8,28
USR_20569,USR_20569_C01,2025-04-29,6.0,5.09,2,2,5,1,normal,0,4,,,0,19
USR_20569,USR_20569_C02,2025-05-18,6.0,5.78,2,2,5,1,normal,0,5,19.0,19.0,1,22
USR_20569,USR_20569_C03,2025-06-09,6.0,5.54,2,2,5,1,normal,0,6,22.0,20.5,2,22
USR_20569,USR_20569_C04,2025-07-01,6.0,5.82,2,2,5,1,normal,0,7,22.0,21.0,3,21
USR_20569,USR_20569_C05,2025-07-22,6.0,5.56,2,2,5,1,normal,0,7,21.0,21.0,4,21
USR_20569,USR_20569_C06,2025-08-12,6.0,4.7,2,2,5,1,normal,0,8,21.0,21.0,5,17
USR_20569,USR_20569_C07,2025-08-29,6.0,6.0,2,2,5,1,normal,0,8,17.0,20.333333333333332,6,21
USR_20569,USR_20569_C08,2025-09-19,6.0,5.56,2,2,5,1,normal,0,9,21.0,20.428571428571427,7,20
USR_20569,USR_20569_C09,2025-10-09,6.0,5.84,2,2,5,1,normal,0,10,20.0,20.375,8,20
USR_20569,USR_20569_C10,2025-10-29,6.0,5.57,2,2,5,1,normal,0,10,20.0,20.333333333333332,9,26
USR_20569,USR_20569_C11,2025-11-24,6.0,5.9,2,2,5,1,normal,0,11,26.0,20.9,10,21
USR_20570,USR_20570_C01,2025-01-18,12.5,12.26,3,3,7,1,normal,1,1,,,0,34
USR_20570,USR_20570_C02,2025-02-21,12.5,12.14,3,3,7,1,normal,0,2,34.0,34.0,1,35
USR_20570,USR_20570_C03,2025-03-28,12.5,11.73,3,3,7,1,normal,0,3,35.0,34.5,2,33
USR_20570,USR_20570_C04,2025-04-30,12.5,11.95,3,3,7,1,normal,0,4,33.0,34.0,3,35
USR_20570,USR_20570_C05,2025-06-04,12.5,9.23,3,3,7,1,more,0,6,35.0,34.25,4,23
USR_20570,USR_20570_C06,2025-06-27,12.5,12.37,3,3,7,1,normal,0,6,23.0,32.0,5,38
USR_20570,USR_20570_C07,2025-08-04,12.5,12.14,3,3,7,1,normal,0,8,38.0,33.0,6,34
USR_20570,USR_20570_C08,2025-09-07,12.5,12.05,3,3,7,1,less,0,9,34.0,33.142857142857146,7,38
USR_20570,USR_20570_C09,2025-10-15,12.5,12.35,3,3,7,1,normal,0,10,38.0,33.75,8,41
USR_20570,USR_20570_C10,2025-11-25,12.5,11.7,3,3,7,1,normal,0,11,41.0,34.55555555555556,9,41
USR_20571,USR_20571_C01,2025-03-18,12.5,11.54,4,1,6,1,normal,0,3,,,0,33
USR_20571,USR_20571_C02,2025-04-20,12.5,12.25,4,1,6,1,more,0,4,33.0,33.0,1,31
USR_20571,USR_20571_C03,2025-05-21,12.5,11.57,4,1,6,1,normal,0,5,31.0,32.0,2,35
USR_20571,USR_20571_C04,2025-06-25,12.5,12.3,4,1,6,1,normal,0,6,35.0,33.0,3,36
USR_20571,USR_20571_C05,2025-07-31,12.5,12.27,4,1,6,1,normal,0,7,36.0,33.75,4,34
USR_20571,USR_20571_C06,2025-09-03,12.5,11.74,4,1,6,1,normal,0,9,34.0,33.8,5,36
USR_20571,USR_20571_C07,2025-10-09,12.5,12.5,4,1,6,1,less,0,10,36.0,34.166666666666664,6,47
USR_20571,USR_20571_C08,2025-11-25,12.5,11.74,4,1,6,1,more,0,11,47.0,36.0,7,27
USR_20571,USR_20571_C09,2025-12-22,12.5,12.02,4,1,6,1,normal,1,12,27.0,34.875,8,33
USR_20571,USR_20571_C10,2026-01-24,12.5,9.92,4,1,6,1,normal,1,1,33.0,34.666666666666664,9,30
USR_20572,USR_20572_C01,2025-01-06,12.5,12.21,4,3,7,0,normal,1,1,,,0,45
USR_20572,USR_20572_C02,2025-02-20,12.5,11.69,4,3,7,0,more,0,2,45.0,45.0,1,44
USR_20572,USR_20572_C03,2025-04-05,12.5,7.37,4,3,7,0,normal,0,4,44.0,44.5,2,32
USR_20573,USR_20573_C01,2025-01-24,6.0,5.77,3,2,7,1,normal,1,1,,,0,26
USR_20573,USR_20573_C02,2025-02-19,6.0,5.62,3,2,7,1,normal,0,2,26.0,26.0,1,28
USR_20576,USR_20576_C01,2025-03-28,12.5,11.54,5,3,7,1,normal,0,3,,,0,32
USR_20576,USR_20576_C02,2025-04-29,12.5,11.59,5,3,7,1,normal,0,4,32.0,32.0,1,39
USR_20576,USR_20576_C03,2025-06-07,12.5,12.18,5,3,7,1,normal,0,6,39.0,35.5,2,36
USR_20576,USR_20576_C04,2025-07-13,12.5,8.5,5,3,7,1,normal,0,7,36.0,35.666666666666664,3,24
USR_20576,USR_20576_C05,2025-08-06,12.5,11.56,5,3,7,1,less,0,8,24.0,32.75,4,51
USR_20576,USR_20576_C06,2025-09-26,12.5,7.56,5,3,7,1,normal,0,9,51.0,36.4,5,25
USR_20576,USR_20576_C07,2025-10-21,12.5,12.09,5,3,7,1,normal,0,10,25.0,34.5,6,36
USR_20576,USR_20576_C08,2025-11-26,12.5,12.26,5,3,7,1,normal,0,11,36.0,34.714285714285715,7,37
USR_20576,USR_20576_C09,2026-01-02,12.5,12.29,5,3,7,1,normal,1,1,37.0,35.0,8,41
USR_20576,USR_20576_C10,2026-02-12,12.5,11.73,5,3,7,1,normal,0,2,41.0,35.666666666666664,9,36
USR_20576,USR_20576_C11,2026-03-20,12.5,11.86,5,3,7,1,normal,0,3,36.0,35.7,10,33
USR_20576,USR_20576_C12,2026-04-22,12.5,9.53,5,3,7,1,normal,0,4,33.0,35.45454545454545,11,28
USR_20578,USR_20578_C01,2025-04-19,12.5,12.44,5,3,6,1,normal,0,4,,,0,29
USR_20578,USR_20578_C02,2025-05-18,12.5,11.87,5,3,6,1,normal,0,5,29.0,29.0,1,29
USR_20578,USR_20578_C03,2025-06-16,12.5,12.25,5,3,6,1,normal,0,6,29.0,29.0,2,30
USR_20578,USR_20578_C04,2025-07-16,12.5,11.77,5,3,6,1,normal,0,7,30.0,29.333333333333332,3,29
USR_20578,USR_20578_C05,2025-08-14,12.5,12.31,5,3,6,1,normal,0,8,29.0,29.25,4,29
USR_20578,USR_20578_C06,2025-09-12,12.5,12.33,5,3,6,1,normal,0,9,29.0,29.2,5,31
USR_20578,USR_20578_C07,2025-10-13,12.5,12.03,5,3,6,1,normal,0,10,31.0,29.5,6,32
USR_20578,USR_20578_C08,2025-11-14,12.5,7.19,5,3,6,1,less,0,11,32.0,29.857142857142858,7,18
USR_20578,USR_20578_C09,2025-12-02,12.5,11.86,5,3,6,1,more,1,12,18.0,28.375,8,22
USR_20578,USR_20578_C10,2025-12-24,12.5,12.15,5,3,6,1,normal,1,12,22.0,27.666666666666668,9,25
USR_20579,USR_20579_C01,2025-04-19,12.5,11.83,4,3,7,1,normal,0,4,,,0,32
USR_20579,USR_20579_C02,2025-05-21,12.5,12.18,4,3,7,1,normal,0,5,32.0,32.0,1,31
USR_20579,USR_20579_C03,2025-06-21,12.5,7.27,4,3,7,1,normal,0,6,31.0,31.5,2,22
USR_20579,USR_20579_C04,2025-07-13,12.5,12.45,4,3,7,1,normal,0,7,22.0,28.333333333333332,3,38
USR_20579,USR_20579_C05,2025-08-20,12.5,12.2,4,3,7,1,normal,0,8,38.0,30.75,4,32
USR_20579,USR_20579_C06,2025-09-21,12.5,12.24,4,3,7,1,normal,0,9,32.0,31.0,5,34
USR_20580,USR_20580_C01,2025-02-28,6.0,5.97,3,2,7,1,normal,0,2,,,0,19
USR_20580,USR_20580_C02,2025-03-19,6.0,5.55,3,2,7,1,more,0,3,19.0,19.0,1,12
USR_20580,USR_20580_C03,2025-03-31,6.0,5.65,3,2,7,1,normal,0,3,12.0,15.5,2,16
USR_20580,USR_20580_C04,2025-04-16,6.0,5.81,3,2,7,1,normal,0,4,16.0,15.666666666666666,3,17
USR_20580,USR_20580_C05,2025-05-03,6.0,5.69,3,2,7,1,normal,0,5,17.0,16.0,4,16
USR_20580,USR_20580_C06,2025-05-19,6.0,5.56,3,2,7,1,more,0,5,16.0,16.0,5,13
USR_20580,USR_20580_C07,2025-06-01,6.0,5.57,3,2,7,1,less,0,6,13.0,15.5,6,21
USR_20580,USR_20580_C08,2025-06-22,6.0,4.48,3,2,7,1,normal,0,6,21.0,16.285714285714285,7,10
USR_20582,USR_20582_C01,2025-03-16,12.5,12.33,3,2,7,1,normal,0,3,,,0,40
USR_20582,USR_20582_C02,2025-04-25,12.5,11.58,3,2,7,1,normal,0,4,40.0,40.0,1,33
USR_20582,USR_20582_C03,2025-05-28,12.5,11.77,3,2,7,1,more,0,5,33.0,36.5,2,32
USR_20582,USR_20582_C04,2025-06-29,12.5,11.66,3,2,7,1,normal,0,6,32.0,35.0,3,43
USR_20582,USR_20582_C05,2025-08-11,12.5,11.89,3,2,7,1,normal,0,8,43.0,37.0,4,42
USR_20583,USR_20583_C01,2025-03-10,6.0,5.95,4,3,7,1,more,0,3,,,0,13
USR_20583,USR_20583_C02,2025-03-23,6.0,4.13,4,3,7,1,normal,0,3,13.0,13.0,1,13
USR_20583,USR_20583_C03,2025-04-05,6.0,5.82,4,3,7,1,normal,0,4,13.0,13.0,2,16
USR_20583,USR_20583_C04,2025-04-21,6.0,5.77,4,3,7,1,less,0,4,16.0,14.0,3,19
USR_20583,USR_20583_C05,2025-05-10,6.0,5.54,4,3,7,1,less,0,5,19.0,15.25,4,16
USR_20584,USR_20584_C01,2025-03-29,6.0,5.52,3,2,6,0,normal,0,3,,,0,30
USR_20584,USR_20584_C02,2025-04-28,6.0,5.98,3,2,6,0,less,0,4,30.0,30.0,1,41
USR_20584,USR_20584_C03,2025-06-08,6.0,5.59,3,2,6,0,more,0,6,41.0,35.5,2,26
USR_20584,USR_20584_C04,2025-07-04,6.0,5.94,3,2,6,0,normal,0,7,26.0,32.333333333333336,3,34
USR_20584,USR_20584_C05,2025-08-07,6.0,5.58,3,2,6,0,normal,0,8,34.0,32.75,4,28
USR_20585,USR_20585_C01,2025-03-13,12.5,8.31,2,2,7,1,normal,0,3,,,0,34
USR_20585,USR_20585_C02,2025-04-16,12.5,11.78,2,2,7,1,normal,0,4,34.0,34.0,1,39
USR_20585,USR_20585_C03,2025-05-25,12.5,11.98,2,2,7,1,normal,0,5,39.0,36.5,2,48
USR_20585,USR_20585_C04,2025-07-12,12.5,7.81,2,2,7,1,normal,0,7,48.0,40.333333333333336,3,26
USR_20585,USR_20585_C05,2025-08-07,12.5,11.86,2,2,7,1,normal,0,8,26.0,36.75,4,33
USR_20585,USR_20585_C06,2025-09-09,12.5,12.38,2,2,7,1,normal,0,9,33.0,36.0,5,36
USR_20585,USR_20585_C07,2025-10-15,12.5,11.51,2,2,7,1,normal,0,10,36.0,36.0,6,44
USR_20585,USR_20585_C08,2025-11-28,12.5,7.07,2,2,7,1,normal,0,11,44.0,37.142857142857146,7,19
USR_20585,USR_20585_C09,2025-12-17,12.5,11.67,2,2,7,1,normal,1,12,19.0,34.875,8,36
USR_20586,USR_20586_C01,2025-02-27,12.5,7.65,4,1,5,1,normal,0,2,,,0,32
USR_20586,USR_20586_C02,2025-03-31,12.5,11.84,4,1,5,1,normal,0,3,32.0,32.0,1,49
USR_20587,USR_20587_C01,2025-02-12,6.0,5.67,3,3,7,1,normal,0,2,,,0,15
USR_20587,USR_20587_C02,2025-02-27,6.0,5.9,3,3,7,1,normal,0,2,15.0,15.0,1,13
USR_20587,USR_20587_C03,2025-03-12,6.0,5.77,3,3,7,1,normal,0,3,13.0,14.0,2,16
USR_20587,USR_20587_C04,2025-03-28,6.0,5.88,3,3,7,1,normal,0,3,16.0,14.666666666666666,3,16
USR_20588,USR_20588_C01,2025-04-15,12.5,9.16,4,3,7,0,normal,0,4,,,0,44
USR_20588,USR_20588_C02,2025-05-29,12.5,12.2,4,3,7,0,more,0,5,44.0,44.0,1,39
USR_20588,USR_20588_C03,2025-07-07,12.5,11.82,4,3,7,0,normal,0,7,39.0,41.5,2,63
USR_20588,USR_20588_C04,2025-09-08,12.5,11.86,4,3,7,0,normal,0,9,63.0,48.666666666666664,3,54
USR_20588,USR_20588_C05,2025-11-01,12.5,12.31,4,3,7,0,more,0,11,54.0,50.0,4,42
USR_20588,USR_20588_C06,2025-12-13,12.5,12.0,4,3,7,0,normal,1,12,42.0,48.4,5,54
USR_20588,USR_20588_C07,2026-02-05,12.5,12.08,4,3,7,0,more,0,2,54.0,49.333333333333336,6,44
USR_20588,USR_20588_C08,2026-03-21,12.5,10.52,4,3,7,0,normal,0,3,44.0,48.57142857142857,7,54
USR_20588,USR_20588_C09,2026-05-14,12.5,11.91,4,3,7,0,normal,0,5,54.0,49.25,8,52
USR_20589,USR_20589_C01,2025-04-14,6.0,5.58,4,2,6,1,normal,0,4,,,0,12
USR_20589,USR_20589_C02,2025-04-26,6.0,5.64,4,2,6,1,normal,0,4,12.0,12.0,1,15
USR_20589,USR_20589_C03,2025-05-11,6.0,4.95,4,2,6,1,more,0,5,15.0,13.5,2,11
USR_20589,USR_20589_C04,2025-05-22,6.0,5.82,4,2,6,1,normal,0,5,11.0,12.666666666666666,3,12
USR_20589,USR_20589_C05,2025-06-03,6.0,5.76,4,2,6,1,less,0,6,12.0,12.5,4,17
USR_20589,USR_20589_C06,2025-06-20,6.0,5.68,4,2,6,1,normal,0,6,17.0,13.4,5,11
USR_20590,USR_20590_C01,2025-02-04,6.0,5.66,3,3,7,0,more,0,2,,,0,17
USR_20590,USR_20590_C02,2025-02-21,6.0,3.67,3,3,7,0,normal,0,2,17.0,17.0,1,16
USR_20590,USR_20590_C03,2025-03-09,6.0,5.06,3,3,7,0,normal,0,3,16.0,16.5,2,21
USR_20590,USR_20590_C04,2025-03-30,6.0,5.59,3,3,7,0,normal,0,3,21.0,18.0,3,28
USR_20590,USR_20590_C05,2025-04-27,6.0,5.87,3,3,7,0,normal,0,4,28.0,20.5,4,24
USR_20590,USR_20590_C06,2025-05-21,6.0,4.41,3,3,7,0,normal,0,5,24.0,21.2,5,19
USR_20591,USR_20591_C01,2025-04-13,6.0,5.53,4,2,5,0,normal,0,4,,,0,30
USR_20591,USR_20591_C02,2025-05-13,6.0,5.77,4,2,5,0,normal,0,5,30.0,30.0,1,32
USR_20591,USR_20591_C03,2025-06-14,6.0,5.43,4,2,5,0,normal,0,6,32.0,31.0,2,26
USR_20591,USR_20591_C04,2025-07-10,6.0,5.96,4,2,5,0,normal,0,7,26.0,29.333333333333332,3,29
USR_20591,USR_20591_C05,2025-08-08,6.0,5.9,4,2,5,0,normal,0,8,29.0,29.25,4,30
USR_20591,USR_20591_C06,2025-09-07,6.0,5.18,4,2,5,0,normal,0,9,30.0,29.4,5,25
USR_20591,USR_20591_C07,2025-10-02,6.0,5.91,4,2,5,0,normal,0,10,25.0,28.666666666666668,6,26
USR_20592,USR_20592_C01,2025-02-08,12.5,11.22,5,2,7,1,normal,0,2,,,0,32
USR_20592,USR_20592_C02,2025-03-12,12.5,11.65,5,2,7,1,normal,0,3,32.0,32.0,1,34
USR_20592,USR_20592_C03,2025-04-15,12.5,11.55,5,2,7,1,normal,0,4,34.0,33.0,2,36
USR_20592,USR_20592_C04,2025-05-21,12.5,12.28,5,2,7,1,less,0,5,36.0,34.0,3,55
USR_20592,USR_20592_C05,2025-07-15,12.5,8.22,5,2,7,1,normal,0,7,55.0,39.25,4,25
USR_20592,USR_20592_C06,2025-08-09,12.5,12.33,5,2,7,1,more,0,8,25.0,36.4,5,25
USR_20593,USR_20593_C01,2025-02-04,6.0,5.56,4,2,7,1,normal,0,2,,,0,16
USR_20593,USR_20593_C02,2025-02-20,6.0,3.36,4,2,7,1,normal,0,2,16.0,16.0,1,8
USR_20593,USR_20593_C03,2025-02-28,6.0,5.82,4,2,7,1,normal,0,2,8.0,12.0,2,19
USR_20593,USR_20593_C04,2025-03-19,6.0,5.57,4,2,7,1,normal,0,3,19.0,14.333333333333334,3,16
USR_20593,USR_20593_C05,2025-04-04,6.0,5.54,4,2,7,1,normal,0,4,16.0,14.75,4,16
USR_20593,USR_20593_C06,2025-04-20,6.0,5.88,4,2,7,1,less,0,4,16.0,15.0,5,23
USR_20593,USR_20593_C07,2025-05-13,6.0,5.82,4,2,7,1,normal,0,5,23.0,16.333333333333332,6,19
USR_20595,USR_20595_C01,2025-04-23,12.5,7.17,4,2,5,1,normal,0,4,,,0,27
USR_20595,USR_20595_C02,2025-05-20,12.5,12.35,4,2,5,1,normal,0,5,27.0,27.0,1,46
USR_20595,USR_20595_C03,2025-07-05,12.5,12.21,4,2,5,1,more,0,7,46.0,36.5,2,41
USR_20595,USR_20595_C04,2025-08-15,12.5,10.36,4,2,5,1,normal,0,8,41.0,38.0,3,35
USR_20595,USR_20595_C05,2025-09-19,12.5,12.29,4,2,5,1,normal,0,9,35.0,37.25,4,38
USR_20596,USR_20596_C01,2025-04-05,12.5,11.66,6,2,5,1,less,0,4,,,0,40
USR_20596,USR_20596_C02,2025-05-15,12.5,12.28,6,2,5,1,normal,0,5,40.0,40.0,1,47
USR_20596,USR_20596_C03,2025-07-01,12.5,11.97,6,2,5,1,normal,0,7,47.0,43.5,2,37
USR_20596,USR_20596_C04,2025-08-07,12.5,11.68,6,2,5,1,normal,0,8,37.0,41.333333333333336,3,36
USR_20596,USR_20596_C05,2025-09-12,12.5,10.32,6,2,5,1,normal,0,9,36.0,40.0,4,29
USR_20596,USR_20596_C06,2025-10-11,12.5,11.62,6,2,5,1,normal,0,10,29.0,37.8,5,42
USR_20597,USR_20597_C01,2025-02-28,6.0,5.99,3,3,7,1,normal,0,2,,,0,20
USR_20597,USR_20597_C02,2025-03-20,6.0,5.56,3,3,7,1,normal,0,3,20.0,20.0,1,17
USR_20597,USR_20597_C03,2025-04-06,6.0,5.93,3,3,7,1,normal,0,4,17.0,18.5,2,16
USR_20597,USR_20597_C04,2025-04-22,6.0,5.58,3,3,7,1,normal,0,4,16.0,17.666666666666668,3,21
USR_20597,USR_20597_C05,2025-05-13,6.0,5.82,3,3,7,1,normal,0,5,21.0,18.5,4,20
USR_20597,USR_20597_C06,2025-06-02,6.0,4.11,3,3,7,1,normal,0,6,20.0,18.8,5,16
USR_20597,USR_20597_C07,2025-06-18,6.0,5.3,3,3,7,1,normal,0,6,16.0,18.333333333333332,6,21
USR_20598,USR_20598_C01,2025-02-11,12.5,10.31,4,3,6,1,more,0,2,,,0,23
USR_20598,USR_20598_C02,2025-03-06,12.5,12.16,4,3,6,1,normal,0,3,23.0,23.0,1,31
USR_20598,USR_20598_C03,2025-04-06,12.5,11.65,4,3,6,1,normal,0,4,31.0,27.0,2,36
USR_20599,USR_20599_C01,2025-04-20,6.0,5.68,4,2,7,1,normal,0,4,,,0,22
USR_20599,USR_20599_C02,2025-05-12,6.0,5.88,4,2,7,1,less,0,5,22.0,22.0,1,29
USR_20599,USR_20599_C03,2025-06-10,6.0,5.53,4,2,7,1,normal,0,6,29.0,25.5,2,17
USR_20599,USR_20599_C04,2025-06-27,6.0,5.83,4,2,7,1,more,0,6,17.0,22.666666666666668,3,17
USR_20599,USR_20599_C05,2025-07-14,6.0,5.54,4,2,7,1,normal,0,7,17.0,21.25,4,20
USR_20599,USR_20599_C06,2025-08-03,6.0,5.91,4,2,7,1,normal,0,8,20.0,21.0,5,20
USR_20599,USR_20599_C07,2025-08-23,6.0,5.87,4,2,7,1,normal,0,8,20.0,20.833333333333332,6,20
USR_20599,USR_20599_C08,2025-09-12,6.0,5.99,4,2,7,1,normal,0,9,20.0,20.714285714285715,7,19
USR_20600,USR_20600_C01,2025-01-27,12.5,11.66,4,2,7,1,normal,1,1,,,0,40
USR_20600,USR_20600_C02,2025-03-08,12.5,11.61,4,2,7,1,normal,0,3,40.0,40.0,1,41
USR_20600,USR_20600_C03,2025-04-18,12.5,11.54,4,2,7,1,normal,0,4,41.0,40.5,2,39
USR_20600,USR_20600_C04,2025-05-27,12.5,11.8,4,2,7,1,normal,0,5,39.0,40.0,3,50
USR_20600,USR_20600_C05,2025-07-16,12.5,8.12,4,2,7,1,normal,0,7,50.0,42.5,4,29
USR_20600,USR_20600_C06,2025-08-14,12.5,9.44,4,2,7,1,normal,0,8,29.0,39.8,5,41
USR_20600,USR_20600_C07,2025-09-24,12.5,12.38,4,2,7,1,normal,0,9,41.0,40.0,6,40
USR_20600,USR_20600_C08,2025-11-03,12.5,10.41,4,2,7,1,normal,0,11,40.0,40.0,7,29
USR_20600,USR_20600_C09,2025-12-02,12.5,11.83,4,2,7,1,normal,1,12,29.0,38.625,8,43
USR_20600,USR_20600_C10,2026-01-14,12.5,11.67,4,2,7,1,normal,1,1,43.0,39.111111111111114,9,38
USR_20600,USR_20600_C11,2026-02-21,12.5,11.58,4,2,7,1,more,0,2,38.0,39.0,10,30
USR_20600,USR_20600_C12,2026-03-23,12.5,11.56,4,2,7,1,normal,0,3,30.0,38.18181818181818,11,43
USR_20601,USR_20601_C01,2025-04-18,12.5,12.04,5,1,7,0,normal,0,4,,,0,62
USR_20601,USR_20601_C02,2025-06-19,12.5,12.29,5,1,7,0,normal,0,6,62.0,62.0,1,64
USR_20601,USR_20601_C03,2025-08-22,12.5,11.91,5,1,7,0,normal,0,8,64.0,63.0,2,75
USR_20601,USR_20601_C04,2025-11-05,12.5,11.73,5,1,7,0,normal,0,11,75.0,67.0,3,75
USR_20601,USR_20601_C05,2026-01-19,12.5,12.23,5,1,7,0,normal,1,1,75.0,69.0,4,75
USR_20601,USR_20601_C06,2026-04-04,12.5,11.81,5,1,7,0,normal,0,4,75.0,70.2,5,73
USR_20601,USR_20601_C07,2026-06-16,12.5,11.8,5,1,7,0,normal,0,6,73.0,70.66666666666667,6,65
USR_20602,USR_20602_C01,2025-01-21,12.5,12.35,6,3,6,1,normal,1,1,,,0,30
USR_20602,USR_20602_C02,2025-02-20,12.5,10.83,6,3,6,1,normal,0,2,30.0,30.0,1,30
USR_20602,USR_20602_C03,2025-03-22,12.5,12.05,6,3,6,1,more,0,3,30.0,30.0,2,28
USR_20602,USR_20602_C04,2025-04-19,12.5,12.36,6,3,6,1,normal,0,4,28.0,29.333333333333332,3,33
USR_20602,USR_20602_C05,2025-05-22,12.5,12.16,6,3,6,1,more,0,5,33.0,30.25,4,24
USR_20602,USR_20602_C06,2025-06-15,12.5,12.27,6,3,6,1,normal,0,6,24.0,29.0,5,37
USR_20602,USR_20602_C07,2025-07-22,12.5,12.49,6,3,6,1,less,0,7,37.0,30.333333333333332,6,41
USR_20603,USR_20603_C01,2025-01-31,6.0,4.7,5,3,7,1,less,1,1,,,0,12
USR_20603,USR_20603_C02,2025-02-12,6.0,5.52,5,3,7,1,normal,0,2,12.0,12.0,1,17
USR_20603,USR_20603_C03,2025-03-01,6.0,5.53,5,3,7,1,normal,0,3,17.0,14.5,2,17
USR_20603,USR_20603_C04,2025-03-18,6.0,5.6,5,3,7,1,more,0,3,17.0,15.333333333333334,3,14
USR_20603,USR_20603_C05,2025-04-01,6.0,4.42,5,3,7,1,normal,0,4,14.0,15.0,4,12
USR_20603,USR_20603_C06,2025-04-13,6.0,5.81,5,3,7,1,normal,0,4,12.0,14.4,5,14
USR_20604,USR_20604_C01,2025-03-14,6.0,5.69,5,3,7,0,normal,0,3,,,0,23
USR_20604,USR_20604_C02,2025-04-06,6.0,3.93,5,3,7,0,normal,0,4,23.0,23.0,1,18
USR_20604,USR_20604_C03,2025-04-24,6.0,5.73,5,3,7,0,normal,0,4,18.0,20.5,2,24
USR_20605,USR_20605_C01,2025-03-13,6.0,5.84,3,2,5,1,more,0,3,,,0,16
USR_20605,USR_20605_C02,2025-03-29,6.0,5.93,3,2,5,1,normal,0,3,16.0,16.0,1,22
USR_20605,USR_20605_C03,2025-04-20,6.0,5.98,3,2,5,1,normal,0,4,22.0,19.0,2,26
USR_20605,USR_20605_C04,2025-05-16,6.0,5.8,3,2,5,1,normal,0,5,26.0,21.333333333333332,3,21
USR_20605,USR_20605_C05,2025-06-06,6.0,5.73,3,2,5,1,normal,0,6,21.0,21.25,4,23
USR_20605,USR_20605_C06,2025-06-29,6.0,4.23,3,2,5,1,less,0,6,23.0,21.6,5,18
USR_20605,USR_20605_C07,2025-07-17,6.0,3.88,3,2,5,1,normal,0,7,18.0,21.0,6,16
USR_20606,USR_20606_C01,2025-03-29,12.5,12.18,5,2,6,1,normal,0,3,,,0,36
USR_20606,USR_20606_C02,2025-05-04,12.5,7.0,5,2,6,1,normal,0,5,36.0,36.0,1,22
USR_20606,USR_20606_C03,2025-05-26,12.5,7.41,5,2,6,1,normal,0,5,22.0,29.0,2,23
USR_20606,USR_20606_C04,2025-06-18,12.5,11.83,5,2,6,1,normal,0,6,23.0,27.0,3,33
USR_20606,USR_20606_C05,2025-07-21,12.5,12.33,5,2,6,1,normal,0,7,33.0,28.5,4,35
USR_20606,USR_20606_C06,2025-08-25,12.5,11.76,5,2,6,1,normal,0,8,35.0,29.8,5,36
USR_20606,USR_20606_C07,2025-09-30,12.5,12.29,5,2,6,1,normal,0,9,36.0,30.833333333333332,6,34
USR_20606,USR_20606_C08,2025-11-03,12.5,9.32,5,2,6,1,normal,0,11,34.0,31.285714285714285,7,25
USR_20606,USR_20606_C09,2025-11-28,12.5,11.6,5,2,6,1,normal,0,11,25.0,30.5,8,33
USR_20606,USR_20606_C10,2025-12-31,12.5,10.65,5,2,6,1,less,1,12,33.0,30.77777777777778,9,46
USR_20606,USR_20606_C11,2026-02-15,12.5,11.92,5,2,6,1,normal,0,2,46.0,32.3,10,34
USR_20607,USR_20607_C01,2025-04-02,6.0,3.39,4,2,6,1,less,0,4,,,0,13
USR_20607,USR_20607_C02,2025-04-15,6.0,5.9,4,2,6,1,normal,0,4,13.0,13.0,1,20
USR_20607,USR_20607_C03,2025-05-05,6.0,3.88,4,2,6,1,normal,0,5,20.0,16.5,2,15
USR_20607,USR_20607_C04,2025-05-20,6.0,5.78,4,2,6,1,normal,0,5,15.0,16.0,3,18
USR_20607,USR_20607_C05,2025-06-07,6.0,5.28,4,2,6,1,normal,0,6,18.0,16.5,4,17
USR_20607,USR_20607_C06,2025-06-24,6.0,4.89,4,2,6,1,normal,0,6,17.0,16.6,5,15
USR_20607,USR_20607_C07,2025-07-09,6.0,5.83,4,2,6,1,more,0,7,15.0,16.333333333333332,6,15
USR_20607,USR_20607_C08,2025-07-24,6.0,4.95,4,2,6,1,normal,0,7,15.0,16.142857142857142,7,10
USR_20607,USR_20607_C09,2025-08-03,6.0,5.94,4,2,6,1,more,0,8,10.0,15.375,8,14
USR_20607,USR_20607_C10,2025-08-17,6.0,5.79,4,2,6,1,normal,0,8,14.0,15.222222222222221,9,17
USR_20607,USR_20607_C11,2025-09-03,6.0,5.9,4,2,6,1,normal,0,9,17.0,15.4,10,19
USR_20607,USR_20607_C12,2025-09-22,6.0,5.57,4,2,6,1,normal,0,9,19.0,15.727272727272727,11,17
USR_20608,USR_20608_C01,2025-02-23,12.5,7.83,4,1,7,0,normal,0,2,,,0,40
USR_20608,USR_20608_C02,2025-04-04,12.5,9.98,4,1,7,0,less,0,4,40.0,40.0,1,64
USR_20608,USR_20608_C03,2025-06-07,12.5,12.18,4,1,7,0,normal,0,6,64.0,52.0,2,61
USR_20608,USR_20608_C04,2025-08-07,12.5,12.13,4,1,7,0,normal,0,8,61.0,55.0,3,64
USR_20608,USR_20608_C05,2025-10-10,12.5,8.24,4,1,7,0,normal,0,10,64.0,57.25,4,43
USR_20608,USR_20608_C06,2025-11-22,12.5,7.37,4,1,7,0,normal,0,11,43.0,54.4,5,35
USR_20609,USR_20609_C01,2025-03-14,12.5,11.52,6,1,7,1,normal,0,3,,,0,38
USR_20609,USR_20609_C02,2025-04-21,12.5,11.63,6,1,7,1,normal,0,4,38.0,38.0,1,43
USR_20609,USR_20609_C03,2025-06-03,12.5,12.41,6,1,7,1,normal,0,6,43.0,40.5,2,40
USR_20609,USR_20609_C04,2025-07-13,12.5,12.45,6,1,7,1,normal,0,7,40.0,40.333333333333336,3,40
USR_20609,USR_20609_C05,2025-08-22,12.5,11.77,6,1,7,1,less,0,8,40.0,40.25,4,63
USR_20609,USR_20609_C06,2025-10-24,12.5,8.86,6,1,7,1,normal,0,10,63.0,44.8,5,26
USR_20609,USR_20609_C07,2025-11-19,12.5,11.84,6,1,7,1,normal,0,11,26.0,41.666666666666664,6,44
USR_20609,USR_20609_C08,2026-01-02,12.5,8.26,6,1,7,1,less,1,1,44.0,42.0,7,30
USR_20609,USR_20609_C09,2026-02-01,12.5,7.32,6,1,7,1,normal,0,2,30.0,40.5,8,23
USR_20610,USR_20610_C01,2025-03-16,12.5,11.96,5,1,7,1,normal,0,3,,,0,50
USR_20610,USR_20610_C02,2025-05-05,12.5,12.45,5,1,7,1,normal,0,5,50.0,50.0,1,47
USR_20610,USR_20610_C03,2025-06-21,12.5,11.76,5,1,7,1,normal,0,6,47.0,48.5,2,41
USR_20610,USR_20610_C04,2025-08-01,12.5,7.94,5,1,7,1,normal,0,8,41.0,46.0,3,36
USR_20610,USR_20610_C05,2025-09-06,12.5,8.73,5,1,7,1,normal,0,9,36.0,43.5,4,32
USR_20610,USR_20610_C06,2025-10-08,12.5,12.16,5,1,7,1,normal,0,10,32.0,41.2,5,44
USR_20610,USR_20610_C07,2025-11-21,12.5,12.41,5,1,7,1,normal,0,11,44.0,41.666666666666664,6,44
USR_20610,USR_20610_C08,2026-01-04,12.5,8.45,5,1,7,1,normal,1,1,44.0,42.0,7,32
USR_20610,USR_20610_C09,2026-02-05,12.5,11.77,5,1,7,1,normal,0,2,32.0,40.75,8,47
USR_20610,USR_20610_C10,2026-03-24,12.5,11.95,5,1,7,1,more,0,3,47.0,41.44444444444444,9,34
USR_20611,USR_20611_C01,2025-03-30,12.5,9.82,3,3,7,1,normal,0,3,,,0,39
USR_20611,USR_20611_C02,2025-05-08,12.5,12.34,3,3,7,1,more,0,5,39.0,39.0,1,38
USR_20611,USR_20611_C03,2025-06-15,12.5,8.94,3,3,7,1,normal,0,6,38.0,38.5,2,29
USR_20611,USR_20611_C04,2025-07-14,12.5,11.71,3,3,7,1,normal,0,7,29.0,35.333333333333336,3,43
USR_20611,USR_20611_C05,2025-08-26,12.5,9.15,3,3,7,1,less,0,8,43.0,37.25,4,34
USR_20611,USR_20611_C06,2025-09-29,12.5,9.37,3,3,7,1,normal,0,9,34.0,36.6,5,33
USR_20612,USR_20612_C01,2025-03-15,12.5,11.84,3,1,6,1,normal,0,3,,,0,59
USR_20612,USR_20612_C02,2025-05-13,12.5,9.2,3,1,6,1,normal,0,5,59.0,59.0,1,48
USR_20612,USR_20612_C03,2025-06-30,12.5,11.69,3,1,6,1,normal,0,6,48.0,53.5,2,60
USR_20612,USR_20612_C04,2025-08-29,12.5,12.14,3,1,6,1,normal,0,8,60.0,55.666666666666664,3,50
USR_20612,USR_20612_C05,2025-10-18,12.5,12.29,3,1,6,1,normal,0,10,50.0,54.25,4,50
USR_20613,USR_20613_C01,2025-04-19,12.5,9.01,6,1,5,1,normal,0,4,,,0,21
USR_20613,USR_20613_C02,2025-05-10,12.5,11.7,6,1,5,1,normal,0,5,21.0,21.0,1,35
USR_20613,USR_20613_C03,2025-06-14,12.5,11.58,6,1,5,1,normal,0,6,35.0,28.0,2,35
USR_20613,USR_20613_C04,2025-07-19,12.5,11.52,6,1,5,1,normal,0,7,35.0,30.333333333333332,3,34
USR_20613,USR_20613_C05,2025-08-22,12.5,11.87,6,1,5,1,normal,0,8,34.0,31.25,4,38
USR_20613,USR_20613_C06,2025-09-29,12.5,12.45,6,1,5,1,normal,0,9,38.0,32.6,5,39
USR_20613,USR_20613_C07,2025-11-07,12.5,8.98,6,1,5,1,normal,0,11,39.0,33.666666666666664,6,26
USR_20613,USR_20613_C08,2025-12-03,12.5,11.98,6,1,5,1,normal,1,12,26.0,32.57142857142857,7,40
USR_20616,USR_20616_C01,2025-03-04,12.5,12.27,2,3,6,1,normal,0,3,,,0,44
USR_20616,USR_20616_C02,2025-04-17,12.5,11.86,2,3,6,1,normal,0,4,44.0,44.0,1,48
USR_20616,USR_20616_C03,2025-06-04,12.5,11.85,2,3,6,1,more,0,6,48.0,46.0,2,39
USR_20617,USR_20617_C01,2025-03-02,12.5,11.53,4,2,7,0,normal,0,3,,,0,54
USR_20617,USR_20617_C02,2025-04-25,12.5,11.82,4,2,7,0,normal,0,4,54.0,54.0,1,53
USR_20617,USR_20617_C03,2025-06-17,12.5,11.97,4,2,7,0,normal,0,6,53.0,53.5,2,52
USR_20617,USR_20617_C04,2025-08-08,12.5,11.7,4,2,7,0,normal,0,8,52.0,53.0,3,62
USR_20618,USR_20618_C01,2025-02-01,12.5,8.31,4,3,7,1,normal,0,2,,,0,28
USR_20618,USR_20618_C02,2025-03-01,12.5,12.11,4,3,7,1,normal,0,3,28.0,28.0,1,47
USR_20618,USR_20618_C03,2025-04-17,12.5,11.73,4,3,7,1,more,0,4,47.0,37.5,2,34
USR_20618,USR_20618_C04,2025-05-21,12.5,11.76,4,3,7,1,normal,0,5,34.0,36.333333333333336,3,38
USR_20618,USR_20618_C05,2025-06-28,12.5,11.81,4,3,7,1,normal,0,6,38.0,36.75,4,37
USR_20618,USR_20618_C06,2025-08-04,12.5,12.38,4,3,7,1,normal,0,8,37.0,36.8,5,48
USR_20618,USR_20618_C07,2025-09-21,12.5,11.7,4,3,7,1,normal,0,9,48.0,38.666666666666664,6,38
USR_20618,USR_20618_C08,2025-10-29,12.5,11.67,4,3,7,1,less,0,10,38.0,38.57142857142857,7,46
USR_20618,USR_20618_C09,2025-12-14,12.5,11.82,4,3,7,1,normal,1,12,46.0,39.5,8,37
USR_20619,USR_20619_C01,2025-04-13,6.0,5.58,2,2,7,0,normal,0,4,,,0,41
USR_20619,USR_20619_C02,2025-05-24,6.0,5.57,2,2,7,0,normal,0,5,41.0,41.0,1,34
USR_20619,USR_20619_C03,2025-06-27,6.0,5.9,2,2,7,0,normal,0,6,34.0,37.5,2,42
USR_20620,USR_20620_C01,2025-02-03,6.0,5.6,3,3,7,1,normal,0,2,,,0,18
USR_20620,USR_20620_C02,2025-02-21,6.0,4.76,3,3,7,1,less,0,2,18.0,18.0,1,17
USR_20620,USR_20620_C03,2025-03-10,6.0,5.69,3,3,7,1,normal,0,3,17.0,17.5,2,15
USR_20620,USR_20620_C04,2025-03-25,6.0,5.63,3,3,7,1,more,0,3,15.0,16.666666666666668,3,10
USR_20620,USR_20620_C05,2025-04-04,6.0,5.6,3,3,7,1,normal,0,4,10.0,15.0,4,15
USR_20620,USR_20620_C06,2025-04-19,6.0,5.82,3,3,7,1,normal,0,4,15.0,15.0,5,16
USR_20620,USR_20620_C07,2025-05-05,6.0,5.95,3,3,7,1,normal,0,5,16.0,15.166666666666666,6,16
USR_20620,USR_20620_C08,2025-05-21,6.0,5.98,3,3,7,1,normal,0,5,16.0,15.285714285714286,7,15
USR_20621,USR_20621_C01,2025-04-23,12.5,7.7,6,2,5,0,normal,0,4,,,0,33
USR_20621,USR_20621_C02,2025-05-26,12.5,11.93,6,2,5,0,normal,0,5,33.0,33.0,1,52
USR_20621,USR_20621_C03,2025-07-17,12.5,11.63,6,2,5,0,normal,0,7,52.0,42.5,2,49
USR_20621,USR_20621_C04,2025-09-04,12.5,11.92,6,2,5,0,more,0,9,49.0,44.666666666666664,3,41
USR_20621,USR_20621_C05,2025-10-15,12.5,11.94,6,2,5,0,normal,0,10,41.0,43.75,4,53
USR_20622,USR_20622_C01,2025-04-04,6.0,5.55,1,2,6,1,more,0,4,,,0,23
USR_20622,USR_20622_C02,2025-04-27,6.0,3.88,1,2,6,1,normal,0,4,23.0,23.0,1,18
USR_20622,USR_20622_C03,2025-05-15,6.0,5.8,1,2,6,1,normal,0,5,18.0,20.5,2,33
USR_20622,USR_20622_C04,2025-06-17,6.0,5.75,1,2,6,1,normal,0,6,33.0,24.666666666666668,3,31
USR_20622,USR_20622_C05,2025-07-18,6.0,5.58,1,2,6,1,normal,0,7,31.0,26.25,4,31
USR_20622,USR_20622_C06,2025-08-18,6.0,5.9,1,2,6,1,normal,0,8,31.0,27.2,5,32
USR_20622,USR_20622_C07,2025-09-19,6.0,4.42,1,2,6,1,normal,0,9,32.0,28.0,6,21
USR_20622,USR_20622_C08,2025-10-10,6.0,5.7,1,2,6,1,less,0,10,21.0,27.0,7,34
USR_20623,USR_20623_C01,2025-04-28,12.5,12.03,6,3,6,1,normal,0,4,,,0,34
USR_20623,USR_20623_C02,2025-06-01,12.5,10.96,6,3,6,1,normal,0,6,34.0,34.0,1,34
USR_20623,USR_20623_C03,2025-07-05,12.5,12.35,6,3,6,1,normal,0,7,34.0,34.0,2,43
USR_20623,USR_20623_C04,2025-08-17,12.5,11.65,6,3,6,1,normal,0,8,43.0,37.0,3,35
USR_20623,USR_20623_C05,2025-09-21,12.5,11.92,6,3,6,1,normal,0,9,35.0,36.5,4,37
USR_20623,USR_20623_C06,2025-10-28,12.5,10.09,6,3,6,1,more,0,10,37.0,36.6,5,21
USR_20623,USR_20623_C07,2025-11-18,12.5,11.54,6,3,6,1,normal,0,11,21.0,34.0,6,31
USR_20624,USR_20624_C01,2025-03-07,12.5,12.22,6,2,7,1,normal,0,3,,,0,37
USR_20624,USR_20624_C02,2025-04-13,12.5,11.81,6,2,7,1,normal,0,4,37.0,37.0,1,30
USR_20624,USR_20624_C03,2025-05-13,12.5,7.92,6,2,7,1,normal,0,5,30.0,33.5,2,24
USR_20624,USR_20624_C04,2025-06-06,12.5,11.93,6,2,7,1,normal,0,6,24.0,30.333333333333332,3,34
USR_20624,USR_20624_C05,2025-07-10,12.5,11.97,6,2,7,1,normal,0,7,34.0,31.25,4,36
USR_20624,USR_20624_C06,2025-08-15,12.5,9.19,6,2,7,1,less,0,8,36.0,32.2,5,32
USR_20624,USR_20624_C07,2025-09-16,12.5,12.04,6,2,7,1,normal,0,9,32.0,32.166666666666664,6,30
USR_20625,USR_20625_C01,2025-03-09,12.5,12.14,4,2,7,1,normal,0,3,,,0,31
USR_20625,USR_20625_C02,2025-04-09,12.5,11.7,4,2,7,1,normal,0,4,31.0,31.0,1,27
USR_20625,USR_20625_C03,2025-05-06,12.5,12.37,4,2,7,1,normal,0,5,27.0,29.0,2,37
USR_20625,USR_20625_C04,2025-06-12,12.5,12.22,4,2,7,1,more,0,6,37.0,31.666666666666668,3,27
USR_20625,USR_20625_C05,2025-07-09,12.5,12.08,4,2,7,1,normal,0,7,27.0,30.5,4,26
USR_20626,USR_20626_C01,2025-03-01,12.5,12.04,3,2,7,1,normal,0,3,,,0,50
USR_20626,USR_20626_C02,2025-04-20,12.5,11.81,3,2,7,1,normal,0,4,50.0,50.0,1,43
USR_20626,USR_20626_C03,2025-06-02,12.5,9.09,3,2,7,1,normal,0,6,43.0,46.5,2,35
USR_20626,USR_20626_C04,2025-07-07,12.5,12.36,3,2,7,1,normal,0,7,35.0,42.666666666666664,3,50
USR_20626,USR_20626_C05,2025-08-26,12.5,10.86,3,2,7,1,more,0,8,50.0,44.5,4,26
USR_20626,USR_20626_C06,2025-09-21,12.5,12.28,3,2,7,1,normal,0,9,26.0,40.8,5,48
USR_20626,USR_20626_C07,2025-11-08,12.5,10.82,3,2,7,1,normal,0,11,48.0,42.0,6,48
USR_20626,USR_20626_C08,2025-12-26,12.5,11.97,3,2,7,1,normal,1,12,48.0,42.857142857142854,7,39
USR_20626,USR_20626_C09,2026-02-03,12.5,12.39,3,2,7,1,less,0,2,39.0,42.375,8,65
USR_20626,USR_20626_C10,2026-04-09,12.5,12.23,3,2,7,1,normal,0,4,65.0,44.888888888888886,9,35
USR_20627,USR_20627_C01,2025-01-03,6.0,5.65,4,2,4,1,normal,1,1,,,0,18
USR_20627,USR_20627_C02,2025-01-21,6.0,5.78,4,2,4,1,normal,1,1,18.0,18.0,1,18
USR_20627,USR_20627_C03,2025-02-08,6.0,5.81,4,2,4,1,more,0,2,18.0,18.0,2,14
USR_20627,USR_20627_C04,2025-02-22,6.0,3.49,4,2,4,1,normal,0,2,14.0,16.666666666666668,3,10
USR_20627,USR_20627_C05,2025-03-04,6.0,5.75,4,2,4,1,more,0,3,10.0,15.0,4,14
USR_20627,USR_20627_C06,2025-03-18,6.0,5.73,4,2,4,1,normal,0,3,14.0,14.8,5,17
USR_20627,USR_20627_C07,2025-04-04,6.0,5.89,4,2,4,1,normal,0,4,17.0,15.166666666666666,6,20
USR_20627,USR_20627_C08,2025-04-24,6.0,4.72,4,2,4,1,more,0,4,20.0,15.857142857142858,7,12
USR_20627,USR_20627_C09,2025-05-06,6.0,5.57,4,2,4,1,less,0,5,12.0,15.375,8,20
USR_20627,USR_20627_C10,2025-05-26,6.0,5.83,4,2,4,1,normal,0,5,20.0,15.88888888888889,9,19
USR_20627,USR_20627_C11,2025-06-14,6.0,5.78,4,2,4,1,more,0,6,19.0,16.2,10,19
USR_20628,USR_20628_C01,2025-04-03,6.0,5.65,2,3,6,1,normal,0,4,,,0,14
USR_20628,USR_20628_C02,2025-04-17,6.0,5.9,2,3,6,1,less,0,4,14.0,14.0,1,18
USR_20628,USR_20628_C03,2025-05-05,6.0,5.79,2,3,6,1,more,0,5,18.0,16.0,2,13
USR_20628,USR_20628_C04,2025-05-18,6.0,5.95,2,3,6,1,normal,0,5,13.0,15.0,3,16
USR_20628,USR_20628_C05,2025-06-03,6.0,4.95,2,3,6,1,normal,0,6,16.0,15.25,4,17
USR_20628,USR_20628_C06,2025-06-20,6.0,3.67,2,3,6,1,more,0,6,17.0,15.6,5,9
USR_20628,USR_20628_C07,2025-06-29,6.0,5.87,2,3,6,1,normal,0,6,9.0,14.5,6,18
USR_20628,USR_20628_C08,2025-07-17,6.0,5.63,2,3,6,1,normal,0,7,18.0,15.0,7,18
USR_20628,USR_20628_C09,2025-08-04,6.0,3.97,2,3,6,1,normal,0,8,18.0,15.375,8,11
USR_20629,USR_20629_C01,2025-03-30,12.5,12.41,4,2,7,1,normal,0,3,,,0,55
USR_20629,USR_20629_C02,2025-05-24,12.5,10.8,4,2,7,1,normal,0,5,55.0,55.0,1,40
USR_20629,USR_20629_C03,2025-07-03,12.5,11.81,4,2,7,1,normal,0,7,40.0,47.5,2,53
USR_20629,USR_20629_C04,2025-08-25,12.5,12.13,4,2,7,1,less,0,8,53.0,49.333333333333336,3,53
USR_20629,USR_20629_C05,2025-10-17,12.5,12.28,4,2,7,1,more,0,10,53.0,50.25,4,33
USR_20629,USR_20629_C06,2025-11-19,12.5,11.79,4,2,7,1,normal,0,11,33.0,46.8,5,43
USR_20629,USR_20629_C07,2026-01-01,12.5,8.29,4,2,7,1,normal,1,1,43.0,46.166666666666664,6,30
USR_20629,USR_20629_C08,2026-01-31,12.5,11.84,4,2,7,1,more,1,1,30.0,43.857142857142854,7,36
USR_20630,USR_20630_C01,2025-03-15,12.5,11.6,8,2,7,1,normal,0,3,,,0,22
USR_20630,USR_20630_C02,2025-04-06,12.5,11.64,8,2,7,1,normal,0,4,22.0,22.0,1,21
USR_20630,USR_20630_C03,2025-04-27,12.5,12.4,8,2,7,1,normal,0,4,21.0,21.5,2,26
USR_20630,USR_20630_C04,2025-05-23,12.5,11.84,8,2,7,1,less,0,5,26.0,23.0,3,25
USR_20630,USR_20630_C05,2025-06-17,12.5,6.92,8,2,7,1,normal,0,6,25.0,23.5,4,12
USR_20630,USR_20630_C06,2025-06-29,12.5,12.0,8,2,7,1,normal,0,6,12.0,21.2,5,25
USR_20630,USR_20630_C07,2025-07-24,12.5,11.66,8,2,7,1,normal,0,7,25.0,21.833333333333332,6,23
USR_20630,USR_20630_C08,2025-08-16,12.5,10.24,8,2,7,1,normal,0,8,23.0,22.0,7,17
USR_20630,USR_20630_C09,2025-09-02,12.5,10.57,8,2,7,1,normal,0,9,17.0,21.375,8,21
USR_20630,USR_20630_C10,2025-09-23,12.5,11.58,8,2,7,1,more,0,9,21.0,21.333333333333332,9,20
USR_20630,USR_20630_C11,2025-10-13,12.5,7.87,8,2,7,1,normal,0,10,20.0,21.2,10,14
USR_20632,USR_20632_C01,2025-04-21,6.0,5.73,6,2,7,1,normal,0,4,,,0,11
USR_20632,USR_20632_C02,2025-05-02,6.0,5.93,6,2,7,1,normal,0,5,11.0,11.0,1,12
USR_20632,USR_20632_C03,2025-05-14,6.0,5.65,6,2,7,1,normal,0,5,12.0,11.5,2,11
USR_20632,USR_20632_C04,2025-05-25,6.0,5.92,6,2,7,1,normal,0,5,11.0,11.333333333333334,3,13
USR_20632,USR_20632_C05,2025-06-07,6.0,5.15,6,2,7,1,normal,0,6,13.0,11.75,4,11
USR_20632,USR_20632_C06,2025-06-18,6.0,5.68,6,2,7,1,normal,0,6,11.0,11.6,5,12
USR_20632,USR_20632_C07,2025-06-30,6.0,5.68,6,2,7,1,normal,0,6,12.0,11.666666666666666,6,12
USR_20632,USR_20632_C08,2025-07-12,6.0,5.9,6,2,7,1,normal,0,7,12.0,11.714285714285714,7,12
USR_20633,USR_20633_C01,2025-04-24,6.0,5.34,4,3,7,1,normal,0,4,,,0,22
USR_20633,USR_20633_C02,2025-05-16,6.0,5.73,4,3,7,1,normal,0,5,22.0,22.0,1,29
USR_20633,USR_20633_C03,2025-06-14,6.0,5.68,4,3,7,1,normal,0,6,29.0,25.5,2,25
USR_20633,USR_20633_C04,2025-07-09,6.0,5.97,4,3,7,1,normal,0,7,25.0,25.333333333333332,3,26
USR_20633,USR_20633_C05,2025-08-04,6.0,3.43,4,3,7,1,normal,0,8,26.0,25.5,4,16
USR_20633,USR_20633_C06,2025-08-20,6.0,6.0,4,3,7,1,normal,0,8,16.0,23.6,5,28
USR_20633,USR_20633_C07,2025-09-17,6.0,5.61,4,3,7,1,normal,0,9,28.0,24.333333333333332,6,26
USR_20633,USR_20633_C08,2025-10-13,6.0,5.63,4,3,7,1,more,0,10,26.0,24.571428571428573,7,22
USR_20634,USR_20634_C01,2025-01-19,12.5,7.03,4,2,7,1,normal,1,1,,,0,26
USR_20634,USR_20634_C02,2025-02-14,12.5,12.47,4,2,7,1,normal,0,2,26.0,26.0,1,42
USR_20634,USR_20634_C03,2025-03-28,12.5,12.22,4,2,7,1,normal,0,3,42.0,34.0,2,41
USR_20634,USR_20634_C04,2025-05-08,12.5,11.35,4,2,7,1,normal,0,5,41.0,36.333333333333336,3,39
USR_20634,USR_20634_C05,2025-06-16,12.5,12.05,4,2,7,1,normal,0,6,39.0,37.0,4,44
USR_20634,USR_20634_C06,2025-07-30,12.5,7.18,4,2,7,1,normal,0,7,44.0,38.4,5,26
USR_20634,USR_20634_C07,2025-08-25,12.5,11.92,4,2,7,1,normal,0,8,26.0,36.333333333333336,6,41
USR_20634,USR_20634_C08,2025-10-05,12.5,10.37,4,2,7,1,normal,0,10,41.0,37.0,7,35
USR_20635,USR_20635_C01,2025-03-12,12.5,11.67,5,2,7,1,normal,0,3,,,0,42
USR_20635,USR_20635_C02,2025-04-23,12.5,12.4,5,2,7,1,normal,0,4,42.0,42.0,1,41
USR_20635,USR_20635_C03,2025-06-03,12.5,11.96,5,2,7,1,normal,0,6,41.0,41.5,2,41
USR_20636,USR_20636_C01,2025-04-16,12.5,11.62,6,3,7,0,normal,0,4,,,0,39
USR_20636,USR_20636_C02,2025-05-25,12.5,11.98,6,3,7,0,normal,0,5,39.0,39.0,1,39
USR_20636,USR_20636_C03,2025-07-03,12.5,11.96,6,3,7,0,normal,0,7,39.0,39.0,2,43
USR_20636,USR_20636_C04,2025-08-15,12.5,11.76,6,3,7,0,less,0,8,43.0,40.333333333333336,3,51
USR_20636,USR_20636_C05,2025-10-05,12.5,10.95,6,3,7,0,normal,0,10,51.0,43.0,4,37
USR_20636,USR_20636_C06,2025-11-11,12.5,11.52,6,3,7,0,normal,0,11,37.0,41.8,5,38
USR_20636,USR_20636_C07,2025-12-19,12.5,12.23,6,3,7,0,normal,1,12,38.0,41.166666666666664,6,41
USR_20636,USR_20636_C08,2026-01-29,12.5,11.9,6,3,7,0,normal,1,1,41.0,41.142857142857146,7,29
USR_20636,USR_20636_C09,2026-02-27,12.5,11.87,6,3,7,0,normal,0,2,29.0,39.625,8,37
USR_20637,USR_20637_C01,2025-04-14,6.0,3.56,3,1,7,1,normal,0,4,,,0,15
USR_20637,USR_20637_C02,2025-04-29,6.0,5.53,3,1,7,1,normal,0,4,15.0,15.0,1,26
USR_20637,USR_20637_C03,2025-05-25,6.0,4.07,3,1,7,1,normal,0,5,26.0,20.5,2,18
USR_20637,USR_20637_C04,2025-06-12,6.0,5.09,3,1,7,1,normal,0,6,18.0,19.666666666666668,3,21
USR_20637,USR_20637_C05,2025-07-03,6.0,3.97,3,1,7,1,normal,0,7,21.0,20.0,4,18
USR_20637,USR_20637_C06,2025-07-21,6.0,5.97,3,1,7,1,normal,0,7,18.0,19.6,5,30
USR_20637,USR_20637_C07,2025-08-20,6.0,5.98,3,1,7,1,normal,0,8,30.0,21.333333333333332,6,28
USR_20638,USR_20638_C01,2025-04-08,12.5,12.06,5,3,7,1,normal,0,4,,,0,29
USR_20638,USR_20638_C02,2025-05-07,12.5,11.95,5,3,7,1,normal,0,5,29.0,29.0,1,31
USR_20638,USR_20638_C03,2025-06-07,12.5,12.03,5,3,7,1,normal,0,6,31.0,30.0,2,29
USR_20639,USR_20639_C01,2025-03-02,12.5,11.52,2,2,7,1,normal,0,3,,,0,39
USR_20639,USR_20639_C02,2025-04-10,12.5,7.99,2,2,7,1,more,0,4,39.0,39.0,1,23
USR_20639,USR_20639_C03,2025-05-03,12.5,11.86,2,2,7,1,normal,0,5,23.0,31.0,2,40
USR_20639,USR_20639_C04,2025-06-12,12.5,9.7,2,2,7,1,normal,0,6,40.0,34.0,3,34
USR_20639,USR_20639_C05,2025-07-16,12.5,8.73,2,2,7,1,normal,0,7,34.0,34.0,4,33
USR_20639,USR_20639_C06,2025-08-18,12.5,12.23,2,2,7,1,normal,0,8,33.0,33.8,5,47
USR_20639,USR_20639_C07,2025-10-04,12.5,9.47,2,2,7,1,less,0,10,47.0,36.0,6,39
USR_20640,USR_20640_C01,2025-02-09,12.5,11.65,3,2,6,1,normal,0,2,,,0,38
USR_20640,USR_20640_C02,2025-03-19,12.5,12.07,3,2,6,1,normal,0,3,38.0,38.0,1,44
USR_20640,USR_20640_C03,2025-05-02,12.5,12.09,3,2,6,1,normal,0,5,44.0,41.0,2,37
USR_20640,USR_20640_C04,2025-06-08,12.5,12.23,3,2,6,1,more,0,6,37.0,39.666666666666664,3,38
USR_20640,USR_20640_C05,2025-07-16,12.5,12.18,3,2,6,1,normal,0,7,38.0,39.25,4,53
USR_20640,USR_20640_C06,2025-09-07,12.5,11.74,3,2,6,1,normal,0,9,53.0,42.0,5,47
USR_20640,USR_20640_C07,2025-10-24,12.5,12.1,3,2,6,1,normal,0,10,47.0,42.833333333333336,6,40
USR_20641,USR_20641_C01,2025-04-08,6.0,3.39,3,2,7,1,normal,0,4,,,0,13
USR_20641,USR_20641_C02,2025-04-21,6.0,5.94,3,2,7,1,more,0,4,13.0,13.0,1,19
USR_20642,USR_20642_C01,2025-02-02,12.5,12.16,3,3,5,0,normal,0,2,,,0,54
USR_20642,USR_20642_C02,2025-03-28,12.5,11.96,3,3,5,0,more,0,3,54.0,54.0,1,44
USR_20642,USR_20642_C03,2025-05-11,12.5,12.18,3,3,5,0,more,0,5,44.0,49.0,2,40
USR_20642,USR_20642_C04,2025-06-20,12.5,11.77,3,3,5,0,normal,0,6,40.0,46.0,3,49
USR_20642,USR_20642_C05,2025-08-08,12.5,11.57,3,3,5,0,normal,0,8,49.0,46.75,4,47
USR_20642,USR_20642_C06,2025-09-24,12.5,11.93,3,3,5,0,normal,0,9,47.0,46.8,5,43
USR_20643,USR_20643_C01,2025-04-04,12.5,12.24,3,2,7,1,normal,0,4,,,0,56
USR_20643,USR_20643_C02,2025-05-30,12.5,11.9,3,2,7,1,normal,0,5,56.0,56.0,1,57
USR_20643,USR_20643_C03,2025-07-26,12.5,12.0,3,2,7,1,normal,0,7,57.0,56.5,2,52
USR_20643,USR_20643_C04,2025-09-16,12.5,11.93,3,2,7,1,normal,0,9,52.0,55.0,3,45
USR_20643,USR_20643_C05,2025-10-31,12.5,10.45,3,2,7,1,more,0,10,45.0,52.5,4,35
USR_20643,USR_20643_C06,2025-12-05,12.5,10.6,3,2,7,1,more,1,12,35.0,49.0,5,29
USR_20644,USR_20644_C01,2025-04-19,12.5,12.27,6,2,7,1,normal,0,4,,,0,43
USR_20644,USR_20644_C02,2025-06-01,12.5,11.63,6,2,7,1,normal,0,6,43.0,43.0,1,38
USR_20644,USR_20644_C03,2025-07-09,12.5,11.87,6,2,7,1,normal,0,7,38.0,40.5,2,33
USR_20644,USR_20644_C04,2025-08-11,12.5,12.49,6,2,7,1,normal,0,8,33.0,38.0,3,44
USR_20644,USR_20644_C05,2025-09-24,12.5,12.32,6,2,7,1,normal,0,9,44.0,39.5,4,42
USR_20646,USR_20646_C01,2025-03-28,12.5,9.91,8,2,7,1,normal,0,3,,,0,18
USR_20646,USR_20646_C02,2025-04-15,12.5,10.83,8,2,7,1,normal,0,4,18.0,18.0,1,19
USR_20646,USR_20646_C03,2025-05-04,12.5,11.62,8,2,7,1,normal,0,5,19.0,18.5,2,22
USR_20646,USR_20646_C04,2025-05-26,12.5,12.41,8,2,7,1,normal,0,5,22.0,19.666666666666668,3,24
USR_20647,USR_20647_C01,2025-01-04,12.5,11.82,5,2,7,1,normal,1,1,,,0,40
USR_20647,USR_20647_C02,2025-02-13,12.5,12.15,5,2,7,1,more,0,2,40.0,40.0,1,33
USR_20647,USR_20647_C03,2025-03-18,12.5,12.11,5,2,7,1,less,0,3,33.0,36.5,2,59
USR_20647,USR_20647_C04,2025-05-16,12.5,12.08,5,2,7,1,less,0,5,59.0,44.0,3,56
USR_20648,USR_20648_C01,2025-01-11,12.5,7.93,6,2,7,1,normal,1,1,,,0,19
USR_20648,USR_20648_C02,2025-01-30,12.5,12.36,6,2,7,1,normal,1,1,19.0,19.0,1,30
USR_20648,USR_20648_C03,2025-03-01,12.5,11.75,6,2,7,1,more,0,3,30.0,24.5,2,19
USR_20648,USR_20648_C04,2025-03-20,12.5,12.21,6,2,7,1,normal,0,3,19.0,22.666666666666668,3,29
USR_20648,USR_20648_C05,2025-04-18,12.5,11.69,6,2,7,1,more,0,4,29.0,24.25,4,23
USR_20648,USR_20648_C06,2025-05-11,12.5,12.16,6,2,7,1,less,0,5,23.0,24.0,5,43
USR_20648,USR_20648_C07,2025-06-23,12.5,12.3,6,2,7,1,normal,0,6,43.0,27.166666666666668,6,34
USR_20648,USR_20648_C08,2025-07-27,12.5,8.6,6,2,7,1,less,0,7,34.0,28.142857142857142,7,23
USR_20648,USR_20648_C09,2025-08-19,12.5,12.3,6,2,7,1,normal,0,8,23.0,27.5,8,29
USR_20649,USR_20649_C01,2025-04-09,6.0,4.88,6,2,6,1,normal,0,4,,,0,11
USR_20649,USR_20649_C02,2025-04-20,6.0,5.59,6,2,6,1,normal,0,4,11.0,11.0,1,16
USR_20649,USR_20649_C03,2025-05-06,6.0,5.7,6,2,6,1,more,0,5,16.0,13.5,2,15
USR_20649,USR_20649_C04,2025-05-21,6.0,5.94,6,2,6,1,normal,0,5,15.0,14.0,3,18
USR_20650,USR_20650_C01,2025-03-19,6.0,5.87,2,2,6,1,normal,0,3,,,0,22
USR_20650,USR_20650_C02,2025-04-10,6.0,5.95,2,2,6,1,normal,0,4,22.0,22.0,1,28
USR_20650,USR_20650_C03,2025-05-08,6.0,5.65,2,2,6,1,normal,0,5,28.0,25.0,2,21
USR_20650,USR_20650_C04,2025-05-29,6.0,5.61,2,2,6,1,normal,0,5,21.0,23.666666666666668,3,20
USR_20650,USR_20650_C05,2025-06-18,6.0,5.98,2,2,6,1,normal,0,6,20.0,22.75,4,22
USR_20650,USR_20650_C06,2025-07-10,6.0,5.67,2,2,6,1,more,0,7,22.0,22.6,5,18
USR_20650,USR_20650_C07,2025-07-28,6.0,4.28,2,2,6,1,normal,0,7,18.0,21.833333333333332,6,15
USR_20650,USR_20650_C08,2025-08-12,6.0,5.94,2,2,6,1,normal,0,8,15.0,20.857142857142858,7,24
USR_20651,USR_20651_C01,2025-01-08,6.0,5.8,3,1,6,0,normal,1,1,,,0,27
USR_20651,USR_20651_C02,2025-02-04,6.0,5.57,3,1,6,0,normal,0,2,27.0,27.0,1,23
USR_20651,USR_20651_C03,2025-02-27,6.0,5.55,3,1,6,0,normal,0,2,23.0,25.0,2,24
USR_20651,USR_20651_C04,2025-03-23,6.0,5.87,3,1,6,0,normal,0,3,24.0,24.666666666666668,3,27
USR_20652,USR_20652_C01,2025-03-03,12.5,11.67,4,2,7,1,normal,0,3,,,0,34
USR_20652,USR_20652_C02,2025-04-06,12.5,11.73,4,2,7,1,normal,0,4,34.0,34.0,1,30
USR_20652,USR_20652_C03,2025-05-06,12.5,12.31,4,2,7,1,normal,0,5,30.0,32.0,2,31
USR_20652,USR_20652_C04,2025-06-06,12.5,11.93,4,2,7,1,normal,0,6,31.0,31.666666666666668,3,32
USR_20653,USR_20653_C01,2025-02-06,12.5,11.83,3,2,7,0,normal,0,2,,,0,75
USR_20653,USR_20653_C02,2025-04-22,12.5,11.73,3,2,7,0,normal,0,4,75.0,75.0,1,68
USR_20653,USR_20653_C03,2025-06-29,12.5,11.69,3,2,7,0,normal,0,6,68.0,71.5,2,58
USR_20653,USR_20653_C04,2025-08-26,12.5,11.69,3,2,7,0,normal,0,8,58.0,67.0,3,67
USR_20654,USR_20654_C01,2025-01-05,12.5,11.93,6,2,6,1,normal,1,1,,,0,42
USR_20654,USR_20654_C02,2025-02-16,12.5,12.31,6,2,6,1,normal,0,2,42.0,42.0,1,46
USR_20654,USR_20654_C03,2025-04-03,12.5,11.94,6,2,6,1,normal,0,4,46.0,44.0,2,46
USR_20654,USR_20654_C04,2025-05-19,12.5,11.96,6,2,6,1,normal,0,5,46.0,44.666666666666664,3,46
USR_20654,USR_20654_C05,2025-07-04,12.5,11.96,6,2,6,1,normal,0,7,46.0,45.0,4,44
USR_20654,USR_20654_C06,2025-08-17,12.5,11.71,6,2,6,1,normal,0,8,44.0,44.8,5,39
USR_20655,USR_20655_C01,2025-01-26,6.0,5.35,3,1,7,1,less,1,1,,,0,28
USR_20655,USR_20655_C02,2025-02-23,6.0,5.92,3,1,7,1,normal,0,2,28.0,28.0,1,23
USR_20655,USR_20655_C03,2025-03-18,6.0,4.39,3,1,7,1,normal,0,3,23.0,25.5,2,17
USR_20655,USR_20655_C04,2025-04-04,6.0,5.72,3,1,7,1,normal,0,4,17.0,22.666666666666668,3,25
USR_20655,USR_20655_C05,2025-04-29,6.0,4.15,3,1,7,1,normal,0,4,25.0,23.25,4,20
USR_20655,USR_20655_C06,2025-05-19,6.0,5.86,3,1,7,1,normal,0,5,20.0,22.6,5,28
USR_20655,USR_20655_C07,2025-06-16,6.0,5.06,3,1,7,1,less,0,6,28.0,23.5,6,29
USR_20655,USR_20655_C08,2025-07-15,6.0,5.59,3,1,7,1,normal,0,7,29.0,24.285714285714285,7,25
USR_20655,USR_20655_C09,2025-08-09,6.0,5.9,3,1,7,1,normal,0,8,25.0,24.375,8,29
USR_20655,USR_20655_C10,2025-09-07,6.0,5.67,3,1,7,1,less,0,9,29.0,24.88888888888889,9,30
USR_20656,USR_20656_C01,2025-01-03,6.0,4.5,3,2,7,1,less,1,1,,,0,19
USR_20656,USR_20656_C02,2025-01-22,6.0,3.53,3,2,7,1,normal,1,1,19.0,19.0,1,12
USR_20656,USR_20656_C03,2025-02-03,6.0,5.93,3,2,7,1,normal,0,2,12.0,15.5,2,24
USR_20656,USR_20656_C04,2025-02-27,6.0,5.98,3,2,7,1,normal,0,2,24.0,18.333333333333332,3,24
USR_20656,USR_20656_C05,2025-03-23,6.0,3.96,3,2,7,1,normal,0,3,24.0,19.75,4,12
USR_20656,USR_20656_C06,2025-04-04,6.0,5.93,3,2,7,1,normal,0,4,12.0,18.2,5,20
USR_20657,USR_20657_C01,2025-04-12,12.5,11.57,3,2,7,1,normal,0,4,,,0,45
USR_20657,USR_20657_C02,2025-05-27,12.5,11.87,3,2,7,1,normal,0,5,45.0,45.0,1,62
USR_20657,USR_20657_C03,2025-07-28,12.5,11.72,3,2,7,1,less,0,7,62.0,53.5,2,73
USR_20657,USR_20657_C04,2025-10-09,12.5,11.88,3,2,7,1,normal,0,10,73.0,60.0,3,53
USR_20657,USR_20657_C05,2025-12-01,12.5,11.87,3,2,7,1,normal,1,12,53.0,58.25,4,43
USR_20657,USR_20657_C06,2026-01-13,12.5,12.28,3,2,7,1,normal,1,1,43.0,55.2,5,48
USR_20657,USR_20657_C07,2026-03-02,12.5,8.65,3,2,7,1,normal,0,3,48.0,54.0,6,39
USR_20657,USR_20657_C08,2026-04-10,12.5,11.6,3,2,7,1,normal,0,4,39.0,51.857142857142854,7,60
USR_20657,USR_20657_C09,2026-06-09,12.5,7.29,3,2,7,1,more,0,6,60.0,52.875,8,27
USR_20658,USR_20658_C01,2025-03-07,12.5,12.17,3,1,7,1,normal,0,3,,,0,45
USR_20658,USR_20658_C02,2025-04-21,12.5,8.64,3,1,7,1,more,0,4,45.0,45.0,1,23
USR_20658,USR_20658_C03,2025-05-14,12.5,11.63,3,1,7,1,normal,0,5,23.0,34.0,2,40
USR_20658,USR_20658_C04,2025-06-23,12.5,11.57,3,1,7,1,normal,0,6,40.0,36.0,3,45
USR_20658,USR_20658_C05,2025-08-07,12.5,12.23,3,1,7,1,normal,0,8,45.0,38.25,4,51
USR_20658,USR_20658_C06,2025-09-27,12.5,11.94,3,1,7,1,normal,0,9,51.0,40.8,5,37
USR_20659,USR_20659_C01,2025-03-25,6.0,5.53,5,2,6,1,normal,0,3,,,0,21
USR_20659,USR_20659_C02,2025-04-15,6.0,5.82,5,2,6,1,normal,0,4,21.0,21.0,1,21
USR_20659,USR_20659_C03,2025-05-06,6.0,5.71,5,2,6,1,normal,0,5,21.0,21.0,2,23
USR_20659,USR_20659_C04,2025-05-29,6.0,5.85,5,2,6,1,normal,0,5,23.0,21.666666666666668,3,21
USR_20659,USR_20659_C05,2025-06-19,6.0,5.9,5,2,6,1,normal,0,6,21.0,21.5,4,23
USR_20659,USR_20659_C06,2025-07-12,6.0,5.74,5,2,6,1,normal,0,7,23.0,21.8,5,22
USR_20659,USR_20659_C07,2025-08-03,6.0,4.63,5,2,6,1,normal,0,8,22.0,21.833333333333332,6,17
USR_20659,USR_20659_C08,2025-08-20,6.0,5.97,5,2,6,1,more,0,8,17.0,21.142857142857142,7,19
USR_20660,USR_20660_C01,2025-04-24,12.5,10.21,2,2,7,1,normal,0,4,,,0,28
USR_20660,USR_20660_C02,2025-05-22,12.5,10.02,2,2,7,1,normal,0,5,28.0,28.0,1,40
USR_20660,USR_20660_C03,2025-07-01,12.5,11.8,2,2,7,1,normal,0,7,40.0,34.0,2,39
USR_20660,USR_20660_C04,2025-08-09,12.5,12.32,2,2,7,1,normal,0,8,39.0,35.666666666666664,3,42
USR_20660,USR_20660_C05,2025-09-20,12.5,12.5,2,2,7,1,normal,0,9,42.0,37.25,4,40
USR_20660,USR_20660_C06,2025-10-30,12.5,11.5,2,2,7,1,normal,0,10,40.0,37.8,5,34
USR_20660,USR_20660_C07,2025-12-03,12.5,11.9,2,2,7,1,normal,1,12,34.0,37.166666666666664,6,40
USR_20660,USR_20660_C08,2026-01-12,12.5,11.8,2,2,7,1,normal,1,1,40.0,37.57142857142857,7,33
USR_20660,USR_20660_C09,2026-02-14,12.5,11.51,2,2,7,1,normal,0,2,33.0,37.0,8,41
USR_20662,USR_20662_C01,2025-02-12,6.0,5.67,2,3,7,1,normal,0,2,,,0,14
USR_20662,USR_20662_C02,2025-02-26,6.0,5.65,2,3,7,1,normal,0,2,14.0,14.0,1,18
USR_20662,USR_20662_C03,2025-03-16,6.0,5.76,2,3,7,1,normal,0,3,18.0,16.0,2,16
USR_20662,USR_20662_C04,2025-04-01,6.0,5.74,2,3,7,1,normal,0,4,16.0,16.0,3,16
USR_20662,USR_20662_C05,2025-04-17,6.0,5.63,2,3,7,1,less,0,4,16.0,16.0,4,17
USR_20662,USR_20662_C06,2025-05-04,6.0,4.18,2,3,7,1,less,0,5,17.0,16.2,5,18
USR_20662,USR_20662_C07,2025-05-22,6.0,5.86,2,3,7,1,normal,0,5,18.0,16.5,6,17
USR_20662,USR_20662_C08,2025-06-08,6.0,5.54,2,3,7,1,normal,0,6,17.0,16.571428571428573,7,13
USR_20663,USR_20663_C01,2025-02-17,12.5,7.3,4,2,4,1,normal,0,2,,,0,30
USR_20663,USR_20663_C02,2025-03-19,12.5,11.88,4,2,4,1,normal,0,3,30.0,30.0,1,45
USR_20663,USR_20663_C03,2025-05-03,12.5,12.32,4,2,4,1,normal,0,5,45.0,37.5,2,49
USR_20663,USR_20663_C04,2025-06-21,12.5,11.81,4,2,4,1,normal,0,6,49.0,41.333333333333336,3,36
USR_20663,USR_20663_C05,2025-07-27,12.5,12.44,4,2,4,1,normal,0,7,36.0,40.0,4,55
USR_20663,USR_20663_C06,2025-09-20,12.5,9.06,4,2,4,1,normal,0,9,55.0,43.0,5,30
USR_20664,USR_20664_C01,2025-01-19,6.0,4.78,3,3,7,0,normal,1,1,,,0,17
USR_20664,USR_20664_C02,2025-02-05,6.0,5.94,3,3,7,0,normal,0,2,17.0,17.0,1,27
USR_20664,USR_20664_C03,2025-03-04,6.0,5.72,3,3,7,0,normal,0,3,27.0,22.0,2,24
USR_20664,USR_20664_C04,2025-03-28,6.0,3.99,3,3,7,0,less,0,3,24.0,22.666666666666668,3,24
USR_20664,USR_20664_C05,2025-04-21,6.0,5.97,3,3,7,0,normal,0,4,24.0,23.0,4,22
USR_20664,USR_20664_C06,2025-05-13,6.0,4.36,3,3,7,0,normal,0,5,22.0,22.8,5,18
USR_20664,USR_20664_C07,2025-05-31,6.0,5.33,3,3,7,0,normal,0,5,18.0,22.0,6,24
USR_20664,USR_20664_C08,2025-06-24,6.0,5.92,3,3,7,0,normal,0,6,24.0,22.285714285714285,7,25
USR_20665,USR_20665_C01,2025-03-04,12.5,12.4,5,2,7,0,normal,0,3,,,0,66
USR_20665,USR_20665_C02,2025-05-09,12.5,12.5,5,2,7,0,normal,0,5,66.0,66.0,1,72
USR_20665,USR_20665_C03,2025-07-20,12.5,12.37,5,2,7,0,more,0,7,72.0,69.0,2,44
USR_20665,USR_20665_C04,2025-09-02,12.5,11.82,5,2,7,0,normal,0,9,44.0,60.666666666666664,3,57
USR_20665,USR_20665_C05,2025-10-29,12.5,12.31,5,2,7,0,less,0,10,57.0,59.75,4,75
USR_20665,USR_20665_C06,2026-01-12,12.5,12.21,5,2,7,0,less,1,1,75.0,62.8,5,75
USR_20665,USR_20665_C07,2026-03-28,12.5,11.53,5,2,7,0,normal,0,3,75.0,64.83333333333333,6,60
USR_20665,USR_20665_C08,2026-05-27,12.5,8.74,5,2,7,0,more,0,5,60.0,64.14285714285714,7,47
USR_20665,USR_20665_C09,2026-07-13,12.5,11.81,5,2,7,0,more,0,7,47.0,62.0,8,46
USR_20665,USR_20665_C10,2026-08-28,12.5,10.24,5,2,7,0,normal,0,8,46.0,60.22222222222222,9,39
USR_20665,USR_20665_C11,2026-10-06,12.5,11.81,5,2,7,0,normal,0,10,39.0,58.1,10,55
USR_20665,USR_20665_C12,2026-11-30,12.5,11.93,5,2,7,0,normal,0,11,55.0,57.81818181818182,11,57
USR_20666,USR_20666_C01,2025-04-06,6.0,5.69,3,3,7,1,less,0,4,,,0,17
USR_20666,USR_20666_C02,2025-04-23,6.0,5.95,3,3,7,1,more,0,4,17.0,17.0,1,13
USR_20666,USR_20666_C03,2025-05-06,6.0,5.54,3,3,7,1,normal,0,5,13.0,15.0,2,16
USR_20666,USR_20666_C04,2025-05-22,6.0,5.59,3,3,7,1,normal,0,5,16.0,15.333333333333334,3,15
USR_20666,USR_20666_C05,2025-06-06,6.0,5.63,3,3,7,1,more,0,6,15.0,15.25,4,16
USR_20667,USR_20667_C01,2025-03-17,6.0,5.88,2,2,7,0,normal,0,3,,,0,36
USR_20667,USR_20667_C02,2025-04-22,6.0,6.0,2,2,7,0,normal,0,4,36.0,36.0,1,39
USR_20667,USR_20667_C03,2025-05-31,6.0,5.94,2,2,7,0,more,0,5,39.0,37.5,2,30
USR_20668,USR_20668_C01,2025-03-19,6.0,5.82,2,2,7,1,normal,0,3,,,0,31
USR_20668,USR_20668_C02,2025-04-19,6.0,5.86,2,2,7,1,normal,0,4,31.0,31.0,1,26
USR_20668,USR_20668_C03,2025-05-15,6.0,5.65,2,2,7,1,normal,0,5,26.0,28.5,2,33
USR_20668,USR_20668_C04,2025-06-17,6.0,5.76,2,2,7,1,normal,0,6,33.0,30.0,3,25
USR_20669,USR_20669_C01,2025-03-19,12.5,10.74,6,2,6,1,less,0,3,,,0,36
USR_20669,USR_20669_C02,2025-04-24,12.5,11.57,6,2,6,1,more,0,4,36.0,36.0,1,29
USR_20669,USR_20669_C03,2025-05-23,12.5,11.94,6,2,6,1,normal,0,5,29.0,32.5,2,40
USR_20669,USR_20669_C04,2025-07-02,12.5,11.63,6,2,6,1,normal,0,7,40.0,35.0,3,35
USR_20669,USR_20669_C05,2025-08-06,12.5,8.61,6,2,6,1,less,0,8,35.0,35.0,4,39
USR_20670,USR_20670_C01,2025-03-18,12.5,8.17,5,3,7,0,more,0,3,,,0,25
USR_20670,USR_20670_C02,2025-04-12,12.5,12.04,5,3,7,0,normal,0,4,25.0,25.0,1,55
USR_20670,USR_20670_C03,2025-06-06,12.5,11.73,5,3,7,0,normal,0,6,55.0,40.0,2,56
USR_20670,USR_20670_C04,2025-08-01,12.5,11.88,5,3,7,0,more,0,8,56.0,45.333333333333336,3,39
USR_20670,USR_20670_C05,2025-09-09,12.5,11.92,5,3,7,0,normal,0,9,39.0,43.75,4,46
USR_20670,USR_20670_C06,2025-10-25,12.5,12.39,5,3,7,0,normal,0,10,46.0,44.2,5,57
USR_20672,USR_20672_C01,2025-01-02,6.0,5.59,4,2,7,1,normal,1,1,,,0,20
USR_20672,USR_20672_C02,2025-01-22,6.0,5.71,4,2,7,1,normal,1,1,20.0,20.0,1,20
USR_20672,USR_20672_C03,2025-02-11,6.0,5.81,4,2,7,1,normal,0,2,20.0,20.0,2,20
USR_20672,USR_20672_C04,2025-03-03,6.0,5.86,4,2,7,1,normal,0,3,20.0,20.0,3,20
USR_20672,USR_20672_C05,2025-03-23,6.0,5.57,4,2,7,1,more,0,3,20.0,20.0,4,16
USR_20672,USR_20672_C06,2025-04-08,6.0,5.77,4,2,7,1,more,0,4,16.0,19.2,5,16
USR_20672,USR_20672_C07,2025-04-24,6.0,3.43,4,2,7,1,normal,0,4,16.0,18.666666666666668,6,12
USR_20673,USR_20673_C01,2025-02-12,6.0,5.9,4,2,6,1,more,0,2,,,0,11
USR_20673,USR_20673_C02,2025-02-23,6.0,5.7,4,2,6,1,normal,0,2,11.0,11.0,1,16
USR_20673,USR_20673_C03,2025-03-11,6.0,5.6,4,2,6,1,normal,0,3,16.0,13.5,2,13
USR_20673,USR_20673_C04,2025-03-24,6.0,5.64,4,2,6,1,normal,0,3,13.0,13.333333333333334,3,14
USR_20673,USR_20673_C05,2025-04-07,6.0,5.63,4,2,6,1,normal,0,4,14.0,13.5,4,14
USR_20673,USR_20673_C06,2025-04-21,6.0,5.79,4,2,6,1,normal,0,4,14.0,13.6,5,16
USR_20674,USR_20674_C01,2025-02-25,12.5,12.26,6,2,6,1,normal,0,2,,,0,39
USR_20674,USR_20674_C02,2025-04-05,12.5,11.73,6,2,6,1,more,0,4,39.0,39.0,1,31
USR_20674,USR_20674_C03,2025-05-06,12.5,11.72,6,2,6,1,normal,0,5,31.0,35.0,2,32
USR_20674,USR_20674_C04,2025-06-07,12.5,12.15,6,2,6,1,less,0,6,32.0,34.0,3,55
USR_20674,USR_20674_C05,2025-08-01,12.5,12.19,6,2,6,1,normal,0,8,55.0,39.25,4,44
USR_20674,USR_20674_C06,2025-09-14,12.5,12.15,6,2,6,1,more,0,9,44.0,40.2,5,36
USR_20676,USR_20676_C01,2025-03-31,12.5,12.32,2,3,5,1,normal,0,3,,,0,34
USR_20676,USR_20676_C02,2025-05-04,12.5,12.43,2,3,5,1,more,0,5,34.0,34.0,1,27
USR_20676,USR_20676_C03,2025-05-31,12.5,11.76,2,3,5,1,normal,0,5,27.0,30.5,2,34
USR_20676,USR_20676_C04,2025-07-04,12.5,12.47,2,3,5,1,more,0,7,34.0,31.666666666666668,3,29
USR_20677,USR_20677_C01,2025-02-28,6.0,5.82,3,1,7,1,normal,0,2,,,0,26
USR_20677,USR_20677_C02,2025-03-26,6.0,4.56,3,1,7,1,normal,0,3,26.0,26.0,1,23
USR_20677,USR_20677_C03,2025-04-18,6.0,4.38,3,1,7,1,normal,0,4,23.0,24.5,2,20
USR_20677,USR_20677_C04,2025-05-08,6.0,5.75,3,1,7,1,normal,0,5,20.0,23.0,3,34
USR_20677,USR_20677_C05,2025-06-11,6.0,5.59,3,1,7,1,normal,0,6,34.0,25.75,4,33
USR_20680,USR_20680_C01,2025-02-18,12.5,12.07,5,2,7,1,normal,0,2,,,0,30
USR_20680,USR_20680_C02,2025-03-20,12.5,12.37,5,2,7,1,normal,0,3,30.0,30.0,1,28
USR_20680,USR_20680_C03,2025-04-17,12.5,12.4,5,2,7,1,normal,0,4,28.0,29.0,2,28
USR_20680,USR_20680_C04,2025-05-15,12.5,11.54,5,2,7,1,normal,0,5,28.0,28.666666666666668,3,27
USR_20680,USR_20680_C05,2025-06-11,12.5,11.72,5,2,7,1,normal,0,6,27.0,28.25,4,29
USR_20680,USR_20680_C06,2025-07-10,12.5,12.06,5,2,7,1,normal,0,7,29.0,28.4,5,28
USR_20681,USR_20681_C01,2025-04-04,12.5,12.37,4,2,7,1,normal,0,4,,,0,48
USR_20681,USR_20681_C02,2025-05-22,12.5,11.97,4,2,7,1,normal,0,5,48.0,48.0,1,46
USR_20681,USR_20681_C03,2025-07-07,12.5,11.59,4,2,7,1,more,0,7,46.0,47.0,2,35
USR_20681,USR_20681_C04,2025-08-11,12.5,9.37,4,2,7,1,less,0,8,35.0,43.0,3,51
USR_20681,USR_20681_C05,2025-10-01,12.5,11.75,4,2,7,1,normal,0,10,51.0,45.0,4,36
USR_20681,USR_20681_C06,2025-11-06,12.5,11.87,4,2,7,1,normal,0,11,36.0,43.2,5,49
USR_20682,USR_20682_C01,2025-04-16,6.0,5.31,5,3,6,1,normal,0,4,,,0,16
USR_20682,USR_20682_C02,2025-05-02,6.0,5.61,5,3,6,1,normal,0,5,16.0,16.0,1,18
USR_20682,USR_20682_C03,2025-05-20,6.0,5.74,5,3,6,1,normal,0,5,18.0,17.0,2,16
USR_20682,USR_20682_C04,2025-06-05,6.0,5.65,5,3,6,1,normal,0,6,16.0,16.666666666666668,3,17
USR_20682,USR_20682_C05,2025-06-22,6.0,5.84,5,3,6,1,more,0,6,17.0,16.75,4,16
USR_20682,USR_20682_C06,2025-07-08,6.0,5.91,5,3,6,1,normal,0,7,16.0,16.6,5,17
USR_20682,USR_20682_C07,2025-07-25,6.0,5.79,5,3,6,1,normal,0,7,17.0,16.666666666666668,6,18
USR_20683,USR_20683_C01,2025-01-29,12.5,8.12,5,2,6,1,normal,1,1,,,0,28
USR_20683,USR_20683_C02,2025-02-26,12.5,12.16,5,2,6,1,normal,0,2,28.0,28.0,1,42
USR_20683,USR_20683_C03,2025-04-09,12.5,12.06,5,2,6,1,normal,0,4,42.0,35.0,2,37
USR_20683,USR_20683_C04,2025-05-16,12.5,12.46,5,2,6,1,normal,0,5,37.0,35.666666666666664,3,38
USR_20683,USR_20683_C05,2025-06-23,12.5,12.43,5,2,6,1,normal,0,6,38.0,36.25,4,36
USR_20683,USR_20683_C06,2025-07-29,12.5,12.42,5,2,6,1,less,0,7,36.0,36.2,5,41
USR_20683,USR_20683_C07,2025-09-08,12.5,11.73,5,2,6,1,normal,0,9,41.0,37.0,6,44
USR_20685,USR_20685_C01,2025-04-18,12.5,11.89,6,2,7,1,normal,0,4,,,0,30
USR_20685,USR_20685_C02,2025-05-18,12.5,11.66,6,2,7,1,more,0,5,30.0,30.0,1,22
USR_20685,USR_20685_C03,2025-06-09,12.5,8.71,6,2,7,1,normal,0,6,22.0,26.0,2,23
USR_20685,USR_20685_C04,2025-07-02,12.5,10.45,6,2,7,1,normal,0,7,23.0,25.0,3,30
USR_20685,USR_20685_C05,2025-08-01,12.5,12.38,6,2,7,1,normal,0,8,30.0,26.25,4,31
USR_20685,USR_20685_C06,2025-09-01,12.5,9.16,6,2,7,1,normal,0,9,31.0,27.2,5,22
USR_20685,USR_20685_C07,2025-09-23,12.5,11.81,6,2,7,1,normal,0,9,22.0,26.333333333333332,6,32
USR_20686,USR_20686_C01,2025-01-30,12.5,8.18,6,3,7,0,normal,1,1,,,0,28
USR_20686,USR_20686_C02,2025-02-27,12.5,12.39,6,3,7,0,normal,0,2,28.0,28.0,1,40
USR_20686,USR_20686_C03,2025-04-08,12.5,11.76,6,3,7,0,normal,0,4,40.0,34.0,2,32
USR_20686,USR_20686_C04,2025-05-10,12.5,12.42,6,3,7,0,normal,0,5,32.0,33.333333333333336,3,44
USR_20687,USR_20687_C01,2025-04-27,12.5,12.48,5,2,7,1,normal,0,4,,,0,30
USR_20687,USR_20687_C02,2025-05-27,12.5,12.27,5,2,7,1,less,0,5,30.0,30.0,1,32
USR_20687,USR_20687_C03,2025-06-28,12.5,11.77,5,2,7,1,normal,0,6,32.0,31.0,2,25
USR_20687,USR_20687_C04,2025-07-23,12.5,7.69,5,2,7,1,more,0,7,25.0,29.0,3,18
USR_20688,USR_20688_C01,2025-02-27,12.5,12.48,7,2,7,0,more,0,2,,,0,28
USR_20688,USR_20688_C02,2025-03-27,12.5,11.69,7,2,7,0,less,0,3,28.0,28.0,1,47
USR_20688,USR_20688_C03,2025-05-13,12.5,11.57,7,2,7,0,normal,0,5,47.0,37.5,2,39
USR_20688,USR_20688_C04,2025-06-21,12.5,12.15,7,2,7,0,normal,0,6,39.0,38.0,3,35
USR_20688,USR_20688_C05,2025-07-26,12.5,12.18,7,2,7,0,more,0,7,35.0,37.25,4,28
USR_20688,USR_20688_C06,2025-08-23,12.5,11.73,7,2,7,0,normal,0,8,28.0,35.4,5,37
USR_20689,USR_20689_C01,2025-01-23,6.0,5.77,4,2,7,1,normal,1,1,,,0,20
USR_20689,USR_20689_C02,2025-02-12,6.0,5.78,4,2,7,1,normal,0,2,20.0,20.0,1,22
USR_20689,USR_20689_C03,2025-03-06,6.0,5.97,4,2,7,1,normal,0,3,22.0,21.0,2,18
USR_20689,USR_20689_C04,2025-03-24,6.0,5.54,4,2,7,1,normal,0,3,18.0,20.0,3,17
USR_20690,USR_20690_C01,2025-03-14,6.0,5.92,5,1,7,1,normal,0,3,,,0,18
USR_20690,USR_20690_C02,2025-04-01,6.0,5.97,5,1,7,1,normal,0,4,18.0,18.0,1,17
USR_20690,USR_20690_C03,2025-04-18,6.0,5.68,5,1,7,1,normal,0,4,17.0,17.5,2,17
USR_20690,USR_20690_C04,2025-05-05,6.0,5.82,5,1,7,1,normal,0,5,17.0,17.333333333333332,3,19
USR_20690,USR_20690_C05,2025-05-24,6.0,4.41,5,1,7,1,normal,0,5,19.0,17.75,4,12
USR_20690,USR_20690_C06,2025-06-05,6.0,4.9,5,1,7,1,normal,0,6,12.0,16.6,5,15
USR_20691,USR_20691_C01,2025-03-18,12.5,12.02,4,1,7,1,normal,0,3,,,0,54
USR_20691,USR_20691_C02,2025-05-11,12.5,11.6,4,1,7,1,normal,0,5,54.0,54.0,1,54
USR_20691,USR_20691_C03,2025-07-04,12.5,11.87,4,1,7,1,normal,0,7,54.0,54.0,2,54
USR_20691,USR_20691_C04,2025-08-27,12.5,11.64,4,1,7,1,normal,0,8,54.0,54.0,3,51
USR_20691,USR_20691_C05,2025-10-17,12.5,12.38,4,1,7,1,normal,0,10,51.0,53.25,4,54
USR_20691,USR_20691_C06,2025-12-10,12.5,12.38,4,1,7,1,normal,1,12,54.0,53.4,5,48
USR_20691,USR_20691_C07,2026-01-27,12.5,12.21,4,1,7,1,normal,1,1,48.0,52.5,6,46
USR_20691,USR_20691_C08,2026-03-14,12.5,12.17,4,1,7,1,normal,0,3,46.0,51.57142857142857,7,62
USR_20691,USR_20691_C09,2026-05-15,12.5,12.35,4,1,7,1,normal,0,5,62.0,52.875,8,53
USR_20691,USR_20691_C10,2026-07-07,12.5,11.6,4,1,7,1,normal,0,7,53.0,52.888888888888886,9,53
USR_20691,USR_20691_C11,2026-08-29,12.5,8.75,4,1,7,1,normal,0,8,53.0,52.9,10,30
USR_20692,USR_20692_C01,2025-04-08,12.5,12.42,5,2,7,1,normal,0,4,,,0,48
USR_20692,USR_20692_C02,2025-05-26,12.5,12.27,5,2,7,1,normal,0,5,48.0,48.0,1,43
USR_20692,USR_20692_C03,2025-07-08,12.5,10.96,5,2,7,1,less,0,7,43.0,45.5,2,48
USR_20693,USR_20693_C01,2025-03-12,12.5,12.06,5,3,4,1,normal,0,3,,,0,37
USR_20693,USR_20693_C02,2025-04-18,12.5,12.1,5,3,4,1,normal,0,4,37.0,37.0,1,36
USR_20693,USR_20693_C03,2025-05-24,12.5,12.05,5,3,4,1,normal,0,5,36.0,36.5,2,50
USR_20693,USR_20693_C04,2025-07-13,12.5,10.21,5,3,4,1,normal,0,7,50.0,41.0,3,39
USR_20694,USR_20694_C01,2025-04-25,6.0,3.53,2,3,5,1,normal,0,4,,,0,10
USR_20694,USR_20694_C02,2025-05-05,6.0,4.3,2,3,5,1,normal,0,5,10.0,10.0,1,14
USR_20694,USR_20694_C03,2025-05-19,6.0,3.66,2,3,5,1,normal,0,5,14.0,12.0,2,12
USR_20694,USR_20694_C04,2025-05-31,6.0,5.81,2,3,5,1,normal,0,5,12.0,12.0,3,21
USR_20694,USR_20694_C05,2025-06-21,6.0,5.58,2,3,5,1,normal,0,6,21.0,14.25,4,20
USR_20694,USR_20694_C06,2025-07-11,6.0,3.83,2,3,5,1,normal,0,7,20.0,15.4,5,13
USR_20695,USR_20695_C01,2025-03-23,12.5,11.84,4,1,7,0,normal,0,3,,,0,59
USR_20695,USR_20695_C02,2025-05-21,12.5,11.59,4,1,7,0,normal,0,5,59.0,59.0,1,53
USR_20695,USR_20695_C03,2025-07-13,12.5,11.82,4,1,7,0,normal,0,7,53.0,56.0,2,75
USR_20695,USR_20695_C04,2025-09-26,12.5,10.13,4,1,7,0,normal,0,9,75.0,62.333333333333336,3,56
USR_20695,USR_20695_C05,2025-11-21,12.5,11.79,4,1,7,0,normal,0,11,56.0,60.75,4,64
USR_20695,USR_20695_C06,2026-01-24,12.5,12.32,4,1,7,0,normal,1,1,64.0,61.4,5,58
USR_20695,USR_20695_C07,2026-03-23,12.5,11.8,4,1,7,0,normal,0,3,58.0,60.833333333333336,6,58
USR_20695,USR_20695_C08,2026-05-20,12.5,11.64,4,1,7,0,normal,0,5,58.0,60.42857142857143,7,64
USR_20695,USR_20695_C09,2026-07-23,12.5,12.0,4,1,7,0,less,0,7,64.0,60.875,8,75
USR_20695,USR_20695_C10,2026-10-06,12.5,12.02,4,1,7,0,normal,0,10,75.0,62.44444444444444,9,57
USR_20695,USR_20695_C11,2026-12-02,12.5,11.19,4,1,7,0,normal,1,12,57.0,61.9,10,58
USR_20696,USR_20696_C01,2025-04-25,12.5,12.26,7,2,6,1,normal,0,4,,,0,46
USR_20696,USR_20696_C02,2025-06-10,12.5,12.38,7,2,6,1,normal,0,6,46.0,46.0,1,38
USR_20696,USR_20696_C03,2025-07-18,12.5,8.86,7,2,6,1,normal,0,7,38.0,42.0,2,27
USR_20696,USR_20696_C04,2025-08-14,12.5,11.6,7,2,6,1,normal,0,8,27.0,37.0,3,43
USR_20696,USR_20696_C05,2025-09-26,12.5,12.19,7,2,6,1,more,0,9,43.0,38.5,4,30
USR_20697,USR_20697_C01,2025-02-22,6.0,5.59,4,2,6,0,normal,0,2,,,0,31
USR_20697,USR_20697_C02,2025-03-25,6.0,5.85,4,2,6,0,normal,0,3,31.0,31.0,1,26
USR_20697,USR_20697_C03,2025-04-20,6.0,5.84,4,2,6,0,normal,0,4,26.0,28.5,2,31
USR_20697,USR_20697_C04,2025-05-21,6.0,5.95,4,2,6,0,more,0,5,31.0,29.333333333333332,3,22
USR_20697,USR_20697_C05,2025-06-12,6.0,5.7,4,2,6,0,more,0,6,22.0,27.5,4,26
USR_20697,USR_20697_C06,2025-07-08,6.0,5.75,4,2,6,0,normal,0,7,26.0,27.2,5,28
USR_20697,USR_20697_C07,2025-08-05,6.0,5.72,4,2,6,0,normal,0,8,28.0,27.333333333333332,6,32
USR_20698,USR_20698_C01,2025-01-25,12.5,12.36,3,3,7,1,normal,1,1,,,0,35
USR_20698,USR_20698_C02,2025-03-01,12.5,12.13,3,3,7,1,normal,0,3,35.0,35.0,1,32
USR_20699,USR_20699_C01,2025-01-29,6.0,5.53,3,2,6,1,normal,1,1,,,0,16
USR_20699,USR_20699_C02,2025-02-14,6.0,5.77,3,2,6,1,normal,0,2,16.0,16.0,1,22
USR_20699,USR_20699_C03,2025-03-08,6.0,5.81,3,2,6,1,normal,0,3,22.0,19.0,2,21
USR_20699,USR_20699_C04,2025-03-29,6.0,3.7,3,2,6,1,normal,0,3,21.0,19.666666666666668,3,14
USR_20699,USR_20699_C05,2025-04-12,6.0,3.9,3,2,6,1,normal,0,4,14.0,18.25,4,12
USR_20699,USR_20699_C06,2025-04-24,6.0,5.73,3,2,6,1,more,0,4,12.0,17.0,5,14
USR_20699,USR_20699_C07,2025-05-08,6.0,5.66,3,2,6,1,normal,0,5,14.0,16.5,6,18
USR_20699,USR_20699_C08,2025-05-26,6.0,3.82,3,2,6,1,normal,0,5,18.0,16.714285714285715,7,13
USR_20699,USR_20699_C09,2025-06-08,6.0,5.9,3,2,6,1,less,0,6,13.0,16.25,8,26
USR_20699,USR_20699_C10,2025-07-04,6.0,5.72,3,2,6,1,normal,0,7,26.0,17.333333333333332,9,17
USR_20699,USR_20699_C11,2025-07-21,6.0,5.52,3,2,6,1,normal,0,7,17.0,17.3,10,18
USR_20699,USR_20699_C12,2025-08-08,6.0,5.97,3,2,6,1,normal,0,8,18.0,17.363636363636363,11,17
USR_20700,USR_20700_C01,2025-02-21,6.0,5.87,2,2,7,1,normal,0,2,,,0,27
USR_20700,USR_20700_C02,2025-03-20,6.0,5.71,2,2,7,1,normal,0,3,27.0,27.0,1,23
USR_20700,USR_20700_C03,2025-04-12,6.0,4.44,2,2,7,1,more,0,4,23.0,25.0,2,12
USR_20700,USR_20700_C04,2025-04-24,6.0,5.93,2,2,7,1,normal,0,4,12.0,20.666666666666668,3,29
USR_20700,USR_20700_C05,2025-05-23,6.0,5.56,2,2,7,1,normal,0,5,29.0,22.75,4,26
USR_20700,USR_20700_C06,2025-06-18,6.0,5.67,2,2,7,1,normal,0,6,26.0,23.4,5,23
USR_20700,USR_20700_C07,2025-07-11,6.0,5.7,2,2,7,1,more,0,7,23.0,23.333333333333332,6,20
USR_20700,USR_20700_C08,2025-07-31,6.0,5.72,2,2,7,1,normal,0,7,20.0,22.857142857142858,7,25
USR_20700,USR_20700_C09,2025-08-25,6.0,5.82,2,2,7,1,normal,0,8,25.0,23.125,8,28
USR_20700,USR_20700_C10,2025-09-22,6.0,5.9,2,2,7,1,normal,0,9,28.0,23.666666666666668,9,23
USR_20701,USR_20701_C01,2025-03-11,12.5,11.91,2,2,7,1,normal,0,3,,,0,74
USR_20701,USR_20701_C02,2025-05-24,12.5,7.39,2,2,7,1,normal,0,5,74.0,74.0,1,34
USR_20701,USR_20701_C03,2025-06-27,12.5,12.07,2,2,7,1,normal,0,6,34.0,54.0,2,69
USR_20701,USR_20701_C04,2025-09-04,12.5,12.27,2,2,7,1,normal,0,9,69.0,59.0,3,57
USR_20701,USR_20701_C05,2025-10-31,12.5,7.42,2,2,7,1,normal,0,10,57.0,58.5,4,34
USR_20701,USR_20701_C06,2025-12-04,12.5,12.22,2,2,7,1,normal,1,12,34.0,53.6,5,55
USR_20702,USR_20702_C01,2025-02-04,12.5,12.23,7,2,7,1,normal,0,2,,,0,29
USR_20702,USR_20702_C02,2025-03-05,12.5,12.34,7,2,7,1,normal,0,3,29.0,29.0,1,36
USR_20702,USR_20702_C03,2025-04-10,12.5,12.09,7,2,7,1,normal,0,4,36.0,32.5,2,31
USR_20702,USR_20702_C04,2025-05-11,12.5,11.57,7,2,7,1,normal,0,5,31.0,32.0,3,27
USR_20702,USR_20702_C05,2025-06-07,12.5,12.41,7,2,7,1,more,0,6,27.0,30.75,4,26
USR_20702,USR_20702_C06,2025-07-03,12.5,11.91,7,2,7,1,normal,0,7,26.0,29.8,5,28
USR_20702,USR_20702_C07,2025-07-31,12.5,12.17,7,2,7,1,normal,0,7,28.0,29.5,6,28
USR_20702,USR_20702_C08,2025-08-28,12.5,12.0,7,2,7,1,normal,0,8,28.0,29.285714285714285,7,31
USR_20703,USR_20703_C01,2025-01-27,12.5,9.08,4,2,7,1,more,1,1,,,0,27
USR_20703,USR_20703_C02,2025-02-23,12.5,12.47,4,2,7,1,normal,0,2,27.0,27.0,1,56
USR_20703,USR_20703_C03,2025-04-20,12.5,6.94,4,2,7,1,more,0,4,56.0,41.5,2,23
USR_20703,USR_20703_C04,2025-05-13,12.5,11.68,4,2,7,1,normal,0,5,23.0,35.333333333333336,3,54
USR_20703,USR_20703_C05,2025-07-06,12.5,12.07,4,2,7,1,normal,0,7,54.0,40.0,4,50
USR_20704,USR_20704_C01,2025-01-27,12.5,11.87,4,3,6,0,less,1,1,,,0,47
USR_20704,USR_20704_C02,2025-03-15,12.5,9.03,4,3,6,0,normal,0,3,47.0,47.0,1,29
USR_20704,USR_20704_C03,2025-04-13,12.5,11.61,4,3,6,0,more,0,4,29.0,38.0,2,36
USR_20704,USR_20704_C04,2025-05-19,12.5,12.25,4,3,6,0,less,0,5,36.0,37.333333333333336,3,51
USR_20704,USR_20704_C05,2025-07-09,12.5,12.44,4,3,6,0,normal,0,7,51.0,40.75,4,53
USR_20704,USR_20704_C06,2025-08-31,12.5,11.52,4,3,6,0,less,0,8,53.0,43.2,5,59
USR_20704,USR_20704_C07,2025-10-29,12.5,11.91,4,3,6,0,normal,0,10,59.0,45.833333333333336,6,37
USR_20706,USR_20706_C01,2025-04-28,12.5,12.03,5,2,7,1,normal,0,4,,,0,39
USR_20706,USR_20706_C02,2025-06-06,12.5,12.47,5,2,7,1,normal,0,6,39.0,39.0,1,44
USR_20706,USR_20706_C03,2025-07-20,12.5,8.6,5,2,7,1,more,0,7,44.0,41.5,2,22
USR_20706,USR_20706_C04,2025-08-11,12.5,11.95,5,2,7,1,more,0,8,22.0,35.0,3,30
USR_20706,USR_20706_C05,2025-09-10,12.5,12.34,5,2,7,1,normal,0,9,30.0,33.75,4,39
USR_20706,USR_20706_C06,2025-10-19,12.5,12.13,5,2,7,1,normal,0,10,39.0,34.8,5,39
USR_20706,USR_20706_C07,2025-11-27,12.5,11.7,5,2,7,1,normal,0,11,39.0,35.5,6,39
USR_20706,USR_20706_C08,2026-01-05,12.5,11.8,5,2,7,1,normal,1,1,39.0,36.0,7,36
USR_20706,USR_20706_C09,2026-02-10,12.5,12.18,5,2,7,1,normal,0,2,36.0,36.0,8,42
USR_20706,USR_20706_C10,2026-03-24,12.5,11.53,5,2,7,1,normal,0,3,42.0,36.666666666666664,9,39
USR_20707,USR_20707_C01,2025-04-01,12.5,11.65,2,3,6,1,normal,0,4,,,0,32
USR_20707,USR_20707_C02,2025-05-03,12.5,11.56,2,3,6,1,normal,0,5,32.0,32.0,1,28
USR_20708,USR_20708_C01,2025-01-16,12.5,11.84,4,2,7,1,normal,1,1,,,0,45
USR_20708,USR_20708_C02,2025-03-02,12.5,12.39,4,2,7,1,normal,0,3,45.0,45.0,1,53
USR_20708,USR_20708_C03,2025-04-24,12.5,11.57,4,2,7,1,normal,0,4,53.0,49.0,2,54
USR_20708,USR_20708_C04,2025-06-17,12.5,11.53,4,2,7,1,normal,0,6,54.0,50.666666666666664,3,43
USR_20708,USR_20708_C05,2025-07-30,12.5,11.61,4,2,7,1,normal,0,7,43.0,48.75,4,48
USR_20709,USR_20709_C01,2025-02-13,6.0,5.73,4,3,6,1,normal,0,2,,,0,13
USR_20709,USR_20709_C02,2025-02-26,6.0,4.37,4,3,6,1,normal,0,2,13.0,13.0,1,10
USR_20709,USR_20709_C03,2025-03-08,6.0,5.84,4,3,6,1,normal,0,3,10.0,11.5,2,14
USR_20709,USR_20709_C04,2025-03-22,6.0,5.84,4,3,6,1,more,0,3,14.0,12.333333333333334,3,11
USR_20709,USR_20709_C05,2025-04-02,6.0,5.6,4,3,6,1,normal,0,4,11.0,12.0,4,10
USR_20710,USR_20710_C01,2025-03-24,12.5,11.83,5,3,6,1,normal,0,3,,,0,36
USR_20710,USR_20710_C02,2025-04-29,12.5,12.02,5,3,6,1,normal,0,4,36.0,36.0,1,31
USR_20710,USR_20710_C03,2025-05-30,12.5,11.52,5,3,6,1,more,0,5,31.0,33.5,2,26
USR_20710,USR_20710_C04,2025-06-25,12.5,11.62,5,3,6,1,normal,0,6,26.0,31.0,3,26
USR_20710,USR_20710_C05,2025-07-21,12.5,12.31,5,3,6,1,normal,0,7,26.0,29.75,4,34
USR_20710,USR_20710_C06,2025-08-24,12.5,12.39,5,3,6,1,more,0,8,34.0,30.6,5,30
USR_20710,USR_20710_C07,2025-09-23,12.5,12.3,5,3,6,1,normal,0,9,30.0,30.5,6,35
USR_20710,USR_20710_C08,2025-10-28,12.5,11.89,5,3,6,1,normal,0,10,35.0,31.142857142857142,7,36
USR_20711,USR_20711_C01,2025-03-23,6.0,5.92,6,3,7,1,normal,0,3,,,0,15
USR_20711,USR_20711_C02,2025-04-07,6.0,5.95,6,3,7,1,normal,0,4,15.0,15.0,1,18
USR_20711,USR_20711_C03,2025-04-25,6.0,5.71,6,3,7,1,normal,0,4,18.0,16.5,2,17
USR_20711,USR_20711_C04,2025-05-12,6.0,5.94,6,3,7,1,normal,0,5,17.0,16.666666666666668,3,17
USR_20711,USR_20711_C05,2025-05-29,6.0,4.81,6,3,7,1,normal,0,5,17.0,16.75,4,13
USR_20711,USR_20711_C06,2025-06-11,6.0,4.22,6,3,7,1,normal,0,6,13.0,16.0,5,12
USR_20712,USR_20712_C01,2025-02-07,6.0,5.66,4,2,7,1,normal,0,2,,,0,20
USR_20712,USR_20712_C02,2025-02-27,6.0,5.95,4,2,7,1,normal,0,2,20.0,20.0,1,23
USR_20712,USR_20712_C03,2025-03-22,6.0,3.65,4,2,7,1,normal,0,3,23.0,21.5,2,13
USR_20712,USR_20712_C04,2025-04-04,6.0,5.63,4,2,7,1,normal,0,4,13.0,18.666666666666668,3,26
USR_20712,USR_20712_C05,2025-04-30,6.0,5.07,4,2,7,1,more,0,4,26.0,20.5,4,19
USR_20712,USR_20712_C06,2025-05-19,6.0,5.88,4,2,7,1,normal,0,5,19.0,20.2,5,23
USR_20712,USR_20712_C07,2025-06-11,6.0,5.53,4,2,7,1,more,0,6,23.0,20.666666666666668,6,22
USR_20712,USR_20712_C08,2025-07-03,6.0,5.78,4,2,7,1,less,0,7,22.0,20.857142857142858,7,28
USR_20713,USR_20713_C01,2025-04-01,12.5,11.66,5,2,7,1,normal,0,4,,,0,29
USR_20713,USR_20713_C02,2025-04-30,12.5,12.22,5,2,7,1,normal,0,4,29.0,29.0,1,35
USR_20713,USR_20713_C03,2025-06-04,12.5,10.1,5,2,7,1,normal,0,6,35.0,32.0,2,24
USR_20713,USR_20713_C04,2025-06-28,12.5,12.47,5,2,7,1,normal,0,6,24.0,29.333333333333332,3,27
USR_20714,USR_20714_C01,2025-01-19,12.5,10.88,6,2,7,1,normal,1,1,,,0,27
USR_20714,USR_20714_C02,2025-02-15,12.5,12.44,6,2,7,1,more,0,2,27.0,27.0,1,25
USR_20714,USR_20714_C03,2025-03-12,12.5,12.39,6,2,7,1,more,0,3,25.0,26.0,2,25
USR_20714,USR_20714_C04,2025-04-06,12.5,12.21,6,2,7,1,normal,0,4,25.0,25.666666666666668,3,30
USR_20716,USR_20716_C01,2025-01-22,12.5,11.94,7,2,6,1,less,1,1,,,0,28
USR_20716,USR_20716_C02,2025-02-19,12.5,11.91,7,2,6,1,normal,0,2,28.0,28.0,1,22
USR_20716,USR_20716_C03,2025-03-13,12.5,10.15,7,2,6,1,normal,0,3,22.0,25.0,2,21
USR_20716,USR_20716_C04,2025-04-03,12.5,11.51,7,2,6,1,less,0,4,21.0,23.666666666666668,3,25
USR_20716,USR_20716_C05,2025-04-28,12.5,10.06,7,2,6,1,normal,0,4,25.0,24.0,4,19
USR_20716,USR_20716_C06,2025-05-17,12.5,12.4,7,2,6,1,normal,0,5,19.0,23.0,5,22
USR_20716,USR_20716_C07,2025-06-08,12.5,11.98,7,2,6,1,normal,0,6,22.0,22.833333333333332,6,24
USR_20718,USR_20718_C01,2025-04-17,6.0,5.77,4,2,7,1,normal,0,4,,,0,14
USR_20718,USR_20718_C02,2025-05-01,6.0,5.54,4,2,7,1,normal,0,5,14.0,14.0,1,16
USR_20718,USR_20718_C03,2025-05-17,6.0,5.52,4,2,7,1,normal,0,5,16.0,15.0,2,15
USR_20718,USR_20718_C04,2025-06-01,6.0,5.84,4,2,7,1,normal,0,6,15.0,15.0,3,13
USR_20718,USR_20718_C05,2025-06-14,6.0,5.72,4,2,7,1,normal,0,6,13.0,14.5,4,13
USR_20718,USR_20718_C06,2025-06-27,6.0,4.68,4,2,7,1,normal,0,6,13.0,14.2,5,11
USR_20719,USR_20719_C01,2025-01-20,6.0,5.85,6,3,6,1,normal,1,1,,,0,16
USR_20719,USR_20719_C02,2025-02-05,6.0,5.57,6,3,6,1,more,0,2,16.0,16.0,1,12
USR_20719,USR_20719_C03,2025-02-17,6.0,3.51,6,3,6,1,less,0,2,12.0,14.0,2,14
USR_20719,USR_20719_C04,2025-03-03,6.0,4.03,6,3,6,1,normal,0,3,14.0,14.0,3,12
USR_20719,USR_20719_C05,2025-03-15,6.0,5.83,6,3,6,1,normal,0,3,12.0,13.5,4,17
USR_20719,USR_20719_C06,2025-04-01,6.0,5.6,6,3,6,1,more,0,4,17.0,14.2,5,10
USR_20719,USR_20719_C07,2025-04-11,6.0,3.32,6,3,6,1,normal,0,4,10.0,13.5,6,10
USR_20721,USR_20721_C01,2025-04-23,12.5,8.45,6,3,6,1,normal,0,4,,,0,24
USR_20721,USR_20721_C02,2025-05-17,12.5,12.13,6,3,6,1,more,0,5,24.0,24.0,1,26
USR_20721,USR_20721_C03,2025-06-12,12.5,11.07,6,3,6,1,normal,0,6,26.0,25.0,2,25
USR_20721,USR_20721_C04,2025-07-07,12.5,9.79,6,3,6,1,normal,0,7,25.0,25.0,3,24
USR_20722,USR_20722_C01,2025-04-09,6.0,5.22,5,2,6,1,more,0,4,,,0,14
USR_20722,USR_20722_C02,2025-04-23,6.0,5.69,5,2,6,1,normal,0,4,14.0,14.0,1,18
USR_20722,USR_20722_C03,2025-05-11,6.0,5.59,5,2,6,1,normal,0,5,18.0,16.0,2,22
USR_20723,USR_20723_C01,2025-04-30,12.5,12.22,3,2,6,0,normal,0,4,,,0,45
USR_20723,USR_20723_C02,2025-06-14,12.5,12.39,3,2,6,0,normal,0,6,45.0,45.0,1,53
USR_20723,USR_20723_C03,2025-08-06,12.5,11.79,3,2,6,0,more,0,8,53.0,49.0,2,39
USR_20723,USR_20723_C04,2025-09-14,12.5,11.65,3,2,6,0,normal,0,9,39.0,45.666666666666664,3,52
USR_20723,USR_20723_C05,2025-11-05,12.5,11.99,3,2,6,0,normal,0,11,52.0,47.25,4,54
USR_20723,USR_20723_C06,2025-12-29,12.5,11.74,3,2,6,0,less,1,12,54.0,48.6,5,72
USR_20723,USR_20723_C07,2026-03-11,12.5,12.36,3,2,6,0,less,0,3,72.0,52.5,6,75
USR_20724,USR_20724_C01,2025-03-24,12.5,10.67,6,3,6,1,normal,0,3,,,0,35
USR_20724,USR_20724_C02,2025-04-28,12.5,12.0,6,3,6,1,normal,0,4,35.0,35.0,1,35
USR_20724,USR_20724_C03,2025-06-02,12.5,11.94,6,3,6,1,normal,0,6,35.0,35.0,2,29
USR_20724,USR_20724_C04,2025-07-01,12.5,8.59,6,3,6,1,normal,0,7,29.0,33.0,3,23
USR_20724,USR_20724_C05,2025-07-24,12.5,11.79,6,3,6,1,normal,0,7,23.0,30.5,4,42
USR_20724,USR_20724_C06,2025-09-04,12.5,12.14,6,3,6,1,more,0,9,42.0,32.8,5,28
USR_20725,USR_20725_C01,2025-02-22,6.0,5.87,3,3,7,1,more,0,2,,,0,11
USR_20725,USR_20725_C02,2025-03-05,6.0,4.82,3,3,7,1,normal,0,3,11.0,11.0,1,9
USR_20725,USR_20725_C03,2025-03-14,6.0,5.56,3,3,7,1,normal,0,3,9.0,10.0,2,13
USR_20725,USR_20725_C04,2025-03-27,6.0,5.64,3,3,7,1,normal,0,3,13.0,11.0,3,14
USR_20725,USR_20725_C05,2025-04-10,6.0,4.06,3,3,7,1,normal,0,4,14.0,11.75,4,9
USR_20725,USR_20725_C06,2025-04-19,6.0,5.72,3,3,7,1,more,0,4,9.0,11.2,5,12
USR_20725,USR_20725_C07,2025-05-01,6.0,5.8,3,3,7,1,less,0,5,12.0,11.333333333333334,6,20
USR_20725,USR_20725_C08,2025-05-21,6.0,5.35,3,3,7,1,more,0,5,20.0,12.571428571428571,7,11
USR_20725,USR_20725_C09,2025-06-01,6.0,5.84,3,3,7,1,less,0,6,11.0,12.375,8,19
USR_20725,USR_20725_C10,2025-06-20,6.0,5.74,3,3,7,1,normal,0,6,19.0,13.11111111111111,9,15
USR_20726,USR_20726_C01,2025-03-11,12.5,12.14,5,2,6,1,normal,0,3,,,0,35
USR_20726,USR_20726_C02,2025-04-15,12.5,12.31,5,2,6,1,normal,0,4,35.0,35.0,1,30
USR_20726,USR_20726_C03,2025-05-15,12.5,10.93,5,2,6,1,normal,0,5,30.0,32.5,2,29
USR_20726,USR_20726_C04,2025-06-13,12.5,8.08,5,2,6,1,normal,0,6,29.0,31.333333333333332,3,22
USR_20726,USR_20726_C05,2025-07-05,12.5,8.93,5,2,6,1,normal,0,7,22.0,29.0,4,25
USR_20726,USR_20726_C06,2025-07-30,12.5,12.12,5,2,6,1,normal,0,7,25.0,28.2,5,30
USR_20726,USR_20726_C07,2025-08-29,12.5,12.34,5,2,6,1,normal,0,8,30.0,28.5,6,34
USR_20726,USR_20726_C08,2025-10-02,12.5,12.14,5,2,6,1,normal,0,10,34.0,29.285714285714285,7,28
USR_20726,USR_20726_C09,2025-10-30,12.5,12.45,5,2,6,1,normal,0,10,28.0,29.125,8,29
USR_20726,USR_20726_C10,2025-11-28,12.5,10.39,5,2,6,1,normal,0,11,29.0,29.11111111111111,9,26
USR_20726,USR_20726_C11,2025-12-24,12.5,12.17,5,2,6,1,normal,1,12,26.0,28.8,10,32
USR_20727,USR_20727_C01,2025-03-20,12.5,12.33,5,2,6,1,normal,0,3,,,0,45
USR_20727,USR_20727_C02,2025-05-04,12.5,11.69,5,2,6,1,normal,0,5,45.0,45.0,1,35
USR_20727,USR_20727_C03,2025-06-08,12.5,10.69,5,2,6,1,more,0,6,35.0,40.0,2,24
USR_20727,USR_20727_C04,2025-07-02,12.5,11.6,5,2,6,1,normal,0,7,24.0,34.666666666666664,3,34
USR_20727,USR_20727_C05,2025-08-05,12.5,9.91,5,2,6,1,normal,0,8,34.0,34.5,4,27
USR_20727,USR_20727_C06,2025-09-01,12.5,12.07,5,2,6,1,normal,0,9,27.0,33.0,5,39
USR_20727,USR_20727_C07,2025-10-10,12.5,11.67,5,2,6,1,normal,0,10,39.0,34.0,6,34
USR_20727,USR_20727_C08,2025-11-13,12.5,11.88,5,2,6,1,normal,0,11,34.0,34.0,7,33
USR_20728,USR_20728_C01,2025-01-11,6.0,5.93,6,3,7,1,normal,1,1,,,0,15
USR_20728,USR_20728_C02,2025-01-26,6.0,5.89,6,3,7,1,more,1,1,15.0,15.0,1,11
USR_20728,USR_20728_C03,2025-02-06,6.0,5.98,6,3,7,1,normal,0,2,11.0,13.0,2,16
USR_20728,USR_20728_C04,2025-02-22,6.0,5.61,6,3,7,1,more,0,2,16.0,14.0,3,12
USR_20728,USR_20728_C05,2025-03-06,6.0,5.67,6,3,7,1,normal,0,3,12.0,13.5,4,14
USR_20729,USR_20729_C01,2025-03-30,12.5,11.34,8,2,5,0,normal,0,3,,,0,35
USR_20729,USR_20729_C02,2025-05-04,12.5,12.01,8,2,5,0,more,0,5,35.0,35.0,1,33
USR_20729,USR_20729_C03,2025-06-06,12.5,8.26,8,2,5,0,more,0,6,33.0,34.0,2,24
USR_20729,USR_20729_C04,2025-06-30,12.5,12.1,8,2,5,0,less,0,6,24.0,30.666666666666668,3,53
USR_20729,USR_20729_C05,2025-08-22,12.5,12.47,8,2,5,0,more,0,8,53.0,36.25,4,33
USR_20729,USR_20729_C06,2025-09-24,12.5,11.95,8,2,5,0,more,0,9,33.0,35.6,5,31
USR_20729,USR_20729_C07,2025-10-25,12.5,12.02,8,2,5,0,normal,0,10,31.0,34.833333333333336,6,37
USR_20729,USR_20729_C08,2025-12-01,12.5,10.77,8,2,5,0,normal,1,12,37.0,35.142857142857146,7,30
USR_20729,USR_20729_C09,2025-12-31,12.5,12.31,8,2,5,0,normal,1,12,30.0,34.5,8,43
USR_20729,USR_20729_C10,2026-02-12,12.5,12.35,8,2,5,0,less,0,2,43.0,35.44444444444444,9,50
USR_20729,USR_20729_C11,2026-04-03,12.5,11.66,8,2,5,0,normal,0,4,50.0,36.9,10,45
USR_20729,USR_20729_C12,2026-05-18,12.5,11.5,8,2,5,0,normal,0,5,45.0,37.63636363636363,11,37
USR_20730,USR_20730_C01,2025-01-17,12.5,11.99,4,2,7,0,more,1,1,,,0,38
USR_20730,USR_20730_C02,2025-02-24,12.5,11.72,4,2,7,0,normal,0,2,38.0,38.0,1,66
USR_20730,USR_20730_C03,2025-05-01,12.5,11.51,4,2,7,0,normal,0,5,66.0,52.0,2,47
USR_20730,USR_20730_C04,2025-06-17,12.5,7.97,4,2,7,0,normal,0,6,47.0,50.333333333333336,3,38
USR_20730,USR_20730_C05,2025-07-25,12.5,11.93,4,2,7,0,normal,0,7,38.0,47.25,4,62
USR_20730,USR_20730_C06,2025-09-25,12.5,11.82,4,2,7,0,normal,0,9,62.0,50.2,5,61
USR_20730,USR_20730_C07,2025-11-25,12.5,12.5,4,2,7,0,normal,0,11,61.0,52.0,6,68
USR_20731,USR_20731_C01,2025-01-29,12.5,12.01,6,3,7,1,more,1,1,,,0,24
USR_20731,USR_20731_C02,2025-02-22,12.5,11.97,6,3,7,1,normal,0,2,24.0,24.0,1,35
USR_20731,USR_20731_C03,2025-03-29,12.5,11.57,6,3,7,1,normal,0,3,35.0,29.5,2,27
USR_20731,USR_20731_C04,2025-04-25,12.5,10.09,6,3,7,1,normal,0,4,27.0,28.666666666666668,3,28
USR_20731,USR_20731_C05,2025-05-23,12.5,12.37,6,3,7,1,normal,0,5,28.0,28.5,4,32
USR_20732,USR_20732_C01,2025-04-23,12.5,12.2,6,3,7,1,normal,0,4,,,0,24
USR_20732,USR_20732_C02,2025-05-17,12.5,11.7,6,3,7,1,normal,0,5,24.0,24.0,1,27
USR_20732,USR_20732_C03,2025-06-13,12.5,9.32,6,3,7,1,normal,0,6,27.0,25.5,2,21
USR_20732,USR_20732_C04,2025-07-04,12.5,11.5,6,3,7,1,normal,0,7,21.0,24.0,3,24
USR_20732,USR_20732_C05,2025-07-28,12.5,9.2,6,3,7,1,normal,0,7,24.0,24.0,4,20
USR_20732,USR_20732_C06,2025-08-17,12.5,12.07,6,3,7,1,normal,0,8,20.0,23.2,5,28
USR_20732,USR_20732_C07,2025-09-14,12.5,11.91,6,3,7,1,more,0,9,28.0,24.0,6,19
USR_20732,USR_20732_C08,2025-10-03,12.5,12.13,6,3,7,1,normal,0,10,19.0,23.285714285714285,7,29
USR_20733,USR_20733_C01,2025-03-05,12.5,12.18,4,3,7,1,normal,0,3,,,0,41
USR_20733,USR_20733_C02,2025-04-15,12.5,11.9,4,3,7,1,normal,0,4,41.0,41.0,1,29
USR_20733,USR_20733_C03,2025-05-14,12.5,11.81,4,3,7,1,normal,0,5,29.0,35.0,2,32
USR_20733,USR_20733_C04,2025-06-15,12.5,6.99,4,3,7,1,normal,0,6,32.0,34.0,3,21
USR_20733,USR_20733_C05,2025-07-06,12.5,12.15,4,3,7,1,normal,0,7,21.0,30.75,4,39
USR_20733,USR_20733_C06,2025-08-14,12.5,11.99,4,3,7,1,less,0,8,39.0,32.4,5,57
USR_20733,USR_20733_C07,2025-10-10,12.5,7.18,4,3,7,1,normal,0,10,57.0,36.5,6,21
USR_20734,USR_20734_C01,2025-04-22,12.5,11.63,3,3,5,1,more,0,4,,,0,33
USR_20734,USR_20734_C02,2025-05-25,12.5,11.59,3,3,5,1,normal,0,5,33.0,33.0,1,41
USR_20734,USR_20734_C03,2025-07-05,12.5,11.61,3,3,5,1,normal,0,7,41.0,37.0,2,42
USR_20734,USR_20734_C04,2025-08-16,12.5,12.12,3,3,5,1,normal,0,8,42.0,38.666666666666664,3,40
USR_20734,USR_20734_C05,2025-09-25,12.5,11.94,3,3,5,1,normal,0,9,40.0,39.0,4,46
USR_20734,USR_20734_C06,2025-11-10,12.5,7.27,3,3,5,1,normal,0,11,46.0,40.4,5,25
USR_20734,USR_20734_C07,2025-12-05,12.5,11.74,3,3,5,1,normal,1,12,25.0,37.833333333333336,6,42
USR_20734,USR_20734_C08,2026-01-16,12.5,11.98,3,3,5,1,less,1,1,42.0,38.42857142857143,7,53
USR_20734,USR_20734_C09,2026-03-10,12.5,11.72,3,3,5,1,normal,0,3,53.0,40.25,8,43
USR_20736,USR_20736_C01,2025-03-12,12.5,11.72,2,2,4,1,normal,0,3,,,0,37
USR_20736,USR_20736_C02,2025-04-18,12.5,11.79,2,2,4,1,less,0,4,37.0,37.0,1,52
USR_20736,USR_20736_C03,2025-06-09,12.5,12.0,2,2,4,1,normal,0,6,52.0,44.5,2,43
USR_20736,USR_20736_C04,2025-07-22,12.5,10.48,2,2,4,1,normal,0,7,43.0,44.0,3,38
USR_20736,USR_20736_C05,2025-08-29,12.5,10.12,2,2,4,1,more,0,8,38.0,42.5,4,29
USR_20736,USR_20736_C06,2025-09-27,12.5,12.34,2,2,4,1,normal,0,9,29.0,39.8,5,43
USR_20736,USR_20736_C07,2025-11-09,12.5,7.58,2,2,4,1,normal,0,11,43.0,40.333333333333336,6,24
USR_20736,USR_20736_C08,2025-12-03,12.5,8.67,2,2,4,1,normal,1,12,24.0,38.0,7,26
USR_20736,USR_20736_C09,2025-12-29,12.5,11.67,2,2,4,1,normal,1,12,26.0,36.5,8,42
USR_20736,USR_20736_C10,2026-02-09,12.5,10.74,2,2,4,1,normal,0,2,42.0,37.111111111111114,9,45
USR_20737,USR_20737_C01,2025-03-26,12.5,12.11,6,2,7,1,normal,0,3,,,0,33
USR_20737,USR_20737_C02,2025-04-28,12.5,11.55,6,2,7,1,more,0,4,33.0,33.0,1,24
USR_20737,USR_20737_C03,2025-05-22,12.5,11.74,6,2,7,1,more,0,5,24.0,28.5,2,26
USR_20737,USR_20737_C04,2025-06-17,12.5,11.56,6,2,7,1,normal,0,6,26.0,27.666666666666668,3,36
USR_20737,USR_20737_C05,2025-07-23,12.5,11.84,6,2,7,1,more,0,7,36.0,29.75,4,26
USR_20737,USR_20737_C06,2025-08-18,12.5,10.19,6,2,7,1,less,0,8,26.0,29.0,5,32
USR_20737,USR_20737_C07,2025-09-19,12.5,12.27,6,2,7,1,normal,0,9,32.0,29.5,6,34
USR_20738,USR_20738_C01,2025-01-03,6.0,5.59,3,2,7,1,normal,1,1,,,0,18
USR_20738,USR_20738_C02,2025-01-21,6.0,5.56,3,2,7,1,normal,1,1,18.0,18.0,1,22
USR_20738,USR_20738_C03,2025-02-12,6.0,5.87,3,2,7,1,normal,0,2,22.0,20.0,2,20
USR_20738,USR_20738_C04,2025-03-04,6.0,5.72,3,2,7,1,normal,0,3,20.0,20.0,3,18
USR_20738,USR_20738_C05,2025-03-22,6.0,5.05,3,2,7,1,normal,0,3,18.0,19.5,4,17
USR_20738,USR_20738_C06,2025-04-08,6.0,5.92,3,2,7,1,normal,0,4,17.0,19.0,5,19
USR_20738,USR_20738_C07,2025-04-27,6.0,3.51,3,2,7,1,normal,0,4,19.0,19.0,6,13
USR_20739,USR_20739_C01,2025-02-10,12.5,11.51,8,2,7,1,normal,0,2,,,0,34
USR_20739,USR_20739_C02,2025-03-16,12.5,12.29,8,2,7,1,more,0,3,34.0,34.0,1,25
USR_20739,USR_20739_C03,2025-04-10,12.5,11.56,8,2,7,1,normal,0,4,25.0,29.5,2,30
USR_20739,USR_20739_C04,2025-05-10,12.5,11.87,8,2,7,1,normal,0,5,30.0,29.666666666666668,3,32
USR_20739,USR_20739_C05,2025-06-11,12.5,11.69,8,2,7,1,normal,0,6,32.0,30.25,4,29
USR_20739,USR_20739_C06,2025-07-10,12.5,12.0,8,2,7,1,normal,0,7,29.0,30.0,5,35
USR_20739,USR_20739_C07,2025-08-14,12.5,12.07,8,2,7,1,normal,0,8,35.0,30.833333333333332,6,31
USR_20739,USR_20739_C08,2025-09-14,12.5,11.75,8,2,7,1,normal,0,9,31.0,30.857142857142858,7,32
USR_20739,USR_20739_C09,2025-10-16,12.5,11.85,8,2,7,1,normal,0,10,32.0,31.0,8,34
USR_20740,USR_20740_C01,2025-04-17,12.5,11.73,4,2,5,1,normal,0,4,,,0,45
USR_20740,USR_20740_C02,2025-06-01,12.5,12.47,4,2,5,1,normal,0,6,45.0,45.0,1,55
USR_20740,USR_20740_C03,2025-07-26,12.5,12.05,4,2,5,1,normal,0,7,55.0,50.0,2,53
USR_20740,USR_20740_C04,2025-09-17,12.5,11.92,4,2,5,1,less,0,9,53.0,51.0,3,70
USR_20740,USR_20740_C05,2025-11-26,12.5,11.86,4,2,5,1,more,0,11,70.0,55.75,4,32
USR_20740,USR_20740_C06,2025-12-28,12.5,12.08,4,2,5,1,normal,1,12,32.0,51.0,5,47
USR_20740,USR_20740_C07,2026-02-13,12.5,12.15,4,2,5,1,normal,0,2,47.0,50.333333333333336,6,43
USR_20740,USR_20740_C08,2026-03-28,12.5,12.5,4,2,5,1,normal,0,3,43.0,49.285714285714285,7,57
USR_20741,USR_20741_C01,2025-02-01,12.5,10.12,8,2,7,1,normal,0,2,,,0,18
USR_20741,USR_20741_C02,2025-02-19,12.5,6.94,8,2,7,1,normal,0,2,18.0,18.0,1,16
USR_20741,USR_20741_C03,2025-03-07,12.5,12.13,8,2,7,1,normal,0,3,16.0,17.0,2,26
USR_20741,USR_20741_C04,2025-04-02,12.5,7.45,8,2,7,1,less,0,4,26.0,20.0,3,25
USR_20741,USR_20741_C05,2025-04-27,12.5,9.73,8,2,7,1,normal,0,4,25.0,21.25,4,17
USR_20741,USR_20741_C06,2025-05-14,12.5,9.77,8,2,7,1,normal,0,5,17.0,20.4,5,18
USR_20741,USR_20741_C07,2025-06-01,12.5,10.46,8,2,7,1,normal,0,6,18.0,20.0,6,21
USR_20741,USR_20741_C08,2025-06-22,12.5,12.34,8,2,7,1,normal,0,6,21.0,20.142857142857142,7,22
USR_20742,USR_20742_C01,2025-04-15,12.5,11.65,4,2,7,1,normal,0,4,,,0,39
USR_20742,USR_20742_C02,2025-05-24,12.5,12.37,4,2,7,1,normal,0,5,39.0,39.0,1,31
USR_20742,USR_20742_C03,2025-06-24,12.5,12.29,4,2,7,1,normal,0,6,31.0,35.0,2,32
USR_20742,USR_20742_C04,2025-07-26,12.5,12.13,4,2,7,1,normal,0,7,32.0,34.0,3,36
USR_20742,USR_20742_C05,2025-08-31,12.5,11.63,4,2,7,1,normal,0,8,36.0,34.5,4,33
USR_20742,USR_20742_C06,2025-10-03,12.5,11.91,4,2,7,1,normal,0,10,33.0,34.2,5,40
USR_20742,USR_20742_C07,2025-11-12,12.5,12.16,4,2,7,1,more,0,11,40.0,35.166666666666664,6,27
USR_20742,USR_20742_C08,2025-12-09,12.5,10.08,4,2,7,1,less,1,12,27.0,34.0,7,37
USR_20743,USR_20743_C01,2025-03-31,12.5,11.69,6,3,6,1,normal,0,3,,,0,27
USR_20743,USR_20743_C02,2025-04-27,12.5,10.89,6,3,6,1,less,0,4,27.0,27.0,1,28
USR_20743,USR_20743_C03,2025-05-25,12.5,12.36,6,3,6,1,normal,0,5,28.0,27.5,2,25
USR_20744,USR_20744_C01,2025-03-01,12.5,11.78,3,2,6,1,normal,0,3,,,0,55
USR_20744,USR_20744_C02,2025-04-25,12.5,11.92,3,2,6,1,normal,0,4,55.0,55.0,1,44
USR_20744,USR_20744_C03,2025-06-08,12.5,9.06,3,2,6,1,less,0,6,44.0,49.5,2,42
USR_20744,USR_20744_C04,2025-07-20,12.5,12.03,3,2,6,1,normal,0,7,42.0,47.0,3,56
USR_20744,USR_20744_C05,2025-09-14,12.5,12.25,3,2,6,1,normal,0,9,56.0,49.25,4,49
USR_20744,USR_20744_C06,2025-11-02,12.5,12.03,3,2,6,1,more,0,11,49.0,49.2,5,41
USR_20744,USR_20744_C07,2025-12-13,12.5,11.65,3,2,6,1,normal,1,12,41.0,47.833333333333336,6,47
USR_20746,USR_20746_C01,2025-04-21,12.5,12.4,5,2,7,1,normal,0,4,,,0,46
USR_20746,USR_20746_C02,2025-06-06,12.5,12.33,5,2,7,1,normal,0,6,46.0,46.0,1,42
USR_20746,USR_20746_C03,2025-07-18,12.5,11.9,5,2,7,1,normal,0,7,42.0,44.0,2,44
USR_20746,USR_20746_C04,2025-08-31,12.5,11.52,5,2,7,1,normal,0,8,44.0,44.0,3,39
USR_20746,USR_20746_C05,2025-10-09,12.5,11.62,5,2,7,1,more,0,10,39.0,42.75,4,31
USR_20746,USR_20746_C06,2025-11-09,12.5,12.28,5,2,7,1,normal,0,11,31.0,40.4,5,41
USR_20746,USR_20746_C07,2025-12-20,12.5,12.47,5,2,7,1,normal,1,12,41.0,40.5,6,42
USR_20747,USR_20747_C01,2025-03-20,12.5,12.2,6,1,5,1,normal,0,3,,,0,30
USR_20747,USR_20747_C02,2025-04-19,12.5,12.05,6,1,5,1,normal,0,4,30.0,30.0,1,29
USR_20747,USR_20747_C03,2025-05-18,12.5,11.67,6,1,5,1,normal,0,5,29.0,29.5,2,33
USR_20747,USR_20747_C04,2025-06-20,12.5,9.57,6,1,5,1,normal,0,6,33.0,30.666666666666668,3,28
USR_20747,USR_20747_C05,2025-07-18,12.5,12.41,6,1,5,1,normal,0,7,28.0,30.0,4,32
USR_20747,USR_20747_C06,2025-08-19,12.5,7.33,6,1,5,1,less,0,8,32.0,30.4,5,22
USR_20747,USR_20747_C07,2025-09-10,12.5,11.52,6,1,5,1,normal,0,9,22.0,29.0,6,31
USR_20747,USR_20747_C08,2025-10-11,12.5,11.99,6,1,5,1,normal,0,10,31.0,29.285714285714285,7,34
USR_20747,USR_20747_C09,2025-11-14,12.5,8.85,6,1,5,1,normal,0,11,34.0,29.875,8,23
USR_20747,USR_20747_C10,2025-12-07,12.5,11.1,6,1,5,1,normal,1,12,23.0,29.11111111111111,9,26
USR_20747,USR_20747_C11,2026-01-02,12.5,12.47,6,1,5,1,normal,1,1,26.0,28.8,10,29
USR_20749,USR_20749_C01,2025-01-11,12.5,12.11,7,2,7,1,normal,1,1,,,0,25
USR_20749,USR_20749_C02,2025-02-05,12.5,12.02,7,2,7,1,normal,0,2,25.0,25.0,1,26
USR_20749,USR_20749_C03,2025-03-03,12.5,12.2,7,2,7,1,normal,0,3,26.0,25.5,2,28
USR_20750,USR_20750_C01,2025-04-13,12.5,11.69,6,3,7,1,normal,0,4,,,0,32
USR_20750,USR_20750_C02,2025-05-15,12.5,11.78,6,3,7,1,normal,0,5,32.0,32.0,1,30
USR_20750,USR_20750_C03,2025-06-14,12.5,7.77,6,3,7,1,normal,0,6,30.0,31.0,2,23
USR_20750,USR_20750_C04,2025-07-07,12.5,12.46,6,3,7,1,normal,0,7,23.0,28.333333333333332,3,37
USR_20750,USR_20750_C05,2025-08-13,12.5,11.52,6,3,7,1,more,0,8,37.0,30.5,4,22
USR_20750,USR_20750_C06,2025-09-04,12.5,12.26,6,3,7,1,normal,0,9,22.0,28.8,5,35
USR_20750,USR_20750_C07,2025-10-09,12.5,7.62,6,3,7,1,normal,0,10,35.0,29.833333333333332,6,19
USR_20750,USR_20750_C08,2025-10-28,12.5,12.36,6,3,7,1,normal,0,10,19.0,28.285714285714285,7,34
USR_20750,USR_20750_C09,2025-12-01,12.5,12.21,6,3,7,1,normal,1,12,34.0,29.0,8,33
USR_20750,USR_20750_C10,2026-01-03,12.5,11.9,6,3,7,1,normal,1,1,33.0,29.444444444444443,9,27
USR_20752,USR_20752_C01,2025-03-24,12.5,12.08,2,2,7,1,more,0,3,,,0,37
USR_20752,USR_20752_C02,2025-04-30,12.5,8.55,2,2,7,1,normal,0,4,37.0,37.0,1,23
USR_20752,USR_20752_C03,2025-05-23,12.5,11.67,2,2,7,1,normal,0,5,23.0,30.0,2,34
USR_20752,USR_20752_C04,2025-06-26,12.5,12.04,2,2,7,1,normal,0,6,34.0,31.333333333333332,3,41
USR_20752,USR_20752_C05,2025-08-06,12.5,8.13,2,2,7,1,normal,0,8,41.0,33.75,4,24
USR_20752,USR_20752_C06,2025-08-30,12.5,11.91,2,2,7,1,normal,0,8,24.0,31.8,5,41
USR_20753,USR_20753_C01,2025-04-05,6.0,5.85,3,2,7,1,normal,0,4,,,0,19
USR_20753,USR_20753_C02,2025-04-24,6.0,5.67,3,2,7,1,normal,0,4,19.0,19.0,1,19
USR_20753,USR_20753_C03,2025-05-13,6.0,3.78,3,2,7,1,more,0,5,19.0,19.0,2,10
USR_20753,USR_20753_C04,2025-05-23,6.0,5.3,3,2,7,1,normal,0,5,10.0,16.0,3,13
USR_20753,USR_20753_C05,2025-06-05,6.0,5.83,3,2,7,1,normal,0,6,13.0,15.25,4,19
USR_20753,USR_20753_C06,2025-06-24,6.0,5.63,3,2,7,1,normal,0,6,19.0,16.0,5,17
USR_20754,USR_20754_C01,2025-04-26,12.5,8.7,2,3,7,1,normal,0,4,,,0,20
USR_20754,USR_20754_C02,2025-05-16,12.5,12.34,2,3,7,1,normal,0,5,20.0,20.0,1,33
USR_20754,USR_20754_C03,2025-06-18,12.5,11.56,2,3,7,1,normal,0,6,33.0,26.5,2,30
USR_20754,USR_20754_C04,2025-07-18,12.5,11.64,2,3,7,1,normal,0,7,30.0,27.666666666666668,3,37
USR_20754,USR_20754_C05,2025-08-24,12.5,10.31,2,3,7,1,normal,0,8,37.0,30.0,4,27
USR_20754,USR_20754_C06,2025-09-20,12.5,9.2,2,3,7,1,normal,0,9,27.0,29.4,5,23
USR_20754,USR_20754_C07,2025-10-13,12.5,12.13,2,3,7,1,normal,0,10,23.0,28.333333333333332,6,32
USR_20754,USR_20754_C08,2025-11-14,12.5,8.1,2,3,7,1,normal,0,11,32.0,28.857142857142858,7,19
USR_20754,USR_20754_C09,2025-12-03,12.5,11.62,2,3,7,1,normal,1,12,19.0,27.625,8,26
USR_20754,USR_20754_C10,2025-12-29,12.5,8.54,2,3,7,1,normal,1,12,26.0,27.444444444444443,9,24
USR_20755,USR_20755_C01,2025-02-04,12.5,12.38,3,2,6,0,normal,0,2,,,0,64
USR_20755,USR_20755_C02,2025-04-09,12.5,12.33,3,2,6,0,normal,0,4,64.0,64.0,1,60
USR_20755,USR_20755_C03,2025-06-08,12.5,12.15,3,2,6,0,more,0,6,60.0,62.0,2,46
USR_20755,USR_20755_C04,2025-07-24,12.5,9.34,3,2,6,0,normal,0,7,46.0,56.666666666666664,3,52
USR_20755,USR_20755_C05,2025-09-14,12.5,11.52,3,2,6,0,normal,0,9,52.0,55.5,4,63
USR_20755,USR_20755_C06,2025-11-16,12.5,11.77,3,2,6,0,normal,0,11,63.0,57.0,5,70
USR_20755,USR_20755_C07,2026-01-25,12.5,12.48,3,2,6,0,normal,1,1,70.0,59.166666666666664,6,75
USR_20755,USR_20755_C08,2026-04-10,12.5,11.33,3,2,6,0,normal,0,4,75.0,61.42857142857143,7,56
USR_20756,USR_20756_C01,2025-02-15,6.0,5.69,4,1,4,1,normal,0,2,,,0,22
USR_20756,USR_20756_C02,2025-03-09,6.0,5.69,4,1,4,1,normal,0,3,22.0,22.0,1,19
USR_20756,USR_20756_C03,2025-03-28,6.0,5.85,4,1,4,1,normal,0,3,19.0,20.5,2,23
USR_20756,USR_20756_C04,2025-04-20,6.0,4.6,4,1,4,1,normal,0,4,23.0,21.333333333333332,3,20
USR_20757,USR_20757_C01,2025-04-04,12.5,12.0,6,2,7,0,normal,0,4,,,0,38
USR_20757,USR_20757_C02,2025-05-12,12.5,7.49,6,2,7,0,normal,0,5,38.0,38.0,1,17
USR_20757,USR_20757_C03,2025-05-29,12.5,7.78,6,2,7,0,less,0,5,17.0,27.5,2,28
USR_20757,USR_20757_C04,2025-06-26,12.5,7.22,6,2,7,0,normal,0,6,28.0,27.666666666666668,3,20
USR_20757,USR_20757_C05,2025-07-16,12.5,9.8,6,2,7,0,normal,0,7,20.0,25.75,4,27
USR_20757,USR_20757_C06,2025-08-12,12.5,12.13,6,2,7,0,normal,0,8,27.0,26.0,5,38
USR_20757,USR_20757_C07,2025-09-19,12.5,11.92,6,2,7,0,normal,0,9,38.0,28.0,6,33
USR_20757,USR_20757_C08,2025-10-22,12.5,9.65,6,2,7,0,normal,0,10,33.0,28.714285714285715,7,27
USR_20759,USR_20759_C01,2025-04-24,12.5,12.21,6,2,7,1,normal,0,4,,,0,31
USR_20759,USR_20759_C02,2025-05-25,12.5,12.39,6,2,7,1,less,0,5,31.0,31.0,1,41
USR_20759,USR_20759_C03,2025-07-05,12.5,7.43,6,2,7,1,normal,0,7,41.0,36.0,2,18
USR_20759,USR_20759_C04,2025-07-23,12.5,11.77,6,2,7,1,normal,0,7,18.0,30.0,3,36
USR_20759,USR_20759_C05,2025-08-28,12.5,11.76,6,2,7,1,normal,0,8,36.0,31.5,4,40
USR_20759,USR_20759_C06,2025-10-07,12.5,11.88,6,2,7,1,normal,0,10,40.0,33.2,5,33
USR_20759,USR_20759_C07,2025-11-09,12.5,11.85,6,2,7,1,normal,0,11,33.0,33.166666666666664,6,29
USR_20759,USR_20759_C08,2025-12-08,12.5,11.65,6,2,7,1,normal,1,12,29.0,32.57142857142857,7,28
USR_20759,USR_20759_C09,2026-01-05,12.5,7.67,6,2,7,1,less,1,1,28.0,32.0,8,23
USR_20759,USR_20759_C10,2026-01-28,12.5,11.94,6,2,7,1,normal,1,1,23.0,31.0,9,30
USR_20760,USR_20760_C01,2025-01-19,6.0,5.97,5,2,5,1,normal,1,1,,,0,17
USR_20760,USR_20760_C02,2025-02-05,6.0,5.76,5,2,5,1,normal,0,2,17.0,17.0,1,20
USR_20760,USR_20760_C03,2025-02-25,6.0,5.82,5,2,5,1,normal,0,2,20.0,18.5,2,19
USR_20760,USR_20760_C04,2025-03-16,6.0,4.55,5,2,5,1,normal,0,3,19.0,18.666666666666668,3,15
USR_20760,USR_20760_C05,2025-03-31,6.0,5.53,5,2,5,1,normal,0,3,15.0,17.75,4,17
USR_20760,USR_20760_C06,2025-04-17,6.0,5.99,5,2,5,1,normal,0,4,17.0,17.6,5,20
USR_20760,USR_20760_C07,2025-05-07,6.0,4.66,5,2,5,1,normal,0,5,20.0,18.0,6,13
USR_20761,USR_20761_C01,2025-04-23,12.5,11.8,6,2,6,1,normal,0,4,,,0,33
USR_20761,USR_20761_C02,2025-05-26,12.5,11.95,6,2,6,1,normal,0,5,33.0,33.0,1,48
USR_20761,USR_20761_C03,2025-07-13,12.5,9.66,6,2,6,1,normal,0,7,48.0,40.5,2,32
USR_20761,USR_20761_C04,2025-08-14,12.5,11.59,6,2,6,1,normal,0,8,32.0,37.666666666666664,3,38
USR_20761,USR_20761_C05,2025-09-21,12.5,11.54,6,2,6,1,normal,0,9,38.0,37.75,4,37
USR_20761,USR_20761_C06,2025-10-28,12.5,9.72,6,2,6,1,normal,0,10,37.0,37.6,5,35
USR_20761,USR_20761_C07,2025-12-02,12.5,9.5,6,2,6,1,normal,1,12,35.0,37.166666666666664,6,36
USR_20761,USR_20761_C08,2026-01-07,12.5,12.44,6,2,6,1,normal,1,1,36.0,37.0,7,40
USR_20761,USR_20761_C09,2026-02-16,12.5,11.69,6,2,6,1,less,0,2,40.0,37.375,8,56
USR_20761,USR_20761_C10,2026-04-13,12.5,12.11,6,2,6,1,normal,0,4,56.0,39.44444444444444,9,36
USR_20762,USR_20762_C01,2025-03-29,12.5,8.69,6,1,6,1,normal,0,3,,,0,27
USR_20762,USR_20762_C02,2025-04-25,12.5,11.84,6,1,6,1,normal,0,4,27.0,27.0,1,35
USR_20762,USR_20762_C03,2025-05-30,12.5,12.24,6,1,6,1,normal,0,5,35.0,31.0,2,38
USR_20762,USR_20762_C04,2025-07-07,12.5,11.83,6,1,6,1,normal,0,7,38.0,33.333333333333336,3,36
USR_20762,USR_20762_C05,2025-08-12,12.5,11.92,6,1,6,1,normal,0,8,36.0,34.0,4,36
USR_20763,USR_20763_C01,2025-01-29,6.0,5.66,1,1,5,1,normal,1,1,,,0,33
USR_20763,USR_20763_C02,2025-03-03,6.0,5.69,1,1,5,1,normal,0,3,33.0,33.0,1,35
USR_20763,USR_20763_C03,2025-04-07,6.0,5.6,1,1,5,1,normal,0,4,35.0,34.0,2,37
USR_20763,USR_20763_C04,2025-05-14,6.0,4.21,1,1,5,1,normal,0,5,37.0,35.0,3,25
USR_20763,USR_20763_C05,2025-06-08,6.0,5.59,1,1,5,1,normal,0,6,25.0,32.5,4,33
USR_20764,USR_20764_C01,2025-02-24,12.5,12.27,4,2,5,1,normal,0,2,,,0,41
USR_20764,USR_20764_C02,2025-04-06,12.5,12.42,4,2,5,1,less,0,4,41.0,41.0,1,61
USR_20764,USR_20764_C03,2025-06-06,12.5,7.23,4,2,5,1,normal,0,6,61.0,51.0,2,24
USR_20764,USR_20764_C04,2025-06-30,12.5,12.31,4,2,5,1,normal,0,6,24.0,42.0,3,38
USR_20764,USR_20764_C05,2025-08-07,12.5,12.03,4,2,5,1,more,0,8,38.0,41.0,4,31
USR_20765,USR_20765_C01,2025-02-21,12.5,9.7,5,1,7,1,less,0,2,,,0,56
USR_20765,USR_20765_C02,2025-04-18,12.5,12.07,5,1,7,1,more,0,4,56.0,56.0,1,39
USR_20765,USR_20765_C03,2025-05-27,12.5,10.36,5,1,7,1,normal,0,5,39.0,47.5,2,36
USR_20765,USR_20765_C04,2025-07-02,12.5,9.51,5,1,7,1,more,0,7,36.0,43.666666666666664,3,30
USR_20765,USR_20765_C05,2025-08-01,12.5,12.13,5,1,7,1,normal,0,8,30.0,40.25,4,62
USR_20765,USR_20765_C06,2025-10-02,12.5,11.83,5,1,7,1,normal,0,10,62.0,44.6,5,43
USR_20765,USR_20765_C07,2025-11-14,12.5,10.18,5,1,7,1,normal,0,11,43.0,44.333333333333336,6,39
USR_20765,USR_20765_C08,2025-12-23,12.5,12.36,5,1,7,1,normal,1,12,39.0,43.57142857142857,7,53
USR_20766,USR_20766_C01,2025-04-13,6.0,5.85,5,3,6,1,normal,0,4,,,0,14
USR_20766,USR_20766_C02,2025-04-27,6.0,5.93,5,3,6,1,less,0,4,14.0,14.0,1,15
USR_20766,USR_20766_C03,2025-05-12,6.0,5.98,5,3,6,1,normal,0,5,15.0,14.5,2,14
USR_20766,USR_20766_C04,2025-05-26,6.0,5.83,5,3,6,1,normal,0,5,14.0,14.333333333333334,3,12
USR_20766,USR_20766_C05,2025-06-07,6.0,5.58,5,3,6,1,normal,0,6,12.0,13.75,4,11
USR_20768,USR_20768_C01,2025-03-20,12.5,11.54,2,2,7,1,normal,0,3,,,0,34
USR_20768,USR_20768_C02,2025-04-23,12.5,11.73,2,2,7,1,normal,0,4,34.0,34.0,1,42
USR_20768,USR_20768_C03,2025-06-04,12.5,11.83,2,2,7,1,normal,0,6,42.0,38.0,2,43
USR_20768,USR_20768_C04,2025-07-17,12.5,12.16,2,2,7,1,normal,0,7,43.0,39.666666666666664,3,36
USR_20768,USR_20768_C05,2025-08-22,12.5,11.94,2,2,7,1,more,0,8,36.0,38.75,4,38
USR_20768,USR_20768_C06,2025-09-29,12.5,12.42,2,2,7,1,normal,0,9,38.0,38.6,5,42
USR_20768,USR_20768_C07,2025-11-10,12.5,11.88,2,2,7,1,normal,0,11,42.0,39.166666666666664,6,39
USR_20769,USR_20769_C01,2025-02-16,6.0,5.63,3,2,7,1,normal,0,2,,,0,18
USR_20769,USR_20769_C02,2025-03-06,6.0,5.88,3,2,7,1,more,0,3,18.0,18.0,1,17
USR_20769,USR_20769_C03,2025-03-23,6.0,5.64,3,2,7,1,normal,0,3,17.0,17.5,2,18
USR_20769,USR_20769_C04,2025-04-10,6.0,5.87,3,2,7,1,normal,0,4,18.0,17.666666666666668,3,22
USR_20769,USR_20769_C05,2025-05-02,6.0,5.71,3,2,7,1,less,0,5,22.0,18.75,4,22
USR_20769,USR_20769_C06,2025-05-24,6.0,4.71,3,2,7,1,normal,0,5,22.0,19.4,5,18
USR_20770,USR_20770_C01,2025-01-09,6.0,5.88,4,2,5,1,normal,1,1,,,0,21
USR_20770,USR_20770_C02,2025-01-30,6.0,4.52,4,2,5,1,normal,1,1,21.0,21.0,1,15
USR_20770,USR_20770_C03,2025-02-14,6.0,5.71,4,2,5,1,normal,0,2,15.0,18.0,2,24
USR_20770,USR_20770_C04,2025-03-10,6.0,5.81,4,2,5,1,normal,0,3,24.0,20.0,3,20
USR_20770,USR_20770_C05,2025-03-30,6.0,5.14,4,2,5,1,more,0,3,20.0,20.0,4,15
USR_20770,USR_20770_C06,2025-04-14,6.0,5.78,4,2,5,1,normal,0,4,15.0,19.0,5,22
USR_20771,USR_20771_C01,2025-03-08,6.0,5.83,1,2,7,1,normal,0,3,,,0,21
USR_20771,USR_20771_C02,2025-03-29,6.0,5.55,1,2,7,1,normal,0,3,21.0,21.0,1,18
USR_20771,USR_20771_C03,2025-04-16,6.0,5.94,1,2,7,1,normal,0,4,18.0,19.5,2,21
USR_20771,USR_20771_C04,2025-05-07,6.0,5.55,1,2,7,1,normal,0,5,21.0,20.0,3,20
USR_20771,USR_20771_C05,2025-05-27,6.0,5.83,1,2,7,1,normal,0,5,20.0,20.0,4,18
USR_20771,USR_20771_C06,2025-06-14,6.0,5.82,1,2,7,1,normal,0,6,18.0,19.6,5,19
USR_20771,USR_20771_C07,2025-07-03,6.0,5.75,1,2,7,1,normal,0,7,19.0,19.5,6,22
USR_20772,USR_20772_C01,2025-01-11,6.0,5.8,3,1,7,1,normal,1,1,,,0,22
USR_20772,USR_20772_C02,2025-02-02,6.0,5.86,3,1,7,1,normal,0,2,22.0,22.0,1,28
USR_20772,USR_20772_C03,2025-03-02,6.0,4.32,3,1,7,1,less,0,3,28.0,25.0,2,28
USR_20772,USR_20772_C04,2025-03-30,6.0,5.53,3,1,7,1,normal,0,3,28.0,26.0,3,19
USR_20772,USR_20772_C05,2025-04-18,6.0,5.8,3,1,7,1,normal,0,4,19.0,24.25,4,26
USR_20772,USR_20772_C06,2025-05-14,6.0,6.0,3,1,7,1,more,0,5,26.0,24.6,5,21
USR_20773,USR_20773_C01,2025-01-25,12.5,10.57,7,3,7,1,more,1,1,,,0,19
USR_20773,USR_20773_C02,2025-02-13,12.5,11.7,7,3,7,1,normal,0,2,19.0,19.0,1,38
USR_20773,USR_20773_C03,2025-03-23,12.5,12.3,7,3,7,1,less,0,3,38.0,28.5,2,58
USR_20774,USR_20774_C01,2025-01-02,12.5,11.53,5,3,5,1,normal,1,1,,,0,39
USR_20774,USR_20774_C02,2025-02-10,12.5,11.71,5,3,5,1,more,0,2,39.0,39.0,1,33
USR_20774,USR_20774_C03,2025-03-15,12.5,12.21,5,3,5,1,normal,0,3,33.0,36.0,2,50
USR_20774,USR_20774_C04,2025-05-04,12.5,10.99,5,3,5,1,normal,0,5,50.0,40.666666666666664,3,43
USR_20774,USR_20774_C05,2025-06-16,12.5,11.57,5,3,5,1,normal,0,6,43.0,41.25,4,46
USR_20774,USR_20774_C06,2025-08-01,12.5,12.24,5,3,5,1,normal,0,8,46.0,42.2,5,46
USR_20774,USR_20774_C07,2025-09-16,12.5,12.27,5,3,5,1,normal,0,9,46.0,42.833333333333336,6,47
USR_20774,USR_20774_C08,2025-11-02,12.5,12.06,5,3,5,1,normal,0,11,47.0,43.42857142857143,7,50
USR_20775,USR_20775_C01,2025-04-15,6.0,5.89,2,1,6,1,more,0,4,,,0,27
USR_20775,USR_20775_C02,2025-05-12,6.0,5.84,2,1,6,1,less,0,5,27.0,27.0,1,43
USR_20775,USR_20775_C03,2025-06-24,6.0,4.22,2,1,6,1,normal,0,6,43.0,35.0,2,23
USR_20775,USR_20775_C04,2025-07-17,6.0,5.91,2,1,6,1,normal,0,7,23.0,31.0,3,30
USR_20775,USR_20775_C05,2025-08-16,6.0,4.18,2,1,6,1,normal,0,8,30.0,30.75,4,24
USR_20775,USR_20775_C06,2025-09-09,6.0,5.57,2,1,6,1,less,0,9,24.0,29.4,5,46
USR_20775,USR_20775_C07,2025-10-25,6.0,5.63,2,1,6,1,less,0,10,46.0,32.166666666666664,6,50
USR_20776,USR_20776_C01,2025-02-14,6.0,5.91,5,2,5,1,normal,0,2,,,0,19
USR_20776,USR_20776_C02,2025-03-05,6.0,3.76,5,2,5,1,normal,0,3,19.0,19.0,1,11
USR_20776,USR_20776_C03,2025-03-16,6.0,5.57,5,2,5,1,normal,0,3,11.0,15.0,2,18
USR_20776,USR_20776_C04,2025-04-03,6.0,5.73,5,2,5,1,normal,0,4,18.0,16.0,3,18
USR_20777,USR_20777_C01,2025-01-07,6.0,5.53,3,3,7,1,normal,1,1,,,0,19
USR_20777,USR_20777_C02,2025-01-26,6.0,5.61,3,3,7,1,normal,1,1,19.0,19.0,1,19
USR_20777,USR_20777_C03,2025-02-14,6.0,5.92,3,3,7,1,normal,0,2,19.0,19.0,2,21
USR_20777,USR_20777_C04,2025-03-07,6.0,5.52,3,3,7,1,normal,0,3,21.0,19.666666666666668,3,19
USR_20777,USR_20777_C05,2025-03-26,6.0,5.8,3,3,7,1,less,0,3,19.0,19.5,4,22
USR_20777,USR_20777_C06,2025-04-17,6.0,5.9,3,3,7,1,less,0,4,22.0,20.0,5,22
USR_20777,USR_20777_C07,2025-05-09,6.0,5.81,3,3,7,1,normal,0,5,22.0,20.333333333333332,6,19
USR_20777,USR_20777_C08,2025-05-28,6.0,5.98,3,3,7,1,normal,0,5,19.0,20.142857142857142,7,19
USR_20778,USR_20778_C01,2025-04-04,12.5,12.04,6,2,7,1,normal,0,4,,,0,27
USR_20778,USR_20778_C02,2025-05-01,12.5,11.85,6,2,7,1,normal,0,5,27.0,27.0,1,28
USR_20779,USR_20779_C01,2025-02-23,6.0,5.57,2,2,7,1,less,0,2,,,0,26
USR_20779,USR_20779_C02,2025-03-21,6.0,5.94,2,2,7,1,normal,0,3,26.0,26.0,1,20
USR_20779,USR_20779_C03,2025-04-10,6.0,4.26,2,2,7,1,more,0,4,20.0,23.0,2,12
USR_20779,USR_20779_C04,2025-04-22,6.0,5.64,2,2,7,1,normal,0,4,12.0,19.333333333333332,3,20
USR_20779,USR_20779_C05,2025-05-12,6.0,5.19,2,2,7,1,normal,0,5,20.0,19.5,4,19
USR_20779,USR_20779_C06,2025-05-31,6.0,5.75,2,2,7,1,normal,0,5,19.0,19.4,5,20
USR_20780,USR_20780_C01,2025-01-01,12.5,11.58,5,2,7,1,normal,1,1,,,0,30
USR_20780,USR_20780_C02,2025-01-31,12.5,12.14,5,2,7,1,normal,1,1,30.0,30.0,1,31
USR_20780,USR_20780_C03,2025-03-03,12.5,12.32,5,2,7,1,normal,0,3,31.0,30.5,2,27
USR_20780,USR_20780_C04,2025-03-30,12.5,11.99,5,2,7,1,normal,0,3,27.0,29.333333333333332,3,27
USR_20780,USR_20780_C05,2025-04-26,12.5,11.99,5,2,7,1,normal,0,4,27.0,28.75,4,32
USR_20781,USR_20781_C01,2025-04-27,12.5,11.95,4,2,7,1,normal,0,4,,,0,42
USR_20781,USR_20781_C02,2025-06-08,12.5,11.88,4,2,7,1,normal,0,6,42.0,42.0,1,40
USR_20781,USR_20781_C03,2025-07-18,12.5,6.92,4,2,7,1,normal,0,7,40.0,41.0,2,22
USR_20781,USR_20781_C04,2025-08-09,12.5,12.41,4,2,7,1,normal,0,8,22.0,34.666666666666664,3,43
USR_20781,USR_20781_C05,2025-09-21,12.5,12.42,4,2,7,1,normal,0,9,43.0,36.75,4,45
USR_20781,USR_20781_C06,2025-11-05,12.5,12.19,4,2,7,1,normal,0,11,45.0,38.4,5,39
USR_20781,USR_20781_C07,2025-12-14,12.5,11.68,4,2,7,1,normal,1,12,39.0,38.5,6,44
USR_20781,USR_20781_C08,2026-01-27,12.5,9.78,4,2,7,1,normal,1,1,44.0,39.285714285714285,7,33
USR_20781,USR_20781_C09,2026-03-01,12.5,12.31,4,2,7,1,normal,0,3,33.0,38.5,8,49
USR_20781,USR_20781_C10,2026-04-19,12.5,8.38,4,2,7,1,normal,0,4,49.0,39.666666666666664,9,31
USR_20782,USR_20782_C01,2025-01-27,6.0,5.99,2,3,7,0,normal,1,1,,,0,30
USR_20782,USR_20782_C02,2025-02-26,6.0,5.76,2,3,7,0,normal,0,2,30.0,30.0,1,31
USR_20782,USR_20782_C03,2025-03-29,6.0,5.86,2,3,7,0,normal,0,3,31.0,30.5,2,33
USR_20782,USR_20782_C04,2025-05-01,6.0,5.84,2,3,7,0,normal,0,5,33.0,31.333333333333332,3,27
USR_20782,USR_20782_C05,2025-05-28,6.0,5.55,2,3,7,0,normal,0,5,27.0,30.25,4,27
USR_20782,USR_20782_C06,2025-06-24,6.0,3.48,2,3,7,0,more,0,6,27.0,29.6,5,12
USR_20783,USR_20783_C01,2025-04-05,12.5,8.58,7,2,4,1,normal,0,4,,,0,17
USR_20783,USR_20783_C02,2025-04-22,12.5,11.53,7,2,4,1,normal,0,4,17.0,17.0,1,23
USR_20783,USR_20783_C03,2025-05-15,12.5,10.68,7,2,4,1,normal,0,5,23.0,20.0,2,20
USR_20783,USR_20783_C04,2025-06-04,12.5,12.14,7,2,4,1,normal,0,6,20.0,20.0,3,21
USR_20783,USR_20783_C05,2025-06-25,12.5,9.77,7,2,4,1,normal,0,6,21.0,20.25,4,21
USR_20783,USR_20783_C06,2025-07-16,12.5,7.81,7,2,4,1,normal,0,7,21.0,20.4,5,19
USR_20783,USR_20783_C07,2025-08-04,12.5,12.24,7,2,4,1,normal,0,8,19.0,20.166666666666668,6,23
USR_20783,USR_20783_C08,2025-08-27,12.5,12.0,7,2,4,1,normal,0,8,23.0,20.571428571428573,7,26
USR_20783,USR_20783_C09,2025-09-22,12.5,11.65,7,2,4,1,normal,0,9,26.0,21.25,8,25
USR_20783,USR_20783_C10,2025-10-17,12.5,11.96,7,2,4,1,normal,0,10,25.0,21.666666666666668,9,31
USR_20783,USR_20783_C11,2025-11-17,12.5,11.61,7,2,4,1,normal,0,11,31.0,22.6,10,22
USR_20784,USR_20784_C01,2025-01-03,12.5,11.61,3,3,7,1,normal,1,1,,,0,34
USR_20784,USR_20784_C02,2025-02-06,12.5,11.79,3,3,7,1,normal,0,2,34.0,34.0,1,37
USR_20784,USR_20784_C03,2025-03-15,12.5,12.25,3,3,7,1,normal,0,3,37.0,35.5,2,47
USR_20784,USR_20784_C04,2025-05-01,12.5,10.19,3,3,7,1,normal,0,5,47.0,39.333333333333336,3,30
USR_20784,USR_20784_C05,2025-05-31,12.5,11.93,3,3,7,1,normal,0,5,30.0,37.0,4,34
USR_20784,USR_20784_C06,2025-07-04,12.5,12.42,3,3,7,1,normal,0,7,34.0,36.4,5,36
USR_20786,USR_20786_C01,2025-01-21,12.5,11.59,3,2,7,1,normal,1,1,,,0,29
USR_20786,USR_20786_C02,2025-02-19,12.5,12.14,3,2,7,1,normal,0,2,29.0,29.0,1,44
USR_20786,USR_20786_C03,2025-04-04,12.5,12.41,3,2,7,1,less,0,4,44.0,36.5,2,39
USR_20786,USR_20786_C04,2025-05-13,12.5,11.6,3,2,7,1,normal,0,5,39.0,37.333333333333336,3,34
USR_20786,USR_20786_C05,2025-06-16,12.5,8.65,3,2,7,1,less,0,6,34.0,36.5,4,33
USR_20786,USR_20786_C06,2025-07-19,12.5,7.03,3,2,7,1,more,0,7,33.0,35.8,5,19
USR_20786,USR_20786_C07,2025-08-07,12.5,12.4,3,2,7,1,normal,0,8,19.0,33.0,6,35
USR_20786,USR_20786_C08,2025-09-11,12.5,8.71,3,2,7,1,more,0,9,35.0,33.285714285714285,7,20
USR_20786,USR_20786_C09,2025-10-01,12.5,12.44,3,2,7,1,normal,0,10,20.0,31.625,8,41
USR_20786,USR_20786_C10,2025-11-11,12.5,12.04,3,2,7,1,normal,0,11,41.0,32.666666666666664,9,35
USR_20786,USR_20786_C11,2025-12-16,12.5,12.21,3,2,7,1,normal,1,12,35.0,32.9,10,30
USR_20787,USR_20787_C01,2025-02-22,6.0,4.17,3,2,4,1,normal,0,2,,,0,21
USR_20787,USR_20787_C02,2025-03-15,6.0,5.65,3,2,4,1,normal,0,3,21.0,21.0,1,30
USR_20787,USR_20787_C03,2025-04-14,6.0,5.73,3,2,4,1,normal,0,4,30.0,25.5,2,27
USR_20787,USR_20787_C04,2025-05-11,6.0,5.7,3,2,4,1,more,0,5,27.0,26.0,3,22
USR_20787,USR_20787_C05,2025-06-02,6.0,5.87,3,2,4,1,normal,0,6,22.0,25.0,4,29
USR_20787,USR_20787_C06,2025-07-01,6.0,5.72,3,2,4,1,normal,0,7,29.0,25.8,5,27
USR_20787,USR_20787_C07,2025-07-28,6.0,4.07,3,2,4,1,normal,0,7,27.0,26.0,6,16
USR_20788,USR_20788_C01,2025-01-22,6.0,5.83,4,2,7,1,less,1,1,,,0,19
USR_20788,USR_20788_C02,2025-02-10,6.0,5.72,4,2,7,1,more,0,2,19.0,19.0,1,12
USR_20788,USR_20788_C03,2025-02-22,6.0,5.93,4,2,7,1,normal,0,2,12.0,15.5,2,17
USR_20788,USR_20788_C04,2025-03-11,6.0,5.76,4,2,7,1,more,0,3,17.0,16.0,3,12
USR_20790,USR_20790_C01,2025-03-26,6.0,5.68,5,2,7,1,normal,0,3,,,0,19
USR_20790,USR_20790_C02,2025-04-14,6.0,5.81,5,2,7,1,normal,0,4,19.0,19.0,1,17
USR_20790,USR_20790_C03,2025-05-01,6.0,5.52,5,2,7,1,less,0,5,17.0,18.0,2,25
USR_20790,USR_20790_C04,2025-05-26,6.0,5.79,5,2,7,1,normal,0,5,25.0,20.333333333333332,3,16
USR_20790,USR_20790_C05,2025-06-11,6.0,5.72,5,2,7,1,normal,0,6,16.0,19.25,4,14
USR_20790,USR_20790_C06,2025-06-25,6.0,5.94,5,2,7,1,normal,0,6,14.0,18.2,5,18
USR_20790,USR_20790_C07,2025-07-13,6.0,3.45,5,2,7,1,less,0,7,18.0,18.166666666666668,6,17
USR_20790,USR_20790_C08,2025-07-30,6.0,5.69,5,2,7,1,normal,0,7,17.0,18.0,7,21
USR_20790,USR_20790_C09,2025-08-20,6.0,5.72,5,2,7,1,normal,0,8,21.0,18.375,8,19
USR_20791,USR_20791_C01,2025-04-28,6.0,5.65,6,2,6,1,normal,0,4,,,0,12
USR_20791,USR_20791_C02,2025-05-10,6.0,5.86,6,2,6,1,normal,0,5,12.0,12.0,1,15
USR_20791,USR_20791_C03,2025-05-25,6.0,5.85,6,2,6,1,normal,0,5,15.0,13.5,2,14
USR_20791,USR_20791_C04,2025-06-08,6.0,5.93,6,2,6,1,normal,0,6,14.0,13.666666666666666,3,12
USR_20791,USR_20791_C05,2025-06-20,6.0,5.68,6,2,6,1,normal,0,6,12.0,13.25,4,14
USR_20791,USR_20791_C06,2025-07-04,6.0,5.88,6,2,6,1,normal,0,7,14.0,13.4,5,16
USR_20791,USR_20791_C07,2025-07-20,6.0,5.78,6,2,6,1,normal,0,7,16.0,13.833333333333334,6,17
USR_20792,USR_20792_C01,2025-02-07,6.0,5.62,2,1,7,1,more,0,2,,,0,20
USR_20792,USR_20792_C02,2025-02-27,6.0,5.53,2,1,7,1,more,0,2,20.0,20.0,1,22
USR_20792,USR_20792_C03,2025-03-21,6.0,3.4,2,1,7,1,normal,0,3,22.0,21.0,2,14
USR_20792,USR_20792_C04,2025-04-04,6.0,5.95,2,1,7,1,normal,0,4,14.0,18.666666666666668,3,23
USR_20792,USR_20792_C05,2025-04-27,6.0,5.61,2,1,7,1,normal,0,4,23.0,19.75,4,22
USR_20792,USR_20792_C06,2025-05-19,6.0,5.86,2,1,7,1,normal,0,5,22.0,20.2,5,22
USR_20792,USR_20792_C07,2025-06-10,6.0,5.58,2,1,7,1,normal,0,6,22.0,20.5,6,27
USR_20792,USR_20792_C08,2025-07-07,6.0,5.18,2,1,7,1,normal,0,7,27.0,21.428571428571427,7,20
USR_20793,USR_20793_C01,2025-03-24,6.0,4.47,3,2,6,1,normal,0,3,,,0,17
USR_20793,USR_20793_C02,2025-04-10,6.0,5.87,3,2,6,1,normal,0,4,17.0,17.0,1,18
USR_20793,USR_20793_C03,2025-04-28,6.0,5.66,3,2,6,1,normal,0,4,18.0,17.5,2,18
USR_20793,USR_20793_C04,2025-05-16,6.0,5.74,3,2,6,1,normal,0,5,18.0,17.666666666666668,3,22
USR_20793,USR_20793_C05,2025-06-07,6.0,5.91,3,2,6,1,normal,0,6,22.0,18.75,4,19
USR_20793,USR_20793_C06,2025-06-26,6.0,5.68,3,2,6,1,normal,0,6,19.0,18.8,5,16
USR_20793,USR_20793_C07,2025-07-12,6.0,5.98,3,2,6,1,normal,0,7,16.0,18.333333333333332,6,20
USR_20793,USR_20793_C08,2025-08-01,6.0,5.89,3,2,6,1,normal,0,8,20.0,18.571428571428573,7,17
USR_20794,USR_20794_C01,2025-02-08,12.5,12.1,3,3,5,1,normal,0,2,,,0,39
USR_20794,USR_20794_C02,2025-03-19,12.5,11.7,3,3,5,1,less,0,3,39.0,39.0,1,47
USR_20794,USR_20794_C03,2025-05-05,12.5,8.67,3,3,5,1,normal,0,5,47.0,43.0,2,24
USR_20794,USR_20794_C04,2025-05-29,12.5,8.01,3,3,5,1,normal,0,5,24.0,36.666666666666664,3,22
USR_20794,USR_20794_C05,2025-06-20,12.5,8.4,3,3,5,1,normal,0,6,22.0,33.0,4,27
USR_20794,USR_20794_C06,2025-07-17,12.5,11.59,3,3,5,1,normal,0,7,27.0,31.8,5,33
USR_20794,USR_20794_C07,2025-08-19,12.5,12.1,3,3,5,1,normal,0,8,33.0,32.0,6,32
USR_20794,USR_20794_C08,2025-09-20,12.5,11.52,3,3,5,1,normal,0,9,32.0,32.0,7,37
USR_20797,USR_20797_C01,2025-04-21,12.5,7.8,5,1,5,0,normal,0,4,,,0,34
USR_20797,USR_20797_C02,2025-05-25,12.5,10.45,5,1,5,0,normal,0,5,34.0,34.0,1,40
USR_20797,USR_20797_C03,2025-07-04,12.5,12.17,5,1,5,0,normal,0,7,40.0,37.0,2,63
USR_20797,USR_20797_C04,2025-09-05,12.5,11.88,5,1,5,0,normal,0,9,63.0,45.666666666666664,3,56
USR_20797,USR_20797_C05,2025-10-31,12.5,6.93,5,1,5,0,normal,0,10,56.0,48.25,4,31
USR_20797,USR_20797_C06,2025-12-01,12.5,12.15,5,1,5,0,more,1,12,31.0,44.8,5,46
USR_20797,USR_20797_C07,2026-01-16,12.5,9.15,5,1,5,0,less,1,1,46.0,45.0,6,53
USR_20797,USR_20797_C08,2026-03-10,12.5,11.69,5,1,5,0,normal,0,3,53.0,46.142857142857146,7,68
USR_20798,USR_20798_C01,2025-03-29,12.5,11.53,8,2,7,0,normal,0,3,,,0,37
USR_20798,USR_20798_C02,2025-05-05,12.5,11.58,8,2,7,0,normal,0,5,37.0,37.0,1,34
USR_20798,USR_20798_C03,2025-06-08,12.5,12.42,8,2,7,0,normal,0,6,34.0,35.5,2,45
USR_20798,USR_20798_C04,2025-07-23,12.5,11.81,8,2,7,0,more,0,7,45.0,38.666666666666664,3,33
USR_20798,USR_20798_C05,2025-08-25,12.5,12.14,8,2,7,0,normal,0,8,33.0,37.25,4,40
USR_20798,USR_20798_C06,2025-10-04,12.5,12.26,8,2,7,0,more,0,10,40.0,37.8,5,23
USR_20798,USR_20798_C07,2025-10-27,12.5,12.21,8,2,7,0,normal,0,10,23.0,35.333333333333336,6,40
USR_20798,USR_20798_C08,2025-12-06,12.5,12.18,8,2,7,0,less,1,12,40.0,36.0,7,53
USR_20798,USR_20798_C09,2026-01-28,12.5,11.79,8,2,7,0,normal,1,1,53.0,38.125,8,32
USR_20800,USR_20800_C01,2025-02-18,12.5,11.84,6,2,7,1,normal,0,2,,,0,33
USR_20800,USR_20800_C02,2025-03-23,12.5,12.48,6,2,7,1,less,0,3,33.0,33.0,1,37
USR_20800,USR_20800_C03,2025-04-29,12.5,12.15,6,2,7,1,normal,0,4,37.0,35.0,2,40
USR_20800,USR_20800_C04,2025-06-08,12.5,12.01,6,2,7,1,normal,0,6,40.0,36.666666666666664,3,31
USR_20800,USR_20800_C05,2025-07-09,12.5,11.81,6,2,7,1,normal,0,7,31.0,35.25,4,34
USR_20800,USR_20800_C06,2025-08-12,12.5,11.97,6,2,7,1,normal,0,8,34.0,35.0,5,33
USR_20801,USR_20801_C01,2025-03-21,6.0,4.34,4,2,5,1,normal,0,3,,,0,11
USR_20801,USR_20801_C02,2025-04-01,6.0,3.88,4,2,5,1,normal,0,4,11.0,11.0,1,10
USR_20801,USR_20801_C03,2025-04-11,6.0,5.85,4,2,5,1,more,0,4,10.0,10.5,2,16
USR_20801,USR_20801_C04,2025-04-27,6.0,5.92,4,2,5,1,normal,0,4,16.0,12.333333333333334,3,15
USR_20801,USR_20801_C05,2025-05-12,6.0,5.83,4,2,5,1,normal,0,5,15.0,13.0,4,16
USR_20801,USR_20801_C06,2025-05-28,6.0,5.99,4,2,5,1,normal,0,5,16.0,13.6,5,17
USR_20801,USR_20801_C07,2025-06-14,6.0,5.74,4,2,5,1,normal,0,6,17.0,14.166666666666666,6,14
USR_20801,USR_20801_C08,2025-06-28,6.0,5.17,4,2,5,1,normal,0,6,14.0,14.142857142857142,7,12
USR_20801,USR_20801_C09,2025-07-10,6.0,5.74,4,2,5,1,normal,0,7,12.0,13.875,8,14
USR_20801,USR_20801_C10,2025-07-24,6.0,5.98,4,2,5,1,normal,0,7,14.0,13.88888888888889,9,18
USR_20802,USR_20802_C01,2025-02-25,12.5,12.49,4,3,6,1,normal,0,2,,,0,36
USR_20802,USR_20802_C02,2025-04-02,12.5,12.05,4,3,6,1,less,0,4,36.0,36.0,1,44
USR_20802,USR_20802_C03,2025-05-16,12.5,7.91,4,3,6,1,normal,0,5,44.0,40.0,2,29
USR_20802,USR_20802_C04,2025-06-14,12.5,12.23,4,3,6,1,normal,0,6,29.0,36.333333333333336,3,33
USR_20803,USR_20803_C01,2025-04-10,12.5,12.15,7,3,6,1,less,0,4,,,0,39
USR_20803,USR_20803_C02,2025-05-19,12.5,12.02,7,3,6,1,normal,0,5,39.0,39.0,1,32
USR_20803,USR_20803_C03,2025-06-20,12.5,11.79,7,3,6,1,normal,0,6,32.0,35.5,2,27
USR_20803,USR_20803_C04,2025-07-17,12.5,12.18,7,3,6,1,normal,0,7,27.0,32.666666666666664,3,31
USR_20803,USR_20803_C05,2025-08-17,12.5,11.12,7,3,6,1,normal,0,8,31.0,32.25,4,26
USR_20803,USR_20803_C06,2025-09-12,12.5,11.82,7,3,6,1,less,0,9,26.0,31.0,5,29
USR_20803,USR_20803_C07,2025-10-11,12.5,11.63,7,3,6,1,normal,0,10,29.0,30.666666666666668,6,25
USR_20804,USR_20804_C01,2025-01-20,12.5,11.78,5,3,4,1,normal,1,1,,,0,32
USR_20804,USR_20804_C02,2025-02-21,12.5,11.35,5,3,4,1,normal,0,2,32.0,32.0,1,34
USR_20804,USR_20804_C03,2025-03-27,12.5,8.9,5,3,4,1,normal,0,3,34.0,33.0,2,24
USR_20804,USR_20804_C04,2025-04-20,12.5,11.83,5,3,4,1,normal,0,4,24.0,30.0,3,40
USR_20805,USR_20805_C01,2025-04-21,12.5,11.78,3,1,7,1,normal,0,4,,,0,41
USR_20805,USR_20805_C02,2025-06-01,12.5,7.24,3,1,7,1,more,0,6,41.0,41.0,1,22
USR_20808,USR_20808_C01,2025-02-01,12.5,11.57,4,2,7,0,normal,0,2,,,0,64
USR_20808,USR_20808_C02,2025-04-06,12.5,7.66,4,2,7,0,normal,0,4,64.0,64.0,1,40
USR_20809,USR_20809_C01,2025-02-27,12.5,11.73,3,2,7,0,normal,0,2,,,0,52
USR_20809,USR_20809_C02,2025-04-20,12.5,12.19,3,2,7,0,normal,0,4,52.0,52.0,1,50
USR_20809,USR_20809_C03,2025-06-09,12.5,9.7,3,2,7,0,normal,0,6,50.0,51.0,2,46
USR_20809,USR_20809_C04,2025-07-25,12.5,11.3,3,2,7,0,normal,0,7,46.0,49.333333333333336,3,47
USR_20809,USR_20809_C05,2025-09-10,12.5,11.53,3,2,7,0,normal,0,9,47.0,48.75,4,53
USR_20809,USR_20809_C06,2025-11-02,12.5,7.54,3,2,7,0,more,0,11,53.0,49.6,5,25
USR_20809,USR_20809_C07,2025-11-27,12.5,12.17,3,2,7,0,normal,0,11,25.0,45.5,6,52
USR_20809,USR_20809_C08,2026-01-18,12.5,8.22,3,2,7,0,normal,1,1,52.0,46.42857142857143,7,34
USR_20811,USR_20811_C01,2025-01-06,12.5,11.66,3,2,7,1,normal,1,1,,,0,38
USR_20811,USR_20811_C02,2025-02-13,12.5,11.7,3,2,7,1,normal,0,2,38.0,38.0,1,42
USR_20811,USR_20811_C03,2025-03-27,12.5,12.43,3,2,7,1,normal,0,3,42.0,40.0,2,45
USR_20811,USR_20811_C04,2025-05-11,12.5,9.13,3,2,7,1,less,0,5,45.0,41.666666666666664,3,38
USR_20811,USR_20811_C05,2025-06-18,12.5,12.32,3,2,7,1,less,0,6,38.0,40.75,4,56
USR_20811,USR_20811_C06,2025-08-13,12.5,12.01,3,2,7,1,normal,0,8,56.0,43.8,5,40
USR_20811,USR_20811_C07,2025-09-22,12.5,11.59,3,2,7,1,normal,0,9,40.0,43.166666666666664,6,37
USR_20811,USR_20811_C08,2025-10-29,12.5,12.25,3,2,7,1,normal,0,10,37.0,42.285714285714285,7,41
USR_20812,USR_20812_C01,2025-04-08,12.5,12.25,2,1,7,1,normal,0,4,,,0,68
USR_20812,USR_20812_C02,2025-06-15,12.5,12.37,2,1,7,1,normal,0,6,68.0,68.0,1,64
USR_20812,USR_20812_C03,2025-08-18,12.5,12.2,2,1,7,1,normal,0,8,64.0,66.0,2,63
USR_20812,USR_20812_C04,2025-10-20,12.5,8.12,2,1,7,1,normal,0,10,63.0,65.0,3,45
USR_20812,USR_20812_C05,2025-12-04,12.5,11.85,2,1,7,1,normal,1,12,45.0,60.0,4,60
USR_20812,USR_20812_C06,2026-02-02,12.5,11.83,2,1,7,1,normal,0,2,60.0,60.0,5,55
USR_20812,USR_20812_C07,2026-03-29,12.5,7.01,2,1,7,1,normal,0,3,55.0,59.166666666666664,6,37
USR_20812,USR_20812_C08,2026-05-05,12.5,12.16,2,1,7,1,normal,0,5,37.0,56.0,7,71
USR_20815,USR_20815_C01,2025-01-08,12.5,12.17,4,2,5,1,normal,1,1,,,0,39
USR_20815,USR_20815_C02,2025-02-16,12.5,7.42,4,2,5,1,more,0,2,39.0,39.0,1,20
USR_20815,USR_20815_C03,2025-03-08,12.5,11.98,4,2,5,1,normal,0,3,20.0,29.5,2,43
USR_20816,USR_20816_C01,2025-04-10,6.0,5.63,4,2,6,1,normal,0,4,,,0,21
USR_20816,USR_20816_C02,2025-05-01,6.0,5.98,4,2,6,1,more,0,5,21.0,21.0,1,16
USR_20816,USR_20816_C03,2025-05-17,6.0,5.89,4,2,6,1,normal,0,5,16.0,18.5,2,22
USR_20816,USR_20816_C04,2025-06-08,6.0,4.98,4,2,6,1,normal,0,6,22.0,19.666666666666668,3,18
USR_20816,USR_20816_C05,2025-06-26,6.0,5.89,4,2,6,1,normal,0,6,18.0,19.25,4,20
USR_20816,USR_20816_C06,2025-07-16,6.0,5.6,4,2,6,1,normal,0,7,20.0,19.4,5,19
USR_20816,USR_20816_C07,2025-08-04,6.0,5.87,4,2,6,1,less,0,8,19.0,19.333333333333332,6,29
USR_20817,USR_20817_C01,2025-01-17,12.5,12.03,4,2,7,1,normal,1,1,,,0,38
USR_20817,USR_20817_C02,2025-02-24,12.5,12.27,4,2,7,1,normal,0,2,38.0,38.0,1,37
USR_20817,USR_20817_C03,2025-04-02,12.5,12.23,4,2,7,1,normal,0,4,37.0,37.5,2,43
USR_20817,USR_20817_C04,2025-05-15,12.5,9.17,4,2,7,1,normal,0,5,43.0,39.333333333333336,3,32
USR_20817,USR_20817_C05,2025-06-16,12.5,11.78,4,2,7,1,normal,0,6,32.0,37.5,4,45
USR_20817,USR_20817_C06,2025-07-31,12.5,9.97,4,2,7,1,more,0,7,45.0,39.0,5,29
USR_20818,USR_20818_C01,2025-01-13,6.0,5.94,3,2,7,1,more,1,1,,,0,13
USR_20818,USR_20818_C02,2025-01-26,6.0,5.55,3,2,7,1,normal,1,1,13.0,13.0,1,18
USR_20818,USR_20818_C03,2025-02-13,6.0,5.54,3,2,7,1,normal,0,2,18.0,15.5,2,22
USR_20818,USR_20818_C04,2025-03-07,6.0,5.77,3,2,7,1,normal,0,3,22.0,17.666666666666668,3,19
USR_20818,USR_20818_C05,2025-03-26,6.0,5.53,3,2,7,1,normal,0,3,19.0,18.0,4,17
USR_20819,USR_20819_C01,2025-02-27,12.5,12.37,8,3,7,1,normal,0,2,,,0,39
USR_20819,USR_20819_C02,2025-04-07,12.5,12.37,8,3,7,1,normal,0,4,39.0,39.0,1,34
USR_20819,USR_20819_C03,2025-05-11,12.5,11.74,8,3,7,1,normal,0,5,34.0,36.5,2,31
USR_20819,USR_20819_C04,2025-06-11,12.5,11.63,8,3,7,1,normal,0,6,31.0,34.666666666666664,3,30
USR_20819,USR_20819_C05,2025-07-11,12.5,7.01,8,3,7,1,normal,0,7,30.0,33.5,4,22
USR_20819,USR_20819_C06,2025-08-02,12.5,12.06,8,3,7,1,normal,0,8,22.0,31.2,5,30
USR_20820,USR_20820_C01,2025-03-01,6.0,5.8,4,3,7,1,more,0,3,,,0,10
USR_20820,USR_20820_C02,2025-03-11,6.0,3.31,4,3,7,1,normal,0,3,10.0,10.0,1,7
USR_20820,USR_20820_C03,2025-03-18,6.0,4.14,4,3,7,1,more,0,3,7.0,8.5,2,6
USR_20820,USR_20820_C04,2025-03-24,6.0,5.94,4,3,7,1,normal,0,3,6.0,7.666666666666667,3,14
USR_20820,USR_20820_C05,2025-04-07,6.0,5.99,4,3,7,1,normal,0,4,14.0,9.25,4,9
USR_20820,USR_20820_C06,2025-04-16,6.0,5.6,4,3,7,1,more,0,4,9.0,9.2,5,9
USR_20820,USR_20820_C07,2025-04-25,6.0,5.69,4,3,7,1,normal,0,4,9.0,9.166666666666666,6,11
USR_20820,USR_20820_C08,2025-05-06,6.0,5.89,4,3,7,1,normal,0,5,11.0,9.428571428571429,7,12
USR_20821,USR_20821_C01,2025-04-08,6.0,5.69,3,2,7,1,normal,0,4,,,0,15
USR_20821,USR_20821_C02,2025-04-23,6.0,5.73,3,2,7,1,normal,0,4,15.0,15.0,1,20
USR_20821,USR_20821_C03,2025-05-13,6.0,5.79,3,2,7,1,more,0,5,20.0,17.5,2,14
USR_20821,USR_20821_C04,2025-05-27,6.0,5.53,3,2,7,1,more,0,5,14.0,16.333333333333332,3,13
USR_20821,USR_20821_C05,2025-06-09,6.0,4.05,3,2,7,1,normal,0,6,13.0,15.5,4,14
USR_20821,USR_20821_C06,2025-06-23,6.0,5.72,3,2,7,1,normal,0,6,14.0,15.2,5,20
USR_20821,USR_20821_C07,2025-07-13,6.0,5.81,3,2,7,1,less,0,7,20.0,16.0,6,23
USR_20821,USR_20821_C08,2025-08-05,6.0,5.26,3,2,7,1,normal,0,8,23.0,17.0,7,17
USR_20822,USR_20822_C01,2025-02-21,12.5,11.64,4,3,7,1,normal,0,2,,,0,29
USR_20822,USR_20822_C02,2025-03-22,12.5,9.92,4,3,7,1,normal,0,3,29.0,29.0,1,27
USR_20822,USR_20822_C03,2025-04-18,12.5,12.38,4,3,7,1,normal,0,4,27.0,28.0,2,28
USR_20822,USR_20822_C04,2025-05-16,12.5,12.4,4,3,7,1,normal,0,5,28.0,28.0,3,33
USR_20823,USR_20823_C01,2025-03-13,12.5,11.63,7,1,7,1,normal,0,3,,,0,23
USR_20823,USR_20823_C02,2025-04-05,12.5,11.93,7,1,7,1,normal,0,4,23.0,23.0,1,26
USR_20823,USR_20823_C03,2025-05-01,12.5,12.04,7,1,7,1,normal,0,5,26.0,24.5,2,24
USR_20823,USR_20823_C04,2025-05-25,12.5,12.3,7,1,7,1,more,0,5,24.0,24.333333333333332,3,22
USR_20823,USR_20823_C05,2025-06-16,12.5,12.19,7,1,7,1,normal,0,6,22.0,23.75,4,28
USR_20824,USR_20824_C01,2025-02-21,6.0,5.98,2,3,4,0,normal,0,2,,,0,40
USR_20824,USR_20824_C02,2025-04-02,6.0,5.68,2,3,4,0,normal,0,4,40.0,40.0,1,42
USR_20824,USR_20824_C03,2025-05-14,6.0,5.91,2,3,4,0,normal,0,5,42.0,41.0,2,41
USR_20824,USR_20824_C04,2025-06-24,6.0,5.99,2,3,4,0,normal,0,6,41.0,41.0,3,36
USR_20824,USR_20824_C05,2025-07-30,6.0,5.9,2,3,4,0,normal,0,7,36.0,39.75,4,47
USR_20824,USR_20824_C06,2025-09-15,6.0,5.57,2,3,4,0,more,0,9,47.0,41.2,5,30
USR_20826,USR_20826_C01,2025-04-09,6.0,4.96,3,3,5,1,normal,0,4,,,0,21
USR_20826,USR_20826_C02,2025-04-30,6.0,5.64,3,3,5,1,normal,0,4,21.0,21.0,1,21
USR_20826,USR_20826_C03,2025-05-21,6.0,5.99,3,3,5,1,normal,0,5,21.0,21.0,2,25
USR_20826,USR_20826_C04,2025-06-15,6.0,4.52,3,3,5,1,less,0,6,25.0,22.333333333333332,3,21
USR_20826,USR_20826_C05,2025-07-06,6.0,5.53,3,3,5,1,normal,0,7,21.0,22.0,4,20
USR_20826,USR_20826_C06,2025-07-26,6.0,5.65,3,3,5,1,normal,0,7,20.0,21.6,5,26
USR_20826,USR_20826_C07,2025-08-21,6.0,5.57,3,3,5,1,normal,0,8,26.0,22.333333333333332,6,25
USR_20827,USR_20827_C01,2025-03-05,6.0,4.88,5,1,5,1,normal,0,3,,,0,18
USR_20827,USR_20827_C02,2025-03-23,6.0,5.92,5,1,5,1,normal,0,3,18.0,18.0,1,21
USR_20827,USR_20827_C03,2025-04-13,6.0,4.44,5,1,5,1,normal,0,4,21.0,19.5,2,14
USR_20827,USR_20827_C04,2025-04-27,6.0,5.95,5,1,5,1,normal,0,4,14.0,17.666666666666668,3,17
USR_20827,USR_20827_C05,2025-05-14,6.0,5.62,5,1,5,1,normal,0,5,17.0,17.5,4,27
USR_20828,USR_20828_C01,2025-03-24,12.5,7.09,5,3,5,1,normal,0,3,,,0,23
USR_20828,USR_20828_C02,2025-04-16,12.5,11.89,5,3,5,1,normal,0,4,23.0,23.0,1,45
USR_20828,USR_20828_C03,2025-05-31,12.5,12.18,5,3,5,1,normal,0,5,45.0,34.0,2,41
USR_20828,USR_20828_C04,2025-07-11,12.5,12.23,5,3,5,1,normal,0,7,41.0,36.333333333333336,3,46
USR_20828,USR_20828_C05,2025-08-26,12.5,11.71,5,3,5,1,normal,0,8,46.0,38.75,4,44
USR_20828,USR_20828_C06,2025-10-09,12.5,11.91,5,3,5,1,normal,0,10,44.0,39.8,5,43
USR_20828,USR_20828_C07,2025-11-21,12.5,10.65,5,3,5,1,normal,0,11,43.0,40.333333333333336,6,38
USR_20828,USR_20828_C08,2025-12-29,12.5,9.28,5,3,5,1,normal,1,12,38.0,40.0,7,24
USR_20828,USR_20828_C09,2026-01-22,12.5,11.84,5,3,5,1,less,1,1,24.0,38.0,8,55
USR_20829,USR_20829_C01,2025-01-30,12.5,11.81,6,3,7,1,normal,1,1,,,0,29
USR_20829,USR_20829_C02,2025-02-28,12.5,11.93,6,3,7,1,normal,0,2,29.0,29.0,1,34
USR_20829,USR_20829_C03,2025-04-03,12.5,7.66,6,3,7,1,more,0,4,34.0,31.5,2,15
USR_20829,USR_20829_C04,2025-04-18,12.5,9.53,6,3,7,1,normal,0,4,15.0,26.0,3,26
USR_20829,USR_20829_C05,2025-05-14,12.5,12.36,6,3,7,1,normal,0,5,26.0,26.0,4,33
USR_20829,USR_20829_C06,2025-06-16,12.5,12.38,6,3,7,1,normal,0,6,33.0,27.4,5,33
USR_20830,USR_20830_C01,2025-01-12,6.0,3.44,4,3,7,0,less,1,1,,,0,18
USR_20830,USR_20830_C02,2025-01-30,6.0,5.83,4,3,7,0,normal,1,1,18.0,18.0,1,26
USR_20830,USR_20830_C03,2025-02-25,6.0,5.8,4,3,7,0,normal,0,2,26.0,22.0,2,21
USR_20830,USR_20830_C04,2025-03-18,6.0,5.96,4,3,7,0,normal,0,3,21.0,21.666666666666668,3,22
USR_20830,USR_20830_C05,2025-04-09,6.0,5.67,4,3,7,0,normal,0,4,22.0,21.75,4,22
USR_20830,USR_20830_C06,2025-05-01,6.0,5.59,4,3,7,0,normal,0,5,22.0,21.8,5,23
USR_20831,USR_20831_C01,2025-04-19,6.0,5.8,4,3,7,1,less,0,4,,,0,20
USR_20831,USR_20831_C02,2025-05-09,6.0,5.59,4,3,7,1,more,0,5,20.0,20.0,1,11
USR_20831,USR_20831_C03,2025-05-20,6.0,3.63,4,3,7,1,normal,0,5,11.0,15.5,2,9
USR_20831,USR_20831_C04,2025-05-29,6.0,4.83,4,3,7,1,normal,0,5,9.0,13.333333333333334,3,13
USR_20831,USR_20831_C05,2025-06-11,6.0,5.8,4,3,7,1,normal,0,6,13.0,13.25,4,15
USR_20832,USR_20832_C01,2025-01-14,6.0,5.71,2,2,7,0,more,1,1,,,0,32
USR_20832,USR_20832_C02,2025-02-15,6.0,5.86,2,2,7,0,normal,0,2,32.0,32.0,1,39
USR_20832,USR_20832_C03,2025-03-26,6.0,5.98,2,2,7,0,normal,0,3,39.0,35.5,2,46
USR_20832,USR_20832_C04,2025-05-11,6.0,5.64,2,2,7,0,normal,0,5,46.0,39.0,3,30
USR_20832,USR_20832_C05,2025-06-10,6.0,5.96,2,2,7,0,more,0,6,30.0,36.75,4,30
USR_20832,USR_20832_C06,2025-07-10,6.0,5.82,2,2,7,0,normal,0,7,30.0,35.4,5,34
USR_20832,USR_20832_C07,2025-08-13,6.0,3.48,2,2,7,0,more,0,8,34.0,35.166666666666664,6,21
USR_20832,USR_20832_C08,2025-09-03,6.0,5.73,2,2,7,0,normal,0,9,21.0,33.142857142857146,7,39
USR_20832,USR_20832_C09,2025-10-12,6.0,5.93,2,2,7,0,normal,0,10,39.0,33.875,8,34
USR_20833,USR_20833_C01,2025-02-24,6.0,5.73,2,1,5,1,normal,0,2,,,0,27
USR_20833,USR_20833_C02,2025-03-23,6.0,5.7,2,1,5,1,normal,0,3,27.0,27.0,1,26
USR_20833,USR_20833_C03,2025-04-18,6.0,5.91,2,1,5,1,less,0,4,26.0,26.5,2,36
USR_20833,USR_20833_C04,2025-05-24,6.0,5.75,2,1,5,1,normal,0,5,36.0,29.666666666666668,3,29
USR_20833,USR_20833_C05,2025-06-22,6.0,5.94,2,1,5,1,less,0,6,29.0,29.5,4,33
USR_20833,USR_20833_C06,2025-07-25,6.0,4.5,2,1,5,1,normal,0,7,33.0,30.2,5,23
USR_20834,USR_20834_C01,2025-04-10,12.5,10.82,4,3,7,1,normal,0,4,,,0,35
USR_20834,USR_20834_C02,2025-05-15,12.5,12.27,4,3,7,1,normal,0,5,35.0,35.0,1,36
USR_20834,USR_20834_C03,2025-06-20,12.5,12.01,4,3,7,1,normal,0,6,36.0,35.5,2,29
USR_20834,USR_20834_C04,2025-07-19,12.5,11.94,4,3,7,1,normal,0,7,29.0,33.333333333333336,3,32
USR_20834,USR_20834_C05,2025-08-20,12.5,12.24,4,3,7,1,normal,0,8,32.0,33.0,4,37
USR_20834,USR_20834_C06,2025-09-26,12.5,11.9,4,3,7,1,normal,0,9,37.0,33.8,5,35
USR_20835,USR_20835_C01,2025-02-09,12.5,12.09,3,2,7,1,normal,0,2,,,0,37
USR_20835,USR_20835_C02,2025-03-18,12.5,12.24,3,2,7,1,normal,0,3,37.0,37.0,1,48
USR_20835,USR_20835_C03,2025-05-05,12.5,12.09,3,2,7,1,less,0,5,48.0,42.5,2,52
USR_20835,USR_20835_C04,2025-06-26,12.5,8.07,3,2,7,1,normal,0,6,52.0,45.666666666666664,3,37
USR_20837,USR_20837_C01,2025-01-30,12.5,12.24,7,2,4,1,normal,1,1,,,0,32
USR_20837,USR_20837_C02,2025-03-03,12.5,11.61,7,2,4,1,normal,0,3,32.0,32.0,1,41
USR_20838,USR_20838_C01,2025-01-11,12.5,11.61,4,2,6,1,normal,1,1,,,0,31
USR_20838,USR_20838_C02,2025-02-11,12.5,12.41,4,2,6,1,more,0,2,31.0,31.0,1,28
USR_20838,USR_20838_C03,2025-03-11,12.5,12.3,4,2,6,1,normal,0,3,28.0,29.5,2,36
USR_20838,USR_20838_C04,2025-04-16,12.5,12.2,4,2,6,1,normal,0,4,36.0,31.666666666666668,3,33
USR_20838,USR_20838_C05,2025-05-19,12.5,11.76,4,2,6,1,normal,0,5,33.0,32.0,4,33
USR_20838,USR_20838_C06,2025-06-21,12.5,8.87,4,2,6,1,normal,0,6,33.0,32.2,5,22
USR_20839,USR_20839_C01,2025-03-21,6.0,5.59,3,2,6,1,normal,0,3,,,0,23
USR_20839,USR_20839_C02,2025-04-13,6.0,3.38,3,2,6,1,more,0,4,23.0,23.0,1,11
USR_20839,USR_20839_C03,2025-04-24,6.0,5.63,3,2,6,1,normal,0,4,11.0,17.0,2,20
USR_20839,USR_20839_C04,2025-05-14,6.0,5.85,3,2,6,1,normal,0,5,20.0,18.0,3,20
USR_20839,USR_20839_C05,2025-06-03,6.0,5.63,3,2,6,1,normal,0,6,20.0,18.5,4,21
USR_20839,USR_20839_C06,2025-06-24,6.0,5.79,3,2,6,1,more,0,6,21.0,19.0,5,17
USR_20839,USR_20839_C07,2025-07-11,6.0,3.69,3,2,6,1,normal,0,7,17.0,18.666666666666668,6,16
USR_20839,USR_20839_C08,2025-07-27,6.0,4.83,3,2,6,1,normal,0,7,16.0,18.285714285714285,7,18
USR_20840,USR_20840_C01,2025-03-21,12.5,12.01,6,2,6,1,normal,0,3,,,0,25
USR_20840,USR_20840_C02,2025-04-15,12.5,12.41,6,2,6,1,normal,0,4,25.0,25.0,1,22
USR_20840,USR_20840_C03,2025-05-07,12.5,12.14,6,2,6,1,normal,0,5,22.0,23.5,2,25
USR_20840,USR_20840_C04,2025-06-01,12.5,11.92,6,2,6,1,normal,0,6,25.0,24.0,3,24
USR_20840,USR_20840_C05,2025-06-25,12.5,12.33,6,2,6,1,more,0,6,24.0,24.0,4,19
USR_20840,USR_20840_C06,2025-07-14,12.5,10.2,6,2,6,1,normal,0,7,19.0,23.0,5,19
USR_20840,USR_20840_C07,2025-08-02,12.5,12.49,6,2,6,1,normal,0,8,19.0,22.333333333333332,6,23
USR_20840,USR_20840_C08,2025-08-25,12.5,7.6,6,2,6,1,normal,0,8,23.0,22.428571428571427,7,15
USR_20841,USR_20841_C01,2025-01-31,12.5,12.3,6,3,7,1,more,1,1,,,0,26
USR_20841,USR_20841_C02,2025-02-26,12.5,12.26,6,3,7,1,normal,0,2,26.0,26.0,1,35
USR_20841,USR_20841_C03,2025-04-02,12.5,11.76,6,3,7,1,normal,0,4,35.0,30.5,2,33
USR_20841,USR_20841_C04,2025-05-05,12.5,12.43,6,3,7,1,normal,0,5,33.0,31.333333333333332,3,31
USR_20841,USR_20841_C05,2025-06-05,12.5,11.69,6,3,7,1,normal,0,6,31.0,31.25,4,41
USR_20841,USR_20841_C06,2025-07-16,12.5,11.95,6,3,7,1,normal,0,7,41.0,33.2,5,44
USR_20841,USR_20841_C07,2025-08-29,12.5,11.85,6,3,7,1,normal,0,8,44.0,35.0,6,36
USR_20842,USR_20842_C01,2025-02-05,6.0,3.59,3,1,7,0,normal,0,2,,,0,16
USR_20842,USR_20842_C02,2025-02-21,6.0,5.66,3,1,7,0,normal,0,2,16.0,16.0,1,31
USR_20842,USR_20842_C03,2025-03-24,6.0,4.76,3,1,7,0,normal,0,3,31.0,23.5,2,31
USR_20842,USR_20842_C04,2025-04-24,6.0,5.71,3,1,7,0,normal,0,4,31.0,26.0,3,30
USR_20842,USR_20842_C05,2025-05-24,6.0,4.93,3,1,7,0,less,0,5,30.0,27.0,4,30
USR_20842,USR_20842_C06,2025-06-23,6.0,5.92,3,1,7,0,normal,0,6,30.0,27.6,5,35
USR_20844,USR_20844_C01,2025-01-04,12.5,11.85,5,3,7,1,normal,1,1,,,0,31
USR_20844,USR_20844_C02,2025-02-04,12.5,11.62,5,3,7,1,more,0,2,31.0,31.0,1,25
USR_20844,USR_20844_C03,2025-03-01,12.5,11.68,5,3,7,1,normal,0,3,25.0,28.0,2,30
USR_20844,USR_20844_C04,2025-03-31,12.5,11.63,5,3,7,1,less,0,3,30.0,28.666666666666668,3,37
USR_20845,USR_20845_C01,2025-03-07,12.5,8.36,8,3,5,1,normal,0,3,,,0,22
USR_20845,USR_20845_C02,2025-03-29,12.5,11.65,8,3,5,1,normal,0,3,22.0,22.0,1,30
USR_20845,USR_20845_C03,2025-04-28,12.5,12.13,8,3,5,1,less,0,4,30.0,26.0,2,29
USR_20845,USR_20845_C04,2025-05-27,12.5,9.25,8,3,5,1,normal,0,5,29.0,27.0,3,22
USR_20845,USR_20845_C05,2025-06-18,12.5,8.73,8,3,5,1,normal,0,6,22.0,25.75,4,17
USR_20846,USR_20846_C01,2025-01-16,6.0,5.35,4,2,7,1,normal,1,1,,,0,17
USR_20846,USR_20846_C02,2025-02-02,6.0,3.32,4,2,7,1,normal,0,2,17.0,17.0,1,12
USR_20846,USR_20846_C03,2025-02-14,6.0,5.55,4,2,7,1,normal,0,2,12.0,14.5,2,17
USR_20846,USR_20846_C04,2025-03-03,6.0,5.6,4,2,7,1,normal,0,3,17.0,15.333333333333334,3,18
USR_20846,USR_20846_C05,2025-03-21,6.0,5.52,4,2,7,1,less,0,3,18.0,16.0,4,21
USR_20846,USR_20846_C06,2025-04-11,6.0,5.79,4,2,7,1,normal,0,4,21.0,17.0,5,17
USR_20846,USR_20846_C07,2025-04-28,6.0,5.67,4,2,7,1,normal,0,4,17.0,17.0,6,17
USR_20846,USR_20846_C08,2025-05-15,6.0,5.74,4,2,7,1,less,0,5,17.0,17.0,7,25
USR_20846,USR_20846_C09,2025-06-09,6.0,5.94,4,2,7,1,normal,0,6,25.0,18.0,8,20
USR_20848,USR_20848_C01,2025-02-25,12.5,11.99,6,2,7,1,normal,0,2,,,0,38
USR_20848,USR_20848_C02,2025-04-04,12.5,12.01,6,2,7,1,normal,0,4,38.0,38.0,1,36
USR_20848,USR_20848_C03,2025-05-10,12.5,11.75,6,2,7,1,normal,0,5,36.0,37.0,2,38
USR_20848,USR_20848_C04,2025-06-17,12.5,11.72,6,2,7,1,normal,0,6,38.0,37.333333333333336,3,32
USR_20848,USR_20848_C05,2025-07-19,12.5,11.97,6,2,7,1,normal,0,7,32.0,36.0,4,43
USR_20849,USR_20849_C01,2025-01-23,12.5,11.92,7,2,6,0,normal,1,1,,,0,66
USR_20849,USR_20849_C02,2025-03-30,12.5,12.02,7,2,6,0,more,0,3,66.0,66.0,1,56
USR_20849,USR_20849_C03,2025-05-25,12.5,8.29,7,2,6,0,normal,0,5,56.0,61.0,2,44
USR_20849,USR_20849_C04,2025-07-08,12.5,11.71,7,2,6,0,normal,0,7,44.0,55.333333333333336,3,68
USR_20849,USR_20849_C05,2025-09-14,12.5,11.91,7,2,6,0,normal,0,9,68.0,58.5,4,75
USR_20849,USR_20849_C06,2025-11-28,12.5,11.75,7,2,6,0,normal,0,11,75.0,61.8,5,68
USR_20849,USR_20849_C07,2026-02-04,12.5,12.48,7,2,6,0,normal,0,2,68.0,62.833333333333336,6,68
USR_20849,USR_20849_C08,2026-04-13,12.5,11.76,7,2,6,0,normal,0,4,68.0,63.57142857142857,7,62
USR_20849,USR_20849_C09,2026-06-14,12.5,11.61,7,2,6,0,normal,0,6,62.0,63.375,8,62
USR_20849,USR_20849_C10,2026-08-15,12.5,9.11,7,2,6,0,normal,0,8,62.0,63.22222222222222,9,51
USR_20850,USR_20850_C01,2025-01-01,12.5,12.2,6,3,7,1,normal,1,1,,,0,48
USR_20850,USR_20850_C02,2025-02-18,12.5,11.11,6,3,7,1,normal,0,2,48.0,48.0,1,45
USR_20850,USR_20850_C03,2025-04-04,12.5,12.42,6,3,7,1,more,0,4,45.0,46.5,2,40
USR_20850,USR_20850_C04,2025-05-14,12.5,11.3,6,3,7,1,normal,0,5,40.0,44.333333333333336,3,41
USR_20850,USR_20850_C05,2025-06-24,12.5,12.1,6,3,7,1,less,0,6,41.0,43.5,4,61
USR_20850,USR_20850_C06,2025-08-24,12.5,11.91,6,3,7,1,normal,0,8,61.0,47.0,5,50
USR_20850,USR_20850_C07,2025-10-13,12.5,7.4,6,3,7,1,less,0,10,50.0,47.5,6,42
USR_20850,USR_20850_C08,2025-11-24,12.5,11.94,6,3,7,1,less,0,11,42.0,46.714285714285715,7,58
USR_20850,USR_20850_C09,2026-01-21,12.5,12.35,6,3,7,1,normal,1,1,58.0,48.125,8,49
USR_20850,USR_20850_C10,2026-03-11,12.5,11.59,6,3,7,1,normal,0,3,49.0,48.22222222222222,9,51
USR_20850,USR_20850_C11,2026-05-01,12.5,10.28,6,3,7,1,normal,0,5,51.0,48.5,10,43
USR_20851,USR_20851_C01,2025-02-18,12.5,11.97,3,3,7,1,more,0,2,,,0,24
USR_20851,USR_20851_C02,2025-03-14,12.5,11.99,3,3,7,1,normal,0,3,24.0,24.0,1,34
USR_20851,USR_20851_C03,2025-04-17,12.5,12.28,3,3,7,1,normal,0,4,34.0,29.0,2,36
USR_20851,USR_20851_C04,2025-05-23,12.5,11.95,3,3,7,1,normal,0,5,36.0,31.333333333333332,3,30
USR_20851,USR_20851_C05,2025-06-22,12.5,11.73,3,3,7,1,normal,0,6,30.0,31.0,4,41
USR_20851,USR_20851_C06,2025-08-02,12.5,12.25,3,3,7,1,less,0,8,41.0,33.0,5,49
USR_20852,USR_20852_C01,2025-04-28,6.0,5.4,3,2,7,1,normal,0,4,,,0,17
USR_20852,USR_20852_C02,2025-05-15,6.0,5.91,3,2,7,1,normal,0,5,17.0,17.0,1,18
USR_20852,USR_20852_C03,2025-06-02,6.0,5.7,3,2,7,1,less,0,6,18.0,17.5,2,24
USR_20852,USR_20852_C04,2025-06-26,6.0,5.57,3,2,7,1,normal,0,6,24.0,19.666666666666668,3,17
USR_20852,USR_20852_C05,2025-07-13,6.0,4.4,3,2,7,1,normal,0,7,17.0,19.0,4,13
USR_20852,USR_20852_C06,2025-07-26,6.0,3.82,3,2,7,1,less,0,7,13.0,17.8,5,12
USR_20854,USR_20854_C01,2025-03-16,12.5,7.06,3,2,5,1,normal,0,3,,,0,16
USR_20854,USR_20854_C02,2025-04-01,12.5,12.0,3,2,5,1,normal,0,4,16.0,16.0,1,30
USR_20854,USR_20854_C03,2025-05-01,12.5,12.31,3,2,5,1,normal,0,5,30.0,23.0,2,27
USR_20854,USR_20854_C04,2025-05-28,12.5,11.32,3,2,5,1,less,0,5,27.0,24.333333333333332,3,37
USR_20854,USR_20854_C05,2025-07-04,12.5,11.54,3,2,5,1,normal,0,7,37.0,27.5,4,28
USR_20854,USR_20854_C06,2025-08-01,12.5,12.43,3,2,5,1,normal,0,8,28.0,27.6,5,31
USR_20854,USR_20854_C07,2025-09-01,12.5,12.4,3,2,5,1,normal,0,9,31.0,28.166666666666668,6,32
USR_20854,USR_20854_C08,2025-10-03,12.5,12.06,3,2,5,1,normal,0,10,32.0,28.714285714285715,7,32
USR_20855,USR_20855_C01,2025-03-16,12.5,11.62,5,2,7,1,normal,0,3,,,0,36
USR_20855,USR_20855_C02,2025-04-21,12.5,9.73,5,2,7,1,less,0,4,36.0,36.0,1,40
USR_20855,USR_20855_C03,2025-05-31,12.5,11.55,5,2,7,1,normal,0,5,40.0,38.0,2,41
USR_20856,USR_20856_C01,2025-04-01,6.0,5.53,6,2,5,1,normal,0,4,,,0,21
USR_20856,USR_20856_C02,2025-04-22,6.0,5.52,6,2,5,1,normal,0,4,21.0,21.0,1,20
USR_20856,USR_20856_C03,2025-05-12,6.0,5.28,6,2,5,1,normal,0,5,20.0,20.5,2,21
USR_20856,USR_20856_C04,2025-06-02,6.0,5.97,6,2,5,1,normal,0,6,21.0,20.666666666666668,3,24
USR_20856,USR_20856_C05,2025-06-26,6.0,5.76,6,2,5,1,more,0,6,24.0,21.5,4,18
USR_20857,USR_20857_C01,2025-04-30,12.5,7.68,5,3,6,0,normal,0,4,,,0,28
USR_20857,USR_20857_C02,2025-05-28,12.5,11.8,5,3,6,0,normal,0,5,28.0,28.0,1,56
USR_20857,USR_20857_C03,2025-07-23,12.5,12.45,5,3,6,0,normal,0,7,56.0,42.0,2,55
USR_20857,USR_20857_C04,2025-09-16,12.5,12.46,5,3,6,0,normal,0,9,55.0,46.333333333333336,3,55
USR_20858,USR_20858_C01,2025-02-10,12.5,12.06,4,3,5,0,normal,0,2,,,0,52
USR_20858,USR_20858_C02,2025-04-03,12.5,11.54,4,3,5,0,normal,0,4,52.0,52.0,1,51
USR_20858,USR_20858_C03,2025-05-24,12.5,11.53,4,3,5,0,normal,0,5,51.0,51.5,2,49
USR_20858,USR_20858_C04,2025-07-12,12.5,7.83,4,3,5,0,normal,0,7,49.0,50.666666666666664,3,33
USR_20858,USR_20858_C05,2025-08-14,12.5,12.07,4,3,5,0,normal,0,8,33.0,46.25,4,49
USR_20858,USR_20858_C06,2025-10-02,12.5,12.11,4,3,5,0,normal,0,10,49.0,46.8,5,47
USR_20859,USR_20859_C01,2025-04-18,12.5,11.67,2,2,7,1,normal,0,4,,,0,51
USR_20859,USR_20859_C02,2025-06-08,12.5,8.23,2,2,7,1,less,0,6,51.0,51.0,1,45
USR_20859,USR_20859_C03,2025-07-23,12.5,11.66,2,2,7,1,normal,0,7,45.0,48.0,2,46
USR_20859,USR_20859_C04,2025-09-07,12.5,12.18,2,2,7,1,normal,0,9,46.0,47.333333333333336,3,50
USR_20859,USR_20859_C05,2025-10-27,12.5,11.96,2,2,7,1,normal,0,10,50.0,48.0,4,58
USR_20859,USR_20859_C06,2025-12-24,12.5,12.27,2,2,7,1,normal,1,12,58.0,50.0,5,45
USR_20859,USR_20859_C07,2026-02-07,12.5,12.25,2,2,7,1,normal,0,2,45.0,49.166666666666664,6,51
USR_20860,USR_20860_C01,2025-02-06,12.5,11.96,8,3,6,1,normal,0,2,,,0,23
USR_20860,USR_20860_C02,2025-03-01,12.5,11.77,8,3,6,1,normal,0,3,23.0,23.0,1,18
USR_20861,USR_20861_C01,2025-03-12,6.0,5.96,2,2,7,1,more,0,3,,,0,15
USR_20861,USR_20861_C02,2025-03-27,6.0,4.11,2,2,7,1,normal,0,3,15.0,15.0,1,12
USR_20861,USR_20861_C03,2025-04-08,6.0,3.37,2,2,7,1,less,0,4,12.0,13.5,2,15
USR_20861,USR_20861_C04,2025-04-23,6.0,5.95,2,2,7,1,normal,0,4,15.0,14.0,3,15
USR_20861,USR_20861_C05,2025-05-08,6.0,4.74,2,2,7,1,normal,0,5,15.0,14.25,4,12
USR_20861,USR_20861_C06,2025-05-20,6.0,4.38,2,2,7,1,normal,0,5,12.0,13.8,5,11
USR_20861,USR_20861_C07,2025-05-31,6.0,5.87,2,2,7,1,normal,0,5,11.0,13.333333333333334,6,16
USR_20861,USR_20861_C08,2025-06-16,6.0,5.05,2,2,7,1,normal,0,6,16.0,13.714285714285714,7,14
USR_20862,USR_20862_C01,2025-02-03,12.5,12.37,2,3,6,1,normal,0,2,,,0,34
USR_20862,USR_20862_C02,2025-03-09,12.5,12.47,2,3,6,1,normal,0,3,34.0,34.0,1,39
USR_20862,USR_20862_C03,2025-04-17,12.5,12.11,2,3,6,1,normal,0,4,39.0,36.5,2,43
USR_20862,USR_20862_C04,2025-05-30,12.5,11.7,2,3,6,1,more,0,5,43.0,38.666666666666664,3,26
USR_20862,USR_20862_C05,2025-06-25,12.5,12.19,2,3,6,1,normal,0,6,26.0,35.5,4,39
USR_20863,USR_20863_C01,2025-03-05,12.5,7.8,4,2,7,1,normal,0,3,,,0,21
USR_20863,USR_20863_C02,2025-03-26,12.5,9.27,4,2,7,1,normal,0,3,21.0,21.0,1,27
USR_20863,USR_20863_C03,2025-04-22,12.5,9.42,4,2,7,1,less,0,4,27.0,24.0,2,38
USR_20864,USR_20864_C01,2025-04-04,12.5,12.44,3,2,7,0,normal,0,4,,,0,75
USR_20864,USR_20864_C02,2025-06-18,12.5,12.07,3,2,7,0,normal,0,6,75.0,75.0,1,75
USR_20864,USR_20864_C03,2025-09-01,12.5,11.59,3,2,7,0,normal,0,9,75.0,75.0,2,72
USR_20865,USR_20865_C01,2025-04-03,12.5,11.58,4,3,7,1,more,0,4,,,0,19
USR_20865,USR_20865_C02,2025-04-22,12.5,10.05,4,3,7,1,normal,0,4,19.0,19.0,1,16
USR_20865,USR_20865_C03,2025-05-08,12.5,12.04,4,3,7,1,normal,0,5,16.0,17.5,2,23
USR_20865,USR_20865_C04,2025-05-31,12.5,8.82,4,3,7,1,normal,0,5,23.0,19.333333333333332,3,17
USR_20865,USR_20865_C05,2025-06-17,12.5,12.47,4,3,7,1,normal,0,6,17.0,18.75,4,25
USR_20865,USR_20865_C06,2025-07-12,12.5,11.72,4,3,7,1,normal,0,7,25.0,20.0,5,21
USR_20865,USR_20865_C07,2025-08-02,12.5,8.0,4,3,7,1,normal,0,8,21.0,20.166666666666668,6,15
USR_20865,USR_20865_C08,2025-08-17,12.5,11.65,4,3,7,1,normal,0,8,15.0,19.428571428571427,7,23
USR_20866,USR_20866_C01,2025-04-18,12.5,12.38,5,2,6,1,normal,0,4,,,0,36
USR_20866,USR_20866_C02,2025-05-24,12.5,12.42,5,2,6,1,normal,0,5,36.0,36.0,1,34
USR_20866,USR_20866_C03,2025-06-27,12.5,7.09,5,2,6,1,normal,0,6,34.0,35.0,2,23
USR_20866,USR_20866_C04,2025-07-20,12.5,12.25,5,2,6,1,normal,0,7,23.0,31.0,3,33
USR_20866,USR_20866_C05,2025-08-22,12.5,11.85,5,2,6,1,normal,0,8,33.0,31.5,4,39
USR_20866,USR_20866_C06,2025-09-30,12.5,11.68,5,2,6,1,normal,0,9,39.0,33.0,5,32
USR_20867,USR_20867_C01,2025-03-17,12.5,8.82,4,2,5,1,more,0,3,,,0,26
USR_20867,USR_20867_C02,2025-04-12,12.5,11.62,4,2,5,1,normal,0,4,26.0,26.0,1,45
USR_20867,USR_20867_C03,2025-05-27,12.5,11.68,4,2,5,1,normal,0,5,45.0,35.5,2,43
USR_20867,USR_20867_C04,2025-07-09,12.5,10.84,4,2,5,1,normal,0,7,43.0,38.0,3,42
USR_20870,USR_20870_C01,2025-03-30,12.5,7.29,2,3,7,1,normal,0,3,,,0,20
USR_20870,USR_20870_C02,2025-04-19,12.5,12.36,2,3,7,1,less,0,4,20.0,20.0,1,51
USR_20870,USR_20870_C03,2025-06-09,12.5,11.77,2,3,7,1,normal,0,6,51.0,35.5,2,40
USR_20870,USR_20870_C04,2025-07-19,12.5,11.9,2,3,7,1,normal,0,7,40.0,37.0,3,35
USR_20870,USR_20870_C05,2025-08-23,12.5,8.65,2,3,7,1,normal,0,8,35.0,36.5,4,25
USR_20870,USR_20870_C06,2025-09-17,12.5,12.35,2,3,7,1,normal,0,9,25.0,34.2,5,37
USR_20870,USR_20870_C07,2025-10-24,12.5,10.33,2,3,7,1,normal,0,10,37.0,34.666666666666664,6,26
USR_20870,USR_20870_C08,2025-11-19,12.5,12.41,2,3,7,1,normal,0,11,26.0,33.42857142857143,7,28
USR_20870,USR_20870_C09,2025-12-17,12.5,12.31,2,3,7,1,normal,1,12,28.0,32.75,8,36
USR_20870,USR_20870_C10,2026-01-22,12.5,12.01,2,3,7,1,less,1,1,36.0,33.111111111111114,9,40
USR_20870,USR_20870_C11,2026-03-03,12.5,12.29,2,3,7,1,normal,0,3,40.0,33.8,10,34
USR_20870,USR_20870_C12,2026-04-06,12.5,12.29,2,3,7,1,normal,0,4,34.0,33.81818181818182,11,42
USR_20871,USR_20871_C01,2025-04-13,6.0,5.87,2,2,6,1,normal,0,4,,,0,27
USR_20871,USR_20871_C02,2025-05-10,6.0,5.65,2,2,6,1,normal,0,5,27.0,27.0,1,21
USR_20871,USR_20871_C03,2025-05-31,6.0,5.94,2,2,6,1,normal,0,5,21.0,24.0,2,22
USR_20871,USR_20871_C04,2025-06-22,6.0,5.61,2,2,6,1,normal,0,6,22.0,23.333333333333332,3,20
USR_20871,USR_20871_C05,2025-07-12,6.0,5.56,2,2,6,1,normal,0,7,20.0,22.5,4,22
USR_20871,USR_20871_C06,2025-08-03,6.0,5.99,2,2,6,1,normal,0,8,22.0,22.4,5,23
USR_20872,USR_20872_C01,2025-01-01,12.5,12.29,4,1,7,1,normal,1,1,,,0,42
USR_20872,USR_20872_C02,2025-02-12,12.5,11.96,4,1,7,1,normal,0,2,42.0,42.0,1,48
USR_20872,USR_20872_C03,2025-04-01,12.5,12.46,4,1,7,1,normal,0,4,48.0,45.0,2,43
USR_20872,USR_20872_C04,2025-05-14,12.5,11.96,4,1,7,1,normal,0,5,43.0,44.333333333333336,3,43
USR_20872,USR_20872_C05,2025-06-26,12.5,12.5,4,1,7,1,normal,0,6,43.0,44.0,4,43
USR_20872,USR_20872_C06,2025-08-08,12.5,12.05,4,1,7,1,normal,0,8,43.0,43.8,5,47
USR_20873,USR_20873_C01,2025-02-16,12.5,8.75,3,2,7,1,normal,0,2,,,0,34
USR_20873,USR_20873_C02,2025-03-22,12.5,11.85,3,2,7,1,normal,0,3,34.0,34.0,1,45
USR_20873,USR_20873_C03,2025-05-06,12.5,11.96,3,2,7,1,normal,0,5,45.0,39.5,2,60
USR_20873,USR_20873_C04,2025-07-05,12.5,11.69,3,2,7,1,normal,0,7,60.0,46.333333333333336,3,61
USR_20873,USR_20873_C05,2025-09-04,12.5,12.04,3,2,7,1,normal,0,9,61.0,50.0,4,55
USR_20874,USR_20874_C01,2025-01-27,12.5,11.85,5,2,7,1,normal,1,1,,,0,28
USR_20874,USR_20874_C02,2025-02-24,12.5,12.07,5,2,7,1,normal,0,2,28.0,28.0,1,34
USR_20874,USR_20874_C03,2025-03-30,12.5,8.6,5,2,7,1,normal,0,3,34.0,31.0,2,23
USR_20874,USR_20874_C04,2025-04-22,12.5,12.25,5,2,7,1,less,0,4,23.0,28.333333333333332,3,40
USR_20874,USR_20874_C05,2025-06-01,12.5,7.27,5,2,7,1,less,0,6,40.0,31.25,4,26
USR_20874,USR_20874_C06,2025-06-27,12.5,11.53,5,2,7,1,normal,0,6,26.0,30.2,5,32
USR_20874,USR_20874_C07,2025-07-29,12.5,12.09,5,2,7,1,normal,0,7,32.0,30.5,6,32
USR_20875,USR_20875_C01,2025-01-26,12.5,12.2,3,1,7,1,normal,1,1,,,0,48
USR_20875,USR_20875_C02,2025-03-15,12.5,12.38,3,1,7,1,normal,0,3,48.0,48.0,1,48
USR_20875,USR_20875_C03,2025-05-02,12.5,11.99,3,1,7,1,normal,0,5,48.0,48.0,2,51
USR_20875,USR_20875_C04,2025-06-22,12.5,11.96,3,1,7,1,normal,0,6,51.0,49.0,3,50
USR_20875,USR_20875_C05,2025-08-11,12.5,12.23,3,1,7,1,normal,0,8,50.0,49.25,4,57
USR_20875,USR_20875_C06,2025-10-07,12.5,11.92,3,1,7,1,normal,0,10,57.0,50.8,5,51
USR_20875,USR_20875_C07,2025-11-27,12.5,10.01,3,1,7,1,normal,0,11,51.0,50.833333333333336,6,36
USR_20876,USR_20876_C01,2025-04-17,12.5,12.01,4,2,7,1,more,0,4,,,0,26
USR_20876,USR_20876_C02,2025-05-13,12.5,12.4,4,2,7,1,normal,0,5,26.0,26.0,1,38
USR_20876,USR_20876_C03,2025-06-20,12.5,11.91,4,2,7,1,normal,0,6,38.0,32.0,2,35
USR_20876,USR_20876_C04,2025-07-25,12.5,11.82,4,2,7,1,normal,0,7,35.0,33.0,3,33
USR_20876,USR_20876_C05,2025-08-27,12.5,11.57,4,2,7,1,normal,0,8,33.0,33.0,4,31
USR_20877,USR_20877_C01,2025-02-26,6.0,5.89,3,3,6,1,normal,0,2,,,0,21
USR_20877,USR_20877_C02,2025-03-19,6.0,5.14,3,3,6,1,normal,0,3,21.0,21.0,1,19
USR_20878,USR_20878_C01,2025-03-26,12.5,11.72,4,2,7,1,normal,0,3,,,0,34
USR_20878,USR_20878_C02,2025-04-29,12.5,12.21,4,2,7,1,normal,0,4,34.0,34.0,1,39
USR_20878,USR_20878_C03,2025-06-07,12.5,10.85,4,2,7,1,normal,0,6,39.0,36.5,2,39
USR_20878,USR_20878_C04,2025-07-16,12.5,12.14,4,2,7,1,normal,0,7,39.0,37.333333333333336,3,42
USR_20878,USR_20878_C05,2025-08-27,12.5,11.81,4,2,7,1,normal,0,8,42.0,38.5,4,38
USR_20878,USR_20878_C06,2025-10-04,12.5,11.53,4,2,7,1,normal,0,10,38.0,38.4,5,33
USR_20878,USR_20878_C07,2025-11-06,12.5,12.13,4,2,7,1,normal,0,11,33.0,37.5,6,45
USR_20878,USR_20878_C08,2025-12-21,12.5,12.12,4,2,7,1,normal,1,12,45.0,38.57142857142857,7,41
USR_20878,USR_20878_C09,2026-01-31,12.5,8.69,4,2,7,1,normal,1,1,41.0,38.875,8,30
USR_20879,USR_20879_C01,2025-01-12,6.0,4.5,1,2,4,1,normal,1,1,,,0,23
USR_20879,USR_20879_C02,2025-02-04,6.0,4.55,1,2,4,1,normal,0,2,23.0,23.0,1,32
USR_20879,USR_20879_C03,2025-03-08,6.0,5.82,1,2,4,1,normal,0,3,32.0,27.5,2,33
USR_20879,USR_20879_C04,2025-04-10,6.0,3.55,1,2,4,1,more,0,4,33.0,29.333333333333332,3,16
USR_20879,USR_20879_C05,2025-04-26,6.0,5.84,1,2,4,1,normal,0,4,16.0,26.0,4,33
USR_20879,USR_20879_C06,2025-05-29,6.0,3.5,1,2,4,1,normal,0,5,33.0,27.4,5,22
USR_20879,USR_20879_C07,2025-06-20,6.0,5.82,1,2,4,1,more,0,6,22.0,26.5,6,25
USR_20879,USR_20879_C08,2025-07-15,6.0,5.96,1,2,4,1,normal,0,7,25.0,26.285714285714285,7,40
USR_20880,USR_20880_C01,2025-02-13,6.0,5.79,2,3,7,0,normal,0,2,,,0,25
USR_20880,USR_20880_C02,2025-03-10,6.0,5.55,2,3,7,0,normal,0,3,25.0,25.0,1,24
USR_20880,USR_20880_C03,2025-04-03,6.0,5.63,2,3,7,0,normal,0,4,24.0,24.5,2,22
USR_20880,USR_20880_C04,2025-04-25,6.0,5.79,2,3,7,0,normal,0,4,22.0,23.666666666666668,3,25
USR_20880,USR_20880_C05,2025-05-20,6.0,5.66,2,3,7,0,normal,0,5,25.0,24.0,4,24
USR_20880,USR_20880_C06,2025-06-13,6.0,5.75,2,3,7,0,more,0,6,24.0,24.0,5,22
USR_20881,USR_20881_C01,2025-02-16,12.5,12.09,7,2,5,1,normal,0,2,,,0,38
USR_20881,USR_20881_C02,2025-03-26,12.5,11.71,7,2,5,1,normal,0,3,38.0,38.0,1,38
USR_20881,USR_20881_C03,2025-05-03,12.5,11.68,7,2,5,1,normal,0,5,38.0,38.0,2,37
USR_20881,USR_20881_C04,2025-06-09,12.5,12.23,7,2,5,1,normal,0,6,37.0,37.666666666666664,3,39
USR_20881,USR_20881_C05,2025-07-18,12.5,12.19,7,2,5,1,normal,0,7,39.0,38.0,4,40
USR_20881,USR_20881_C06,2025-08-27,12.5,12.2,7,2,5,1,normal,0,8,40.0,38.4,5,28
USR_20882,USR_20882_C01,2025-01-18,6.0,5.61,1,3,6,1,normal,1,1,,,0,23
USR_20882,USR_20882_C02,2025-02-10,6.0,5.95,1,3,6,1,normal,0,2,23.0,23.0,1,27
USR_20882,USR_20882_C03,2025-03-09,6.0,5.98,1,3,6,1,normal,0,3,27.0,25.0,2,29
USR_20882,USR_20882_C04,2025-04-07,6.0,4.57,1,3,6,1,normal,0,4,29.0,26.333333333333332,3,18
USR_20882,USR_20882_C05,2025-04-25,6.0,4.14,1,3,6,1,normal,0,4,18.0,24.25,4,17
USR_20883,USR_20883_C01,2025-03-05,6.0,5.53,3,2,7,1,normal,0,3,,,0,22
USR_20883,USR_20883_C02,2025-03-27,6.0,5.55,3,2,7,1,more,0,3,22.0,22.0,1,17
USR_20883,USR_20883_C03,2025-04-13,6.0,5.28,3,2,7,1,normal,0,4,17.0,19.5,2,23
USR_20883,USR_20883_C04,2025-05-06,6.0,4.43,3,2,7,1,normal,0,5,23.0,20.666666666666668,3,16
USR_20883,USR_20883_C05,2025-05-22,6.0,5.84,3,2,7,1,normal,0,5,16.0,19.5,4,18
USR_20883,USR_20883_C06,2025-06-09,6.0,3.77,3,2,7,1,less,0,6,18.0,19.2,5,19
USR_20883,USR_20883_C07,2025-06-28,6.0,5.6,3,2,7,1,normal,0,6,19.0,19.166666666666668,6,20
USR_20884,USR_20884_C01,2025-04-09,12.5,11.89,5,3,4,1,normal,0,4,,,0,32
USR_20884,USR_20884_C02,2025-05-11,12.5,11.83,5,3,4,1,normal,0,5,32.0,32.0,1,30
USR_20884,USR_20884_C03,2025-06-10,12.5,11.71,5,3,4,1,more,0,6,30.0,31.0,2,28
USR_20884,USR_20884_C04,2025-07-08,12.5,8.76,5,3,4,1,normal,0,7,28.0,30.0,3,24
USR_20884,USR_20884_C05,2025-08-01,12.5,12.23,5,3,4,1,normal,0,8,24.0,28.5,4,37
USR_20884,USR_20884_C06,2025-09-07,12.5,12.14,5,3,4,1,normal,0,9,37.0,30.2,5,40
USR_20884,USR_20884_C07,2025-10-17,12.5,12.23,5,3,4,1,normal,0,10,40.0,31.833333333333332,6,35
USR_20884,USR_20884_C08,2025-11-21,12.5,9.59,5,3,4,1,normal,0,11,35.0,32.285714285714285,7,26
USR_20884,USR_20884_C09,2025-12-17,12.5,11.81,5,3,4,1,normal,1,12,26.0,31.5,8,28
USR_20885,USR_20885_C01,2025-02-09,12.5,11.76,4,2,5,1,normal,0,2,,,0,54
USR_20885,USR_20885_C02,2025-04-04,12.5,12.34,4,2,5,1,normal,0,4,54.0,54.0,1,54
USR_20885,USR_20885_C03,2025-05-28,12.5,12.3,4,2,5,1,normal,0,5,54.0,54.0,2,58
USR_20885,USR_20885_C04,2025-07-25,12.5,11.6,4,2,5,1,less,0,7,58.0,55.333333333333336,3,63
USR_20886,USR_20886_C01,2025-01-18,12.5,8.28,4,1,7,1,normal,1,1,,,0,29
USR_20886,USR_20886_C02,2025-02-16,12.5,12.41,4,1,7,1,normal,0,2,29.0,29.0,1,44
USR_20886,USR_20886_C03,2025-04-01,12.5,12.41,4,1,7,1,normal,0,4,44.0,36.5,2,41
USR_20887,USR_20887_C01,2025-04-18,12.5,11.51,6,3,5,1,normal,0,4,,,0,29
USR_20887,USR_20887_C02,2025-05-17,12.5,11.87,6,3,5,1,less,0,5,29.0,29.0,1,37
USR_20887,USR_20887_C03,2025-06-23,12.5,11.25,6,3,5,1,normal,0,6,37.0,33.0,2,25
USR_20887,USR_20887_C04,2025-07-18,12.5,11.74,6,3,5,1,more,0,7,25.0,30.333333333333332,3,20
USR_20887,USR_20887_C05,2025-08-07,12.5,11.7,6,3,5,1,normal,0,8,20.0,27.75,4,26
USR_20887,USR_20887_C06,2025-09-02,12.5,11.92,6,3,5,1,normal,0,9,26.0,27.4,5,30
USR_20888,USR_20888_C01,2025-04-14,12.5,12.13,6,2,7,1,normal,0,4,,,0,32
USR_20888,USR_20888_C02,2025-05-16,12.5,12.25,6,2,7,1,normal,0,5,32.0,32.0,1,36
USR_20888,USR_20888_C03,2025-06-21,12.5,11.95,6,2,7,1,normal,0,6,36.0,34.0,2,37
USR_20888,USR_20888_C04,2025-07-28,12.5,12.05,6,2,7,1,normal,0,7,37.0,35.0,3,36
USR_20888,USR_20888_C05,2025-09-02,12.5,12.22,6,2,7,1,normal,0,9,36.0,35.25,4,34
USR_20889,USR_20889_C01,2025-04-12,12.5,11.83,4,1,6,1,normal,0,4,,,0,48
USR_20889,USR_20889_C02,2025-05-30,12.5,12.46,4,1,6,1,normal,0,5,48.0,48.0,1,47
USR_20889,USR_20889_C03,2025-07-16,12.5,7.94,4,1,6,1,more,0,7,47.0,47.5,2,30
USR_20889,USR_20889_C04,2025-08-15,12.5,12.43,4,1,6,1,normal,0,8,30.0,41.666666666666664,3,54
USR_20890,USR_20890_C01,2025-04-05,6.0,4.47,3,2,6,1,normal,0,4,,,0,12
USR_20890,USR_20890_C02,2025-04-17,6.0,5.77,3,2,6,1,normal,0,4,12.0,12.0,1,19
USR_20890,USR_20890_C03,2025-05-06,6.0,5.55,3,2,6,1,more,0,5,19.0,15.5,2,12
USR_20890,USR_20890_C04,2025-05-18,6.0,3.41,3,2,6,1,normal,0,5,12.0,14.333333333333334,3,10
USR_20890,USR_20890_C05,2025-05-28,6.0,5.53,3,2,6,1,more,0,5,10.0,13.25,4,14
USR_20890,USR_20890_C06,2025-06-11,6.0,5.53,3,2,6,1,normal,0,6,14.0,13.4,5,16
USR_20892,USR_20892_C01,2025-02-17,12.5,12.42,4,2,6,0,normal,0,2,,,0,63
USR_20892,USR_20892_C02,2025-04-21,12.5,12.36,4,2,6,0,normal,0,4,63.0,63.0,1,58
USR_20892,USR_20892_C03,2025-06-18,12.5,10.64,4,2,6,0,less,0,6,58.0,60.5,2,67
USR_20892,USR_20892_C04,2025-08-24,12.5,12.15,4,2,6,0,normal,0,8,67.0,62.666666666666664,3,73
USR_20892,USR_20892_C05,2025-11-05,12.5,7.96,4,2,6,0,normal,0,11,73.0,65.25,4,43
USR_20893,USR_20893_C01,2025-02-02,12.5,11.71,5,1,7,1,normal,0,2,,,0,53
USR_20893,USR_20893_C02,2025-03-27,12.5,10.39,5,1,7,1,normal,0,3,53.0,53.0,1,44
USR_20893,USR_20893_C03,2025-05-10,12.5,11.76,5,1,7,1,normal,0,5,44.0,48.5,2,53
USR_20893,USR_20893_C04,2025-07-02,12.5,12.12,5,1,7,1,normal,0,7,53.0,50.0,3,48
USR_20893,USR_20893_C05,2025-08-19,12.5,11.78,5,1,7,1,normal,0,8,48.0,49.5,4,48
USR_20893,USR_20893_C06,2025-10-06,12.5,11.65,5,1,7,1,normal,0,10,48.0,49.2,5,52
USR_20893,USR_20893_C07,2025-11-27,12.5,12.17,5,1,7,1,normal,0,11,52.0,49.666666666666664,6,47
USR_20893,USR_20893_C08,2026-01-13,12.5,9.98,5,1,7,1,normal,1,1,47.0,49.285714285714285,7,40
USR_20893,USR_20893_C09,2026-02-22,12.5,12.05,5,1,7,1,normal,0,2,40.0,48.125,8,44
USR_20894,USR_20894_C01,2025-04-18,12.5,12.29,5,2,7,1,normal,0,4,,,0,31
USR_20894,USR_20894_C02,2025-05-19,12.5,12.13,5,2,7,1,normal,0,5,31.0,31.0,1,32
USR_20894,USR_20894_C03,2025-06-20,12.5,11.89,5,2,7,1,normal,0,6,32.0,31.5,2,32
USR_20894,USR_20894_C04,2025-07-22,12.5,11.93,5,2,7,1,normal,0,7,32.0,31.666666666666668,3,32
USR_20894,USR_20894_C05,2025-08-23,12.5,11.61,5,2,7,1,normal,0,8,32.0,31.75,4,35
USR_20894,USR_20894_C06,2025-09-27,12.5,12.44,5,2,7,1,normal,0,9,35.0,32.4,5,35
USR_20894,USR_20894_C07,2025-11-01,12.5,11.93,5,2,7,1,normal,0,11,35.0,32.833333333333336,6,29
USR_20895,USR_20895_C01,2025-01-22,12.5,9.77,4,1,5,1,normal,1,1,,,0,31
USR_20895,USR_20895_C02,2025-02-22,12.5,9.87,4,1,5,1,normal,0,2,31.0,31.0,1,35
USR_20895,USR_20895_C03,2025-03-29,12.5,7.57,4,1,5,1,more,0,3,35.0,33.0,2,20
USR_20895,USR_20895_C04,2025-04-18,12.5,10.78,4,1,5,1,normal,0,4,20.0,28.666666666666668,3,34
USR_20895,USR_20895_C05,2025-05-22,12.5,12.4,4,1,5,1,less,0,5,34.0,30.0,4,61
USR_20895,USR_20895_C06,2025-07-22,12.5,11.55,4,1,5,1,normal,0,7,61.0,36.2,5,37
USR_20895,USR_20895_C07,2025-08-28,12.5,11.85,4,1,5,1,normal,0,8,37.0,36.333333333333336,6,42
USR_20896,USR_20896_C01,2025-02-20,6.0,5.97,3,2,7,1,normal,0,2,,,0,23
USR_20896,USR_20896_C02,2025-03-15,6.0,5.54,3,2,7,1,more,0,3,23.0,23.0,1,24
USR_20896,USR_20896_C03,2025-04-08,6.0,5.54,3,2,7,1,normal,0,4,24.0,23.5,2,23
USR_20896,USR_20896_C04,2025-05-01,6.0,5.64,3,2,7,1,normal,0,5,23.0,23.333333333333332,3,24
USR_20896,USR_20896_C05,2025-05-25,6.0,5.71,3,2,7,1,normal,0,5,24.0,23.5,4,24
USR_20896,USR_20896_C06,2025-06-18,6.0,5.66,3,2,7,1,normal,0,6,24.0,23.6,5,25
USR_20896,USR_20896_C07,2025-07-13,6.0,5.9,3,2,7,1,normal,0,7,25.0,23.833333333333332,6,24
USR_20896,USR_20896_C08,2025-08-06,6.0,5.7,3,2,7,1,normal,0,8,24.0,23.857142857142858,7,25
USR_20896,USR_20896_C09,2025-08-31,6.0,5.86,3,2,7,1,normal,0,8,25.0,24.0,8,30
USR_20896,USR_20896_C10,2025-09-30,6.0,5.58,3,2,7,1,normal,0,9,30.0,24.666666666666668,9,20
USR_20898,USR_20898_C01,2025-04-11,12.5,11.61,7,2,7,1,normal,0,4,,,0,32
USR_20898,USR_20898_C02,2025-05-13,12.5,11.59,7,2,7,1,normal,0,5,32.0,32.0,1,31
USR_20898,USR_20898_C03,2025-06-13,12.5,11.68,7,2,7,1,normal,0,6,31.0,31.5,2,37
USR_20898,USR_20898_C04,2025-07-20,12.5,11.8,7,2,7,1,normal,0,7,37.0,33.333333333333336,3,35
USR_20898,USR_20898_C05,2025-08-24,12.5,11.97,7,2,7,1,normal,0,8,35.0,33.75,4,27
USR_20898,USR_20898_C06,2025-09-20,12.5,11.78,7,2,7,1,normal,0,9,27.0,32.4,5,28
USR_20899,USR_20899_C01,2025-03-17,12.5,8.01,2,2,7,1,normal,0,3,,,0,37
USR_20899,USR_20899_C02,2025-04-23,12.5,10.3,2,2,7,1,normal,0,4,37.0,37.0,1,40
USR_20899,USR_20899_C03,2025-06-02,12.5,12.46,2,2,7,1,more,0,6,40.0,38.5,2,46
USR_20899,USR_20899_C04,2025-07-18,12.5,12.44,2,2,7,1,normal,0,7,46.0,41.0,3,53
USR_20899,USR_20899_C05,2025-09-09,12.5,11.63,2,2,7,1,normal,0,9,53.0,44.0,4,63
USR_20899,USR_20899_C06,2025-11-11,12.5,11.9,2,2,7,1,normal,0,11,63.0,47.8,5,51
USR_20899,USR_20899_C07,2026-01-01,12.5,12.01,2,2,7,1,normal,1,1,51.0,48.333333333333336,6,58
USR_20900,USR_20900_C01,2025-04-19,6.0,5.9,3,2,7,1,normal,0,4,,,0,20
USR_20900,USR_20900_C02,2025-05-09,6.0,5.98,3,2,7,1,normal,0,5,20.0,20.0,1,19
USR_20900,USR_20900_C03,2025-05-28,6.0,5.74,3,2,7,1,normal,0,5,19.0,19.5,2,19
USR_20900,USR_20900_C04,2025-06-16,6.0,5.64,3,2,7,1,normal,0,6,19.0,19.333333333333332,3,16
USR_20900,USR_20900_C05,2025-07-02,6.0,3.9,3,2,7,1,normal,0,7,16.0,18.5,4,14
USR_20900,USR_20900_C06,2025-07-16,6.0,5.88,3,2,7,1,more,0,7,14.0,17.6,5,17
USR_20901,USR_20901_C01,2025-04-03,12.5,12.27,6,1,7,1,normal,0,4,,,0,42
USR_20901,USR_20901_C02,2025-05-15,12.5,12.38,6,1,7,1,more,0,5,42.0,42.0,1,33
USR_20901,USR_20901_C03,2025-06-17,12.5,12.02,6,1,7,1,more,0,6,33.0,37.5,2,29
USR_20901,USR_20901_C04,2025-07-16,12.5,12.18,6,1,7,1,normal,0,7,29.0,34.666666666666664,3,45
USR_20901,USR_20901_C05,2025-08-30,12.5,11.89,6,1,7,1,normal,0,8,45.0,37.25,4,36
USR_20901,USR_20901_C06,2025-10-05,12.5,12.0,6,1,7,1,normal,0,10,36.0,37.0,5,42
USR_20902,USR_20902_C01,2025-01-05,12.5,12.14,3,2,7,1,normal,1,1,,,0,47
USR_20902,USR_20902_C02,2025-02-21,12.5,12.07,3,2,7,1,normal,0,2,47.0,47.0,1,43
USR_20902,USR_20902_C03,2025-04-05,12.5,11.96,3,2,7,1,normal,0,4,43.0,45.0,2,46
USR_20902,USR_20902_C04,2025-05-21,12.5,7.5,3,2,7,1,normal,0,5,46.0,45.333333333333336,3,33
USR_20903,USR_20903_C01,2025-03-20,6.0,5.55,1,2,7,1,normal,0,3,,,0,23
USR_20903,USR_20903_C02,2025-04-12,6.0,5.77,1,2,7,1,normal,0,4,23.0,23.0,1,24
USR_20903,USR_20903_C03,2025-05-06,6.0,5.09,1,2,7,1,normal,0,5,24.0,23.5,2,25
USR_20903,USR_20903_C04,2025-05-31,6.0,5.9,1,2,7,1,more,0,5,25.0,24.0,3,21
USR_20903,USR_20903_C05,2025-06-21,6.0,5.52,1,2,7,1,normal,0,6,21.0,23.25,4,20
USR_20903,USR_20903_C06,2025-07-11,6.0,4.17,1,2,7,1,normal,0,7,20.0,22.6,5,18
USR_20904,USR_20904_C01,2025-02-08,6.0,5.8,2,2,7,1,normal,0,2,,,0,28
USR_20904,USR_20904_C02,2025-03-08,6.0,5.64,2,2,7,1,normal,0,3,28.0,28.0,1,31
USR_20904,USR_20904_C03,2025-04-08,6.0,5.77,2,2,7,1,more,0,4,31.0,29.5,2,26
USR_20904,USR_20904_C04,2025-05-04,6.0,5.31,2,2,7,1,normal,0,5,26.0,28.333333333333332,3,25
USR_20904,USR_20904_C05,2025-05-29,6.0,5.83,2,2,7,1,normal,0,5,25.0,27.5,4,30
USR_20904,USR_20904_C06,2025-06-28,6.0,5.66,2,2,7,1,normal,0,6,30.0,28.0,5,26
USR_20904,USR_20904_C07,2025-07-24,6.0,5.89,2,2,7,1,normal,0,7,26.0,27.666666666666668,6,33
USR_20904,USR_20904_C08,2025-08-26,6.0,5.66,2,2,7,1,normal,0,8,33.0,28.428571428571427,7,23
USR_20904,USR_20904_C09,2025-09-18,6.0,5.62,2,2,7,1,normal,0,9,23.0,27.75,8,28
USR_20906,USR_20906_C01,2025-01-20,12.5,11.79,7,1,6,1,normal,1,1,,,0,32
USR_20906,USR_20906_C02,2025-02-21,12.5,11.91,7,1,6,1,normal,0,2,32.0,32.0,1,37
USR_20906,USR_20906_C03,2025-03-30,12.5,11.71,7,1,6,1,normal,0,3,37.0,34.5,2,34
USR_20906,USR_20906_C04,2025-05-03,12.5,11.75,7,1,6,1,more,0,5,34.0,34.333333333333336,3,24
USR_20906,USR_20906_C05,2025-05-27,12.5,11.54,7,1,6,1,normal,0,5,24.0,31.75,4,36
USR_20906,USR_20906_C06,2025-07-02,12.5,11.92,7,1,6,1,normal,0,7,36.0,32.6,5,40
USR_20906,USR_20906_C07,2025-08-11,12.5,11.7,7,1,6,1,more,0,8,40.0,33.833333333333336,6,29
USR_20906,USR_20906_C08,2025-09-09,12.5,11.75,7,1,6,1,normal,0,9,29.0,33.142857142857146,7,35
USR_20907,USR_20907_C01,2025-03-08,12.5,12.24,2,1,5,1,normal,0,3,,,0,75
USR_20907,USR_20907_C02,2025-05-22,12.5,12.32,2,1,5,1,normal,0,5,75.0,75.0,1,71
USR_20907,USR_20907_C03,2025-08-01,12.5,11.61,2,1,5,1,normal,0,8,71.0,73.0,2,70
USR_20907,USR_20907_C04,2025-10-10,12.5,12.22,2,1,5,1,normal,0,10,70.0,72.0,3,61
USR_20907,USR_20907_C05,2025-12-10,12.5,11.95,2,1,5,1,normal,1,12,61.0,69.25,4,63
USR_20907,USR_20907_C06,2026-02-11,12.5,12.02,2,1,5,1,normal,0,2,63.0,68.0,5,61
USR_20907,USR_20907_C07,2026-04-13,12.5,11.73,2,1,5,1,normal,0,4,61.0,66.83333333333333,6,63
USR_20907,USR_20907_C08,2026-06-15,12.5,11.59,2,1,5,1,normal,0,6,63.0,66.28571428571429,7,69
USR_20908,USR_20908_C01,2025-01-13,6.0,5.72,2,2,7,0,normal,1,1,,,0,41
USR_20908,USR_20908_C02,2025-02-23,6.0,5.71,2,2,7,0,normal,0,2,41.0,41.0,1,36
USR_20908,USR_20908_C03,2025-03-31,6.0,5.84,2,2,7,0,normal,0,3,36.0,38.5,2,37
USR_20908,USR_20908_C04,2025-05-07,6.0,5.73,2,2,7,0,normal,0,5,37.0,38.0,3,34
USR_20908,USR_20908_C05,2025-06-10,6.0,5.87,2,2,7,0,less,0,6,34.0,37.0,4,45
USR_20909,USR_20909_C01,2025-01-08,12.5,12.13,2,2,4,1,normal,1,1,,,0,36
USR_20909,USR_20909_C02,2025-02-13,12.5,11.98,2,2,4,1,normal,0,2,36.0,36.0,1,43
USR_20909,USR_20909_C03,2025-03-28,12.5,11.84,2,2,4,1,less,0,3,43.0,39.5,2,50
USR_20909,USR_20909_C04,2025-05-17,12.5,12.43,2,2,4,1,normal,0,5,50.0,43.0,3,44
USR_20909,USR_20909_C05,2025-06-30,12.5,11.01,2,2,4,1,normal,0,6,44.0,43.25,4,35
USR_20909,USR_20909_C06,2025-08-04,12.5,11.97,2,2,4,1,normal,0,8,35.0,41.6,5,43
USR_20909,USR_20909_C07,2025-09-16,12.5,12.31,2,2,4,1,less,0,9,43.0,41.833333333333336,6,55
USR_20909,USR_20909_C08,2025-11-10,12.5,11.63,2,2,4,1,normal,0,11,55.0,43.714285714285715,7,48
USR_20909,USR_20909_C09,2025-12-28,12.5,11.54,2,2,4,1,normal,1,12,48.0,44.25,8,43
USR_20909,USR_20909_C10,2026-02-09,12.5,11.77,2,2,4,1,normal,0,2,43.0,44.111111111111114,9,41
USR_20910,USR_20910_C01,2025-02-23,12.5,11.91,3,2,6,1,more,0,2,,,0,36
USR_20910,USR_20910_C02,2025-03-31,12.5,11.57,3,2,6,1,normal,0,3,36.0,36.0,1,54
USR_20910,USR_20910_C03,2025-05-24,12.5,12.14,3,2,6,1,normal,0,5,54.0,45.0,2,54
USR_20910,USR_20910_C04,2025-07-17,12.5,9.99,3,2,6,1,normal,0,7,54.0,48.0,3,46
USR_20910,USR_20910_C05,2025-09-01,12.5,12.31,3,2,6,1,more,0,9,46.0,47.5,4,39
USR_20910,USR_20910_C06,2025-10-10,12.5,12.3,3,2,6,1,normal,0,10,39.0,45.8,5,53
USR_20911,USR_20911_C01,2025-02-06,6.0,5.69,4,3,5,1,normal,0,2,,,0,16
USR_20911,USR_20911_C02,2025-02-22,6.0,5.81,4,3,5,1,less,0,2,16.0,16.0,1,23
USR_20911,USR_20911_C03,2025-03-17,6.0,5.88,4,3,5,1,less,0,3,23.0,19.5,2,22
USR_20911,USR_20911_C04,2025-04-08,6.0,5.69,4,3,5,1,normal,0,4,22.0,20.333333333333332,3,16
USR_20911,USR_20911_C05,2025-04-24,6.0,5.75,4,3,5,1,normal,0,4,16.0,19.25,4,18
USR_20911,USR_20911_C06,2025-05-12,6.0,5.98,4,3,5,1,normal,0,5,18.0,19.0,5,18
USR_20911,USR_20911_C07,2025-05-30,6.0,5.66,4,3,5,1,normal,0,5,18.0,18.833333333333332,6,19
USR_20912,USR_20912_C01,2025-03-23,12.5,12.22,4,2,6,1,normal,0,3,,,0,45
USR_20912,USR_20912_C02,2025-05-07,12.5,11.9,4,2,6,1,normal,0,5,45.0,45.0,1,48
USR_20912,USR_20912_C03,2025-06-24,12.5,11.65,4,2,6,1,normal,0,6,48.0,46.5,2,47
USR_20912,USR_20912_C04,2025-08-10,12.5,12.32,4,2,6,1,normal,0,8,47.0,46.666666666666664,3,47
USR_20912,USR_20912_C05,2025-09-26,12.5,12.08,4,2,6,1,normal,0,9,47.0,46.75,4,40
USR_20912,USR_20912_C06,2025-11-05,12.5,12.15,4,2,6,1,more,0,11,40.0,45.4,5,39
USR_20912,USR_20912_C07,2025-12-14,12.5,11.77,4,2,6,1,normal,1,12,39.0,44.333333333333336,6,44
USR_20912,USR_20912_C08,2026-01-27,12.5,11.95,4,2,6,1,normal,1,1,44.0,44.285714285714285,7,50
USR_20912,USR_20912_C09,2026-03-18,12.5,11.58,4,2,6,1,normal,0,3,50.0,45.0,8,37
USR_20912,USR_20912_C10,2026-04-24,12.5,10.42,4,2,6,1,normal,0,4,37.0,44.111111111111114,9,39
USR_20913,USR_20913_C01,2025-03-14,6.0,5.58,3,2,7,0,normal,0,3,,,0,30
USR_20913,USR_20913_C02,2025-04-13,6.0,3.71,3,2,7,0,normal,0,4,30.0,30.0,1,18
USR_20913,USR_20913_C03,2025-05-01,6.0,5.58,3,2,7,0,more,0,5,18.0,24.0,2,19
USR_20913,USR_20913_C04,2025-05-20,6.0,4.21,3,2,7,0,normal,0,5,19.0,22.333333333333332,3,19
USR_20913,USR_20913_C05,2025-06-08,6.0,5.62,3,2,7,0,normal,0,6,19.0,21.5,4,30
USR_20913,USR_20913_C06,2025-07-08,6.0,4.48,3,2,7,0,normal,0,7,30.0,23.2,5,19
USR_20914,USR_20914_C01,2025-03-06,6.0,5.99,4,2,7,1,normal,0,3,,,0,25
USR_20914,USR_20914_C02,2025-03-31,6.0,5.87,4,2,7,1,normal,0,3,25.0,25.0,1,22
USR_20914,USR_20914_C03,2025-04-22,6.0,5.58,4,2,7,1,normal,0,4,22.0,23.5,2,26
USR_20914,USR_20914_C04,2025-05-18,6.0,5.03,4,2,7,1,normal,0,5,26.0,24.333333333333332,3,20
USR_20914,USR_20914_C05,2025-06-07,6.0,5.56,4,2,7,1,normal,0,6,20.0,23.25,4,25
USR_20914,USR_20914_C06,2025-07-02,6.0,4.99,4,2,7,1,normal,0,7,25.0,23.6,5,19
USR_20914,USR_20914_C07,2025-07-21,6.0,5.83,4,2,7,1,normal,0,7,19.0,22.833333333333332,6,23
USR_20914,USR_20914_C08,2025-08-13,6.0,5.93,4,2,7,1,normal,0,8,23.0,22.857142857142858,7,22
USR_20915,USR_20915_C01,2025-01-05,12.5,11.94,6,1,7,1,normal,1,1,,,0,34
USR_20915,USR_20915_C02,2025-02-08,12.5,11.61,6,1,7,1,normal,0,2,34.0,34.0,1,40
USR_20915,USR_20915_C03,2025-03-20,12.5,12.17,6,1,7,1,normal,0,3,40.0,37.0,2,38
USR_20915,USR_20915_C04,2025-04-27,12.5,12.41,6,1,7,1,normal,0,4,38.0,37.333333333333336,3,43
USR_20915,USR_20915_C05,2025-06-09,12.5,12.12,6,1,7,1,less,0,6,43.0,38.75,4,48
USR_20915,USR_20915_C06,2025-07-27,12.5,11.83,6,1,7,1,more,0,7,48.0,40.6,5,28
USR_20916,USR_20916_C01,2025-02-16,12.5,11.73,2,2,5,1,normal,0,2,,,0,49
USR_20916,USR_20916_C02,2025-04-06,12.5,10.03,2,2,5,1,less,0,4,49.0,49.0,1,52
USR_20916,USR_20916_C03,2025-05-28,12.5,11.83,2,2,5,1,normal,0,5,52.0,50.5,2,42
USR_20916,USR_20916_C04,2025-07-09,12.5,11.57,2,2,5,1,normal,0,7,42.0,47.666666666666664,3,51
USR_20916,USR_20916_C05,2025-08-29,12.5,12.09,2,2,5,1,normal,0,8,51.0,48.5,4,53
USR_20916,USR_20916_C06,2025-10-21,12.5,11.8,2,2,5,1,more,0,10,53.0,49.4,5,39
USR_20918,USR_20918_C01,2025-02-01,12.5,7.24,6,2,7,0,normal,0,2,,,0,19
USR_20918,USR_20918_C02,2025-02-20,12.5,12.34,6,2,7,0,normal,0,2,19.0,19.0,1,36
USR_20918,USR_20918_C03,2025-03-28,12.5,11.58,6,2,7,0,normal,0,3,36.0,27.5,2,33
USR_20918,USR_20918_C04,2025-04-30,12.5,11.61,6,2,7,0,normal,0,4,33.0,29.333333333333332,3,37
USR_20918,USR_20918_C05,2025-06-06,12.5,11.6,6,2,7,0,less,0,6,37.0,31.25,4,45
USR_20918,USR_20918_C06,2025-07-21,12.5,10.97,6,2,7,0,normal,0,7,45.0,34.0,5,37
USR_20918,USR_20918_C07,2025-08-27,12.5,8.1,6,2,7,0,less,0,8,37.0,34.5,6,28
USR_20918,USR_20918_C08,2025-09-24,12.5,11.96,6,2,7,0,normal,0,9,28.0,33.57142857142857,7,30
USR_20918,USR_20918_C09,2025-10-24,12.5,11.75,6,2,7,0,normal,0,10,30.0,33.125,8,35
USR_20918,USR_20918_C10,2025-11-28,12.5,11.83,6,2,7,0,normal,0,11,35.0,33.333333333333336,9,32
USR_20919,USR_20919_C01,2025-04-20,6.0,3.83,4,2,7,1,normal,0,4,,,0,12
USR_20919,USR_20919_C02,2025-05-02,6.0,5.58,4,2,7,1,normal,0,5,12.0,12.0,1,18
USR_20919,USR_20919_C03,2025-05-20,6.0,5.78,4,2,7,1,normal,0,5,18.0,15.0,2,18
USR_20919,USR_20919_C04,2025-06-07,6.0,5.99,4,2,7,1,normal,0,6,18.0,16.0,3,17
USR_20919,USR_20919_C05,2025-06-24,6.0,5.87,4,2,7,1,normal,0,6,17.0,16.25,4,17
USR_20919,USR_20919_C06,2025-07-11,6.0,5.84,4,2,7,1,more,0,7,17.0,16.4,5,13
USR_20919,USR_20919_C07,2025-07-24,6.0,5.65,4,2,7,1,normal,0,7,13.0,15.833333333333334,6,17
USR_20919,USR_20919_C08,2025-08-10,6.0,5.59,4,2,7,1,more,0,8,17.0,16.0,7,12
USR_20921,USR_20921_C01,2025-02-23,6.0,5.71,2,1,7,1,normal,0,2,,,0,30
USR_20921,USR_20921_C02,2025-03-25,6.0,5.87,2,1,7,1,normal,0,3,30.0,30.0,1,34
USR_20921,USR_20921_C03,2025-04-28,6.0,5.84,2,1,7,1,normal,0,4,34.0,32.0,2,29
USR_20921,USR_20921_C04,2025-05-27,6.0,4.18,2,1,7,1,normal,0,5,29.0,31.0,3,20
USR_20921,USR_20921_C05,2025-06-16,6.0,5.92,2,1,7,1,less,0,6,20.0,28.25,4,37
USR_20921,USR_20921_C06,2025-07-23,6.0,5.79,2,1,7,1,normal,0,7,37.0,30.0,5,31
USR_20921,USR_20921_C07,2025-08-23,6.0,5.3,2,1,7,1,normal,0,8,31.0,30.166666666666668,6,26
USR_20921,USR_20921_C08,2025-09-18,6.0,5.74,2,1,7,1,normal,0,9,26.0,29.571428571428573,7,30
USR_20923,USR_20923_C01,2025-02-05,12.5,7.21,6,3,7,1,normal,0,2,,,0,17
USR_20923,USR_20923_C02,2025-02-22,12.5,9.99,6,3,7,1,normal,0,2,17.0,17.0,1,22
USR_20923,USR_20923_C03,2025-03-16,12.5,11.91,6,3,7,1,normal,0,3,22.0,19.5,2,25
USR_20923,USR_20923_C04,2025-04-10,12.5,9.96,6,3,7,1,normal,0,4,25.0,21.333333333333332,3,22
USR_20924,USR_20924_C01,2025-02-12,12.5,12.28,6,3,7,1,normal,0,2,,,0,20
USR_20924,USR_20924_C02,2025-03-04,12.5,8.15,6,3,7,1,normal,0,3,20.0,20.0,1,16
USR_20924,USR_20924_C03,2025-03-20,12.5,12.13,6,3,7,1,normal,0,3,16.0,18.0,2,22
USR_20924,USR_20924_C04,2025-04-11,12.5,12.38,6,3,7,1,normal,0,4,22.0,19.333333333333332,3,21
USR_20924,USR_20924_C05,2025-05-02,12.5,11.52,6,3,7,1,normal,0,5,21.0,19.75,4,23
USR_20924,USR_20924_C06,2025-05-25,12.5,12.23,6,3,7,1,normal,0,5,23.0,20.4,5,23
USR_20924,USR_20924_C07,2025-06-17,12.5,12.34,6,3,7,1,normal,0,6,23.0,20.833333333333332,6,21
USR_20925,USR_20925_C01,2025-04-01,12.5,11.64,4,1,7,1,normal,0,4,,,0,58
USR_20925,USR_20925_C02,2025-05-29,12.5,12.25,4,1,7,1,normal,0,5,58.0,58.0,1,47
USR_20925,USR_20925_C03,2025-07-15,12.5,12.1,4,1,7,1,normal,0,7,47.0,52.5,2,44
USR_20925,USR_20925_C04,2025-08-28,12.5,11.54,4,1,7,1,normal,0,8,44.0,49.666666666666664,3,48
USR_20925,USR_20925_C05,2025-10-15,12.5,11.35,4,1,7,1,normal,0,10,48.0,49.25,4,46
USR_20925,USR_20925_C06,2025-11-30,12.5,11.89,4,1,7,1,less,0,11,46.0,48.6,5,59
USR_20925,USR_20925_C07,2026-01-28,12.5,12.04,4,1,7,1,more,1,1,59.0,50.333333333333336,6,42
USR_20926,USR_20926_C01,2025-04-06,12.5,12.0,7,2,7,1,normal,0,4,,,0,32
USR_20926,USR_20926_C02,2025-05-08,12.5,8.54,7,2,7,1,normal,0,5,32.0,32.0,1,25
USR_20926,USR_20926_C03,2025-06-02,12.5,9.03,7,2,7,1,normal,0,6,25.0,28.5,2,26
USR_20926,USR_20926_C04,2025-06-28,12.5,10.65,7,2,7,1,normal,0,6,26.0,27.666666666666668,3,30
USR_20926,USR_20926_C05,2025-07-28,12.5,6.9,7,2,7,1,normal,0,7,30.0,28.25,4,20
USR_20927,USR_20927_C01,2025-03-01,6.0,5.68,3,3,7,1,normal,0,3,,,0,14
USR_20927,USR_20927_C02,2025-03-15,6.0,5.98,3,3,7,1,normal,0,3,14.0,14.0,1,20
USR_20927,USR_20927_C03,2025-04-04,6.0,5.57,3,3,7,1,more,0,4,20.0,17.0,2,13
USR_20927,USR_20927_C04,2025-04-17,6.0,5.8,3,3,7,1,normal,0,4,13.0,15.666666666666666,3,17
USR_20927,USR_20927_C05,2025-05-04,6.0,5.89,3,3,7,1,more,0,5,17.0,16.0,4,18
USR_20927,USR_20927_C06,2025-05-22,6.0,5.28,3,3,7,1,normal,0,5,18.0,16.4,5,16
USR_20927,USR_20927_C07,2025-06-07,6.0,5.32,3,3,7,1,normal,0,6,16.0,16.333333333333332,6,16
USR_20927,USR_20927_C08,2025-06-23,6.0,5.91,3,3,7,1,normal,0,6,16.0,16.285714285714285,7,24
USR_20927,USR_20927_C09,2025-07-17,6.0,5.86,3,3,7,1,more,0,7,24.0,17.25,8,15
USR_20927,USR_20927_C10,2025-08-01,6.0,3.9,3,3,7,1,normal,0,8,15.0,17.0,9,13
USR_20928,USR_20928_C01,2025-01-15,12.5,11.6,5,2,7,1,less,1,1,,,0,33
USR_20928,USR_20928_C02,2025-02-17,12.5,12.45,5,2,7,1,normal,0,2,33.0,33.0,1,35
USR_20928,USR_20928_C03,2025-03-24,12.5,10.6,5,2,7,1,normal,0,3,35.0,34.0,2,32
USR_20928,USR_20928_C04,2025-04-25,12.5,11.51,5,2,7,1,normal,0,4,32.0,33.333333333333336,3,33
USR_20928,USR_20928_C05,2025-05-28,12.5,9.19,5,2,7,1,normal,0,5,33.0,33.25,4,25
USR_20928,USR_20928_C06,2025-06-22,12.5,12.4,5,2,7,1,normal,0,6,25.0,31.6,5,34
USR_20928,USR_20928_C07,2025-07-26,12.5,11.72,5,2,7,1,normal,0,7,34.0,32.0,6,39
USR_20929,USR_20929_C01,2025-01-24,12.5,12.29,8,3,7,1,normal,1,1,,,0,27
USR_20929,USR_20929_C02,2025-02-20,12.5,10.49,8,3,7,1,more,0,2,27.0,27.0,1,22
USR_20929,USR_20929_C03,2025-03-14,12.5,12.29,8,3,7,1,more,0,3,22.0,24.5,2,21
USR_20929,USR_20929_C04,2025-04-04,12.5,11.13,8,3,7,1,normal,0,4,21.0,23.333333333333332,3,28
USR_20929,USR_20929_C05,2025-05-02,12.5,11.5,8,3,7,1,less,0,5,28.0,24.5,4,30
USR_20929,USR_20929_C06,2025-06-01,12.5,12.0,8,3,7,1,normal,0,6,30.0,25.6,5,30
USR_20929,USR_20929_C07,2025-07-01,12.5,10.69,8,3,7,1,normal,0,7,30.0,26.333333333333332,6,26
USR_20929,USR_20929_C08,2025-07-27,12.5,12.39,8,3,7,1,normal,0,7,26.0,26.285714285714285,7,28
USR_20929,USR_20929_C09,2025-08-24,12.5,12.04,8,3,7,1,more,0,8,28.0,26.5,8,24
USR_20929,USR_20929_C10,2025-09-17,12.5,11.95,8,3,7,1,normal,0,9,24.0,26.22222222222222,9,27
USR_20929,USR_20929_C11,2025-10-14,12.5,11.96,8,3,7,1,normal,0,10,27.0,26.3,10,25
USR_20930,USR_20930_C01,2025-04-17,12.5,11.99,4,2,4,1,normal,0,4,,,0,56
USR_20930,USR_20930_C02,2025-06-12,12.5,11.71,4,2,4,1,normal,0,6,56.0,56.0,1,38
USR_20930,USR_20930_C03,2025-07-20,12.5,11.67,4,2,4,1,normal,0,7,38.0,47.0,2,53
USR_20930,USR_20930_C04,2025-09-11,12.5,12.09,4,2,4,1,normal,0,9,53.0,49.0,3,51
USR_20930,USR_20930_C05,2025-11-01,12.5,7.22,4,2,4,1,normal,0,11,51.0,49.5,4,31
USR_20930,USR_20930_C06,2025-12-02,12.5,12.41,4,2,4,1,normal,1,12,31.0,45.8,5,57
USR_20930,USR_20930_C07,2026-01-28,12.5,7.5,4,2,4,1,normal,1,1,57.0,47.666666666666664,6,28
USR_20930,USR_20930_C08,2026-02-25,12.5,11.78,4,2,4,1,normal,0,2,28.0,44.857142857142854,7,48
USR_20931,USR_20931_C01,2025-01-19,6.0,5.63,5,3,7,1,normal,1,1,,,0,12
USR_20931,USR_20931_C02,2025-01-31,6.0,5.71,5,3,7,1,normal,1,1,12.0,12.0,1,14
USR_20931,USR_20931_C03,2025-02-14,6.0,5.93,5,3,7,1,normal,0,2,14.0,13.0,2,14
USR_20931,USR_20931_C04,2025-02-28,6.0,5.55,5,3,7,1,normal,0,2,14.0,13.333333333333334,3,13
USR_20931,USR_20931_C05,2025-03-13,6.0,5.76,5,3,7,1,normal,0,3,13.0,13.25,4,13
USR_20931,USR_20931_C06,2025-03-26,6.0,5.77,5,3,7,1,normal,0,3,13.0,13.2,5,10
USR_20931,USR_20931_C07,2025-04-05,6.0,5.7,5,3,7,1,more,0,4,10.0,12.666666666666666,6,8
USR_20931,USR_20931_C08,2025-04-13,6.0,3.74,5,3,7,1,normal,0,4,8.0,12.0,7,8
USR_20933,USR_20933_C01,2025-03-25,6.0,4.0,3,3,6,1,normal,0,3,,,0,15
USR_20933,USR_20933_C02,2025-04-09,6.0,5.58,3,3,6,1,normal,0,4,15.0,15.0,1,26
USR_20933,USR_20933_C03,2025-05-05,6.0,5.56,3,3,6,1,less,0,5,26.0,20.5,2,32
USR_20933,USR_20933_C04,2025-06-06,6.0,4.41,3,3,6,1,normal,0,6,32.0,24.333333333333332,3,21
USR_20933,USR_20933_C05,2025-06-27,6.0,4.16,3,3,6,1,more,0,6,21.0,23.5,4,10
USR_20933,USR_20933_C06,2025-07-07,6.0,5.61,3,3,6,1,normal,0,7,10.0,20.8,5,22
USR_20933,USR_20933_C07,2025-07-29,6.0,5.82,3,3,6,1,normal,0,7,22.0,21.0,6,24
USR_20933,USR_20933_C08,2025-08-22,6.0,5.91,3,3,6,1,normal,0,8,24.0,21.428571428571427,7,22
USR_20934,USR_20934_C01,2025-04-26,12.5,12.46,6,1,6,1,normal,0,4,,,0,40
USR_20934,USR_20934_C02,2025-06-05,12.5,11.69,6,1,6,1,more,0,6,40.0,40.0,1,33
USR_20934,USR_20934_C03,2025-07-08,12.5,11.94,6,1,6,1,less,0,7,33.0,36.5,2,48
USR_20934,USR_20934_C04,2025-08-25,12.5,9.58,6,1,6,1,normal,0,8,48.0,40.333333333333336,3,29
USR_20934,USR_20934_C05,2025-09-23,12.5,9.81,6,1,6,1,normal,0,9,29.0,37.5,4,37
USR_20935,USR_20935_C01,2025-01-10,12.5,12.26,5,2,7,0,more,1,1,,,0,28
USR_20935,USR_20935_C02,2025-02-07,12.5,6.93,5,2,7,0,normal,0,2,28.0,28.0,1,26
USR_20935,USR_20935_C03,2025-03-05,12.5,11.59,5,2,7,0,more,0,3,26.0,27.0,2,36
USR_20935,USR_20935_C04,2025-04-10,12.5,9.72,5,2,7,0,normal,0,4,36.0,30.0,3,33
USR_20935,USR_20935_C05,2025-05-13,12.5,11.66,5,2,7,0,normal,0,5,33.0,30.75,4,44
USR_20935,USR_20935_C06,2025-06-26,12.5,8.38,5,2,7,0,normal,0,6,44.0,33.4,5,31
USR_20935,USR_20935_C07,2025-07-27,12.5,11.87,5,2,7,0,normal,0,7,31.0,33.0,6,51
USR_20936,USR_20936_C01,2025-03-07,6.0,4.73,2,2,7,1,normal,0,3,,,0,18
USR_20936,USR_20936_C02,2025-03-25,6.0,5.52,2,2,7,1,normal,0,3,18.0,18.0,1,18
USR_20936,USR_20936_C03,2025-04-12,6.0,5.61,2,2,7,1,normal,0,4,18.0,18.0,2,25
USR_20936,USR_20936_C04,2025-05-07,6.0,5.87,2,2,7,1,normal,0,5,25.0,20.333333333333332,3,18
USR_20936,USR_20936_C05,2025-05-25,6.0,4.89,2,2,7,1,normal,0,5,18.0,19.75,4,19
USR_20936,USR_20936_C06,2025-06-13,6.0,5.56,2,2,7,1,more,0,6,19.0,19.6,5,21
USR_20936,USR_20936_C07,2025-07-04,6.0,5.59,2,2,7,1,normal,0,7,21.0,19.833333333333332,6,25
USR_20936,USR_20936_C08,2025-07-29,6.0,5.91,2,2,7,1,less,0,7,25.0,20.571428571428573,7,25
USR_20936,USR_20936_C09,2025-08-23,6.0,5.58,2,2,7,1,normal,0,8,25.0,21.125,8,25
USR_20936,USR_20936_C10,2025-09-17,6.0,5.53,2,2,7,1,normal,0,9,25.0,21.555555555555557,9,21
USR_20938,USR_20938_C01,2025-02-17,6.0,5.97,3,1,4,1,normal,0,2,,,0,29
USR_20938,USR_20938_C02,2025-03-18,6.0,5.72,3,1,4,1,less,0,3,29.0,29.0,1,42
USR_20938,USR_20938_C03,2025-04-29,6.0,5.9,3,1,4,1,normal,0,4,42.0,35.5,2,33
USR_20938,USR_20938_C04,2025-06-01,6.0,5.91,3,1,4,1,normal,0,6,33.0,34.666666666666664,3,32
USR_20938,USR_20938_C05,2025-07-03,6.0,5.98,3,1,4,1,normal,0,7,32.0,34.0,4,33
USR_20938,USR_20938_C06,2025-08-05,6.0,5.79,3,1,4,1,normal,0,8,33.0,33.8,5,32
USR_20938,USR_20938_C07,2025-09-06,6.0,5.72,3,1,4,1,less,0,9,32.0,33.5,6,36
USR_20939,USR_20939_C01,2025-02-21,12.5,11.74,4,2,5,1,normal,0,2,,,0,54
USR_20939,USR_20939_C02,2025-04-16,12.5,12.15,4,2,5,1,normal,0,4,54.0,54.0,1,53
USR_20939,USR_20939_C03,2025-06-08,12.5,10.74,4,2,5,1,normal,0,6,53.0,53.5,2,49
USR_20939,USR_20939_C04,2025-07-27,12.5,12.42,4,2,5,1,normal,0,7,49.0,52.0,3,59
USR_20939,USR_20939_C05,2025-09-24,12.5,11.9,4,2,5,1,more,0,9,59.0,53.75,4,36
USR_20940,USR_20940_C01,2025-03-24,12.5,11.57,3,3,4,1,normal,0,3,,,0,41
USR_20940,USR_20940_C02,2025-05-04,12.5,11.99,3,3,4,1,normal,0,5,41.0,41.0,1,47
USR_20940,USR_20940_C03,2025-06-20,12.5,11.59,3,3,4,1,less,0,6,47.0,44.0,2,48
USR_20940,USR_20940_C04,2025-08-07,12.5,11.59,3,3,4,1,normal,0,8,48.0,45.333333333333336,3,41
USR_20940,USR_20940_C05,2025-09-17,12.5,11.79,3,3,4,1,normal,0,9,41.0,44.25,4,45
USR_20940,USR_20940_C06,2025-11-01,12.5,11.99,3,3,4,1,normal,0,11,45.0,44.4,5,42
USR_20941,USR_20941_C01,2025-01-31,6.0,5.68,1,1,7,1,normal,1,1,,,0,41
USR_20941,USR_20941_C02,2025-03-13,6.0,5.78,1,1,7,1,normal,0,3,41.0,41.0,1,39
USR_20941,USR_20941_C03,2025-04-21,6.0,5.55,1,1,7,1,less,0,4,39.0,40.0,2,45
USR_20941,USR_20941_C04,2025-06-05,6.0,4.53,1,1,7,1,normal,0,6,45.0,41.666666666666664,3,30
USR_20941,USR_20941_C05,2025-07-05,6.0,3.67,1,1,7,1,more,0,7,30.0,38.75,4,18
USR_20941,USR_20941_C06,2025-07-23,6.0,5.82,1,1,7,1,normal,0,7,18.0,34.6,5,30
USR_20941,USR_20941_C07,2025-08-22,6.0,5.82,1,1,7,1,normal,0,8,30.0,33.833333333333336,6,38
USR_20941,USR_20941_C08,2025-09-29,6.0,5.72,1,1,7,1,less,0,9,38.0,34.42857142857143,7,44
USR_20941,USR_20941_C09,2025-11-12,6.0,5.75,1,1,7,1,normal,0,11,44.0,35.625,8,32
USR_20942,USR_20942_C01,2025-03-01,6.0,5.77,3,2,5,1,more,0,3,,,0,16
USR_20942,USR_20942_C02,2025-03-17,6.0,4.84,3,2,5,1,normal,0,3,16.0,16.0,1,15
USR_20942,USR_20942_C03,2025-04-01,6.0,5.78,3,2,5,1,normal,0,4,15.0,15.5,2,17
USR_20942,USR_20942_C04,2025-04-18,6.0,5.79,3,2,5,1,normal,0,4,17.0,16.0,3,16
USR_20942,USR_20942_C05,2025-05-04,6.0,5.77,3,2,5,1,less,0,5,16.0,16.0,4,23
USR_20942,USR_20942_C06,2025-05-27,6.0,5.74,3,2,5,1,more,0,5,23.0,17.4,5,15
USR_20943,USR_20943_C01,2025-03-15,12.5,11.92,2,3,7,1,normal,0,3,,,0,48
USR_20943,USR_20943_C02,2025-05-02,12.5,8.01,2,3,7,1,more,0,5,48.0,48.0,1,27
USR_20943,USR_20943_C03,2025-05-29,12.5,9.86,2,3,7,1,normal,0,5,27.0,37.5,2,42
USR_20943,USR_20943_C04,2025-07-10,12.5,12.33,2,3,7,1,more,0,7,42.0,39.0,3,46
USR_20944,USR_20944_C01,2025-03-07,6.0,5.85,2,2,7,1,more,0,3,,,0,12
USR_20944,USR_20944_C02,2025-03-19,6.0,5.83,2,2,7,1,normal,0,3,12.0,12.0,1,15
USR_20944,USR_20944_C03,2025-04-03,6.0,5.93,2,2,7,1,normal,0,4,15.0,13.5,2,21
USR_20944,USR_20944_C04,2025-04-24,6.0,5.89,2,2,7,1,normal,0,4,21.0,16.0,3,16
USR_20944,USR_20944_C05,2025-05-10,6.0,4.69,2,2,7,1,normal,0,5,16.0,16.0,4,13
USR_20944,USR_20944_C06,2025-05-23,6.0,5.61,2,2,7,1,normal,0,5,13.0,15.4,5,16
USR_20944,USR_20944_C07,2025-06-08,6.0,4.48,2,2,7,1,normal,0,6,16.0,15.5,6,12
USR_20945,USR_20945_C01,2025-02-06,6.0,5.98,4,2,7,1,normal,0,2,,,0,17
USR_20945,USR_20945_C02,2025-02-23,6.0,5.54,4,2,7,1,normal,0,2,17.0,17.0,1,19
USR_20945,USR_20945_C03,2025-03-14,6.0,5.93,4,2,7,1,normal,0,3,19.0,18.0,2,22
USR_20945,USR_20945_C04,2025-04-05,6.0,5.65,4,2,7,1,normal,0,4,22.0,19.333333333333332,3,18
USR_20945,USR_20945_C05,2025-04-23,6.0,5.8,4,2,7,1,normal,0,4,18.0,19.0,4,19
USR_20945,USR_20945_C06,2025-05-12,6.0,4.63,4,2,7,1,normal,0,5,19.0,19.0,5,17
USR_20945,USR_20945_C07,2025-05-29,6.0,5.66,4,2,7,1,normal,0,5,17.0,18.666666666666668,6,16
USR_20945,USR_20945_C08,2025-06-14,6.0,5.89,4,2,7,1,less,0,6,16.0,18.285714285714285,7,30
USR_20946,USR_20946_C01,2025-04-17,6.0,3.52,4,3,7,1,normal,0,4,,,0,12
USR_20946,USR_20946_C02,2025-04-29,6.0,3.45,4,3,7,1,less,0,4,12.0,12.0,1,16
USR_20946,USR_20946_C03,2025-05-15,6.0,5.81,4,3,7,1,normal,0,5,16.0,14.0,2,17
USR_20946,USR_20946_C04,2025-06-01,6.0,5.66,4,3,7,1,normal,0,6,17.0,15.0,3,14
USR_20946,USR_20946_C05,2025-06-15,6.0,5.55,4,3,7,1,normal,0,6,14.0,14.75,4,14
USR_20949,USR_20949_C01,2025-02-03,6.0,5.2,4,2,6,0,normal,0,2,,,0,24
USR_20949,USR_20949_C02,2025-02-27,6.0,5.81,4,2,6,0,normal,0,2,24.0,24.0,1,22
USR_20949,USR_20949_C03,2025-03-21,6.0,5.56,4,2,6,0,more,0,3,22.0,23.0,2,17
USR_20949,USR_20949_C04,2025-04-07,6.0,5.94,4,2,6,0,normal,0,4,17.0,21.0,3,21
USR_20949,USR_20949_C05,2025-04-28,6.0,5.53,4,2,6,0,normal,0,4,21.0,21.0,4,21
USR_20950,USR_20950_C01,2025-04-18,6.0,4.25,3,1,5,1,normal,0,4,,,0,21
USR_20950,USR_20950_C02,2025-05-09,6.0,5.6,3,1,5,1,normal,0,5,21.0,21.0,1,31
USR_20950,USR_20950_C03,2025-06-09,6.0,5.67,3,1,5,1,less,0,6,31.0,26.0,2,32
USR_20950,USR_20950_C04,2025-07-11,6.0,5.8,3,1,5,1,less,0,7,32.0,28.0,3,35
USR_20950,USR_20950_C05,2025-08-15,6.0,5.59,3,1,5,1,normal,0,8,35.0,29.75,4,26
USR_20950,USR_20950_C06,2025-09-10,6.0,5.71,3,1,5,1,normal,0,9,26.0,29.0,5,28
USR_20950,USR_20950_C07,2025-10-08,6.0,5.54,3,1,5,1,normal,0,10,28.0,28.833333333333332,6,31
USR_20951,USR_20951_C01,2025-02-21,6.0,4.19,5,1,7,1,normal,0,2,,,0,15
USR_20951,USR_20951_C02,2025-03-08,6.0,5.81,5,1,7,1,normal,0,3,15.0,15.0,1,25
USR_20951,USR_20951_C03,2025-04-02,6.0,5.92,5,1,7,1,more,0,4,25.0,20.0,2,19
USR_20951,USR_20951_C04,2025-04-21,6.0,5.26,5,1,7,1,normal,0,4,19.0,19.666666666666668,3,20
USR_20951,USR_20951_C05,2025-05-11,6.0,4.06,5,1,7,1,normal,0,5,20.0,19.75,4,16
USR_20951,USR_20951_C06,2025-05-27,6.0,3.49,5,1,7,1,normal,0,5,16.0,19.0,5,13
USR_20951,USR_20951_C07,2025-06-09,6.0,5.52,5,1,7,1,normal,0,6,13.0,18.0,6,17
USR_20951,USR_20951_C08,2025-06-26,6.0,4.2,5,1,7,1,normal,0,6,17.0,17.857142857142858,7,14
USR_20952,USR_20952_C01,2025-01-27,6.0,5.94,4,3,5,0,normal,1,1,,,0,29
USR_20952,USR_20952_C02,2025-02-25,6.0,5.76,4,3,5,0,normal,0,2,29.0,29.0,1,30
USR_20952,USR_20952_C03,2025-03-27,6.0,5.22,4,3,5,0,normal,0,3,30.0,29.5,2,25
USR_20952,USR_20952_C04,2025-04-21,6.0,5.85,4,3,5,0,normal,0,4,25.0,28.0,3,30
USR_20954,USR_20954_C01,2025-04-10,12.5,11.86,3,2,5,1,normal,0,4,,,0,52
USR_20954,USR_20954_C02,2025-06-01,12.5,10.71,3,2,5,1,normal,0,6,52.0,52.0,1,50
USR_20954,USR_20954_C03,2025-07-21,12.5,9.46,3,2,5,1,normal,0,7,50.0,51.0,2,32
USR_20954,USR_20954_C04,2025-08-22,12.5,12.09,3,2,5,1,normal,0,8,32.0,44.666666666666664,3,39
USR_20954,USR_20954_C05,2025-09-30,12.5,8.49,3,2,5,1,normal,0,9,39.0,43.25,4,33
USR_20954,USR_20954_C06,2025-11-02,12.5,9.72,3,2,5,1,normal,0,11,33.0,41.2,5,38
USR_20955,USR_20955_C01,2025-02-13,6.0,5.62,2,2,6,1,normal,0,2,,,0,27
USR_20955,USR_20955_C02,2025-03-12,6.0,5.77,2,2,6,1,normal,0,3,27.0,27.0,1,20
USR_20955,USR_20955_C03,2025-04-01,6.0,5.73,2,2,6,1,normal,0,4,20.0,23.5,2,24
USR_20955,USR_20955_C04,2025-04-25,6.0,5.56,2,2,6,1,less,0,4,24.0,23.666666666666668,3,28
USR_20956,USR_20956_C01,2025-03-22,12.5,11.88,5,1,4,1,normal,0,3,,,0,47
USR_20956,USR_20956_C02,2025-05-08,12.5,11.18,5,1,4,1,normal,0,5,47.0,47.0,1,49
USR_20956,USR_20956_C03,2025-06-26,12.5,8.04,5,1,4,1,normal,0,6,49.0,48.0,2,32
USR_20956,USR_20956_C04,2025-07-28,12.5,7.44,5,1,4,1,normal,0,7,32.0,42.666666666666664,3,33
USR_20956,USR_20956_C05,2025-08-30,12.5,12.49,5,1,4,1,normal,0,8,33.0,40.25,4,56
USR_20957,USR_20957_C01,2025-02-18,12.5,11.72,3,2,7,1,normal,0,2,,,0,52
USR_20957,USR_20957_C02,2025-04-11,12.5,11.9,3,2,7,1,normal,0,4,52.0,52.0,1,51
USR_20957,USR_20957_C03,2025-06-01,12.5,12.33,3,2,7,1,normal,0,6,51.0,51.5,2,58
USR_20957,USR_20957_C04,2025-07-29,12.5,11.94,3,2,7,1,normal,0,7,58.0,53.666666666666664,3,50
USR_20957,USR_20957_C05,2025-09-17,12.5,12.4,3,2,7,1,less,0,9,50.0,52.75,4,75
USR_20958,USR_20958_C01,2025-01-04,12.5,12.01,5,3,7,1,normal,1,1,,,0,37
USR_20958,USR_20958_C02,2025-02-10,12.5,11.66,5,3,7,1,less,0,2,37.0,37.0,1,39
USR_20958,USR_20958_C03,2025-03-21,12.5,11.58,5,3,7,1,normal,0,3,39.0,38.0,2,37
USR_20958,USR_20958_C04,2025-04-27,12.5,11.53,5,3,7,1,more,0,4,37.0,37.666666666666664,3,22
USR_20958,USR_20958_C05,2025-05-19,12.5,12.47,5,3,7,1,normal,0,5,22.0,33.75,4,30
USR_20958,USR_20958_C06,2025-06-18,12.5,11.97,5,3,7,1,normal,0,6,30.0,33.0,5,31
USR_20958,USR_20958_C07,2025-07-19,12.5,12.02,5,3,7,1,normal,0,7,31.0,32.666666666666664,6,33
USR_20958,USR_20958_C08,2025-08-21,12.5,11.95,5,3,7,1,less,0,8,33.0,32.714285714285715,7,49
USR_20958,USR_20958_C09,2025-10-09,12.5,8.95,5,3,7,1,normal,0,10,49.0,34.75,8,25
USR_20958,USR_20958_C10,2025-11-03,12.5,12.19,5,3,7,1,normal,0,11,25.0,33.666666666666664,9,35
USR_20958,USR_20958_C11,2025-12-08,12.5,12.47,5,3,7,1,normal,1,12,35.0,33.8,10,37
USR_20959,USR_20959_C01,2025-01-08,12.5,12.47,8,2,7,1,normal,1,1,,,0,32
USR_20959,USR_20959_C02,2025-02-09,12.5,12.15,8,2,7,1,normal,0,2,32.0,32.0,1,30
USR_20959,USR_20959_C03,2025-03-11,12.5,11.78,8,2,7,1,normal,0,3,30.0,31.0,2,31
USR_20959,USR_20959_C04,2025-04-11,12.5,12.5,8,2,7,1,normal,0,4,31.0,31.0,3,31
USR_20959,USR_20959_C05,2025-05-12,12.5,11.95,8,2,7,1,normal,0,5,31.0,31.0,4,27
USR_20960,USR_20960_C01,2025-03-10,12.5,12.19,2,3,7,1,normal,0,3,,,0,31
USR_20960,USR_20960_C02,2025-04-10,12.5,11.65,2,3,7,1,more,0,4,31.0,31.0,1,38
USR_20960,USR_20960_C03,2025-05-18,12.5,11.51,2,3,7,1,normal,0,5,38.0,34.5,2,41
USR_20960,USR_20960_C04,2025-06-28,12.5,12.17,2,3,7,1,more,0,6,41.0,36.666666666666664,3,36
USR_20960,USR_20960_C05,2025-08-03,12.5,11.88,2,3,7,1,normal,0,8,36.0,36.5,4,35
USR_20960,USR_20960_C06,2025-09-07,12.5,11.77,2,3,7,1,normal,0,9,35.0,36.2,5,47
USR_20960,USR_20960_C07,2025-10-24,12.5,11.88,2,3,7,1,normal,0,10,47.0,38.0,6,34
USR_20961,USR_20961_C01,2025-04-25,6.0,5.9,1,2,7,0,normal,0,4,,,0,34
USR_20961,USR_20961_C02,2025-05-29,6.0,4.88,1,2,7,0,normal,0,5,34.0,34.0,1,24
USR_20961,USR_20961_C03,2025-06-22,6.0,3.92,1,2,7,0,normal,0,6,24.0,29.0,2,22
USR_20961,USR_20961_C04,2025-07-14,6.0,5.57,1,2,7,0,normal,0,7,22.0,26.666666666666668,3,31
USR_20961,USR_20961_C05,2025-08-14,6.0,4.36,1,2,7,0,normal,0,8,31.0,27.75,4,22
USR_20961,USR_20961_C06,2025-09-05,6.0,5.01,1,2,7,0,normal,0,9,22.0,26.6,5,26
USR_20961,USR_20961_C07,2025-10-01,6.0,5.43,1,2,7,0,normal,0,10,26.0,26.5,6,25
USR_20962,USR_20962_C01,2025-03-22,6.0,5.56,6,2,7,0,normal,0,3,,,0,18
USR_20962,USR_20962_C02,2025-04-09,6.0,4.55,6,2,7,0,less,0,4,18.0,18.0,1,20
USR_20962,USR_20962_C03,2025-04-29,6.0,5.96,6,2,7,0,more,0,4,20.0,19.0,2,15
USR_20962,USR_20962_C04,2025-05-14,6.0,5.89,6,2,7,0,normal,0,5,15.0,17.666666666666668,3,20
USR_20962,USR_20962_C05,2025-06-03,6.0,5.94,6,2,7,0,normal,0,6,20.0,18.25,4,20
USR_20962,USR_20962_C06,2025-06-23,6.0,5.68,6,2,7,0,normal,0,6,20.0,18.6,5,18
USR_20962,USR_20962_C07,2025-07-11,6.0,5.73,6,2,7,0,normal,0,7,18.0,18.5,6,16
USR_20962,USR_20962_C08,2025-07-27,6.0,5.93,6,2,7,0,normal,0,7,16.0,18.142857142857142,7,20
USR_20962,USR_20962_C09,2025-08-16,6.0,5.88,6,2,7,0,normal,0,8,20.0,18.375,8,17
USR_20963,USR_20963_C01,2025-03-06,6.0,5.94,4,3,7,1,normal,0,3,,,0,16
USR_20963,USR_20963_C02,2025-03-22,6.0,5.87,4,3,7,1,normal,0,3,16.0,16.0,1,15
USR_20963,USR_20963_C03,2025-04-06,6.0,5.7,4,3,7,1,more,0,4,15.0,15.5,2,11
USR_20963,USR_20963_C04,2025-04-17,6.0,3.52,4,3,7,1,normal,0,4,11.0,14.0,3,7
USR_20963,USR_20963_C05,2025-04-24,6.0,4.12,4,3,7,1,normal,0,4,7.0,12.25,4,11
USR_20964,USR_20964_C01,2025-03-03,6.0,5.97,2,2,7,1,normal,0,3,,,0,20
USR_20964,USR_20964_C02,2025-03-23,6.0,5.72,2,2,7,1,normal,0,3,20.0,20.0,1,17
USR_20964,USR_20964_C03,2025-04-09,6.0,3.33,2,2,7,1,normal,0,4,17.0,18.5,2,9
USR_20964,USR_20964_C04,2025-04-18,6.0,5.79,2,2,7,1,normal,0,4,9.0,15.333333333333334,3,18
USR_20964,USR_20964_C05,2025-05-06,6.0,5.81,2,2,7,1,less,0,5,18.0,16.0,4,22
USR_20964,USR_20964_C06,2025-05-28,6.0,5.85,2,2,7,1,more,0,5,22.0,17.2,5,16
USR_20964,USR_20964_C07,2025-06-13,6.0,3.78,2,2,7,1,normal,0,6,16.0,17.0,6,14
USR_20964,USR_20964_C08,2025-06-27,6.0,5.63,2,2,7,1,more,0,6,14.0,16.571428571428573,7,15
USR_20965,USR_20965_C01,2025-04-21,12.5,12.14,7,2,6,1,normal,0,4,,,0,31
USR_20965,USR_20965_C02,2025-05-22,12.5,12.14,7,2,6,1,normal,0,5,31.0,31.0,1,30
USR_20965,USR_20965_C03,2025-06-21,12.5,12.09,7,2,6,1,normal,0,6,30.0,30.5,2,29
USR_20965,USR_20965_C04,2025-07-20,12.5,11.92,7,2,6,1,normal,0,7,29.0,30.0,3,26
USR_20965,USR_20965_C05,2025-08-15,12.5,12.16,7,2,6,1,normal,0,8,26.0,29.0,4,34
USR_20965,USR_20965_C06,2025-09-18,12.5,8.55,7,2,6,1,normal,0,9,34.0,30.0,5,26
USR_20965,USR_20965_C07,2025-10-14,12.5,11.61,7,2,6,1,normal,0,10,26.0,29.333333333333332,6,33
USR_20965,USR_20965_C08,2025-11-16,12.5,10.03,7,2,6,1,normal,0,11,33.0,29.857142857142858,7,26
USR_20965,USR_20965_C09,2025-12-12,12.5,11.77,7,2,6,1,more,1,12,26.0,29.375,8,19
USR_20965,USR_20965_C10,2025-12-31,12.5,11.85,7,2,6,1,normal,1,12,19.0,28.22222222222222,9,24
USR_20965,USR_20965_C11,2026-01-24,12.5,12.43,7,2,6,1,normal,1,1,24.0,27.8,10,26
USR_20966,USR_20966_C01,2025-04-07,12.5,12.32,7,3,7,0,normal,0,4,,,0,33
USR_20966,USR_20966_C02,2025-05-10,12.5,12.49,7,3,7,0,normal,0,5,33.0,33.0,1,31
USR_20966,USR_20966_C03,2025-06-10,12.5,11.79,7,3,7,0,normal,0,6,31.0,32.0,2,30
USR_20967,USR_20967_C01,2025-03-12,12.5,11.82,5,2,6,1,normal,0,3,,,0,26
USR_20967,USR_20967_C02,2025-04-07,12.5,11.63,5,2,6,1,more,0,4,26.0,26.0,1,24
USR_20967,USR_20967_C03,2025-05-01,12.5,12.23,5,2,6,1,normal,0,5,24.0,25.0,2,31
USR_20967,USR_20967_C04,2025-06-01,12.5,10.15,5,2,6,1,normal,0,6,31.0,27.0,3,23
USR_20967,USR_20967_C05,2025-06-24,12.5,11.61,5,2,6,1,normal,0,6,23.0,26.0,4,30
USR_20967,USR_20967_C06,2025-07-24,12.5,11.52,5,2,6,1,normal,0,7,30.0,26.8,5,26
USR_20968,USR_20968_C01,2025-03-07,12.5,12.17,5,2,4,0,normal,0,3,,,0,44
USR_20968,USR_20968_C02,2025-04-20,12.5,12.19,5,2,4,0,normal,0,4,44.0,44.0,1,48
USR_20968,USR_20968_C03,2025-06-07,12.5,12.02,5,2,4,0,normal,0,6,48.0,46.0,2,52
USR_20968,USR_20968_C04,2025-07-29,12.5,11.72,5,2,4,0,normal,0,7,52.0,48.0,3,49
USR_20968,USR_20968_C05,2025-09-16,12.5,11.76,5,2,4,0,normal,0,9,49.0,48.25,4,53
USR_20968,USR_20968_C06,2025-11-08,12.5,12.01,5,2,4,0,normal,0,11,53.0,49.2,5,51
USR_20968,USR_20968_C07,2025-12-29,12.5,12.48,5,2,4,0,normal,1,12,51.0,49.5,6,57
USR_20969,USR_20969_C01,2025-01-26,12.5,7.5,4,3,6,1,normal,1,1,,,0,20
USR_20969,USR_20969_C02,2025-02-15,12.5,11.78,4,3,6,1,normal,0,2,20.0,20.0,1,33
USR_20969,USR_20969_C03,2025-03-20,12.5,12.37,4,3,6,1,less,0,3,33.0,26.5,2,41
USR_20969,USR_20969_C04,2025-04-30,12.5,11.55,4,3,6,1,normal,0,4,41.0,31.333333333333332,3,31
USR_20969,USR_20969_C05,2025-05-31,12.5,11.58,4,3,6,1,normal,0,5,31.0,31.25,4,34
USR_20970,USR_20970_C01,2025-01-12,12.5,8.76,2,2,7,1,normal,1,1,,,0,31
USR_20970,USR_20970_C02,2025-02-12,12.5,12.35,2,2,7,1,normal,0,2,31.0,31.0,1,47
USR_20970,USR_20970_C03,2025-03-31,12.5,11.7,2,2,7,1,normal,0,3,47.0,39.0,2,44
USR_20970,USR_20970_C04,2025-05-14,12.5,9.06,2,2,7,1,more,0,5,44.0,40.666666666666664,3,25
USR_20970,USR_20970_C05,2025-06-08,12.5,12.44,2,2,7,1,normal,0,6,25.0,36.75,4,39
USR_20970,USR_20970_C06,2025-07-17,12.5,11.7,2,2,7,1,normal,0,7,39.0,37.2,5,44
USR_20970,USR_20970_C07,2025-08-30,12.5,11.58,2,2,7,1,normal,0,8,44.0,38.333333333333336,6,45
USR_20972,USR_20972_C01,2025-02-23,6.0,4.23,4,2,7,1,normal,0,2,,,0,14
USR_20972,USR_20972_C02,2025-03-09,6.0,5.88,4,2,7,1,normal,0,3,14.0,14.0,1,20
USR_20972,USR_20972_C03,2025-03-29,6.0,5.85,4,2,7,1,normal,0,3,20.0,17.0,2,19
USR_20972,USR_20972_C04,2025-04-17,6.0,5.75,4,2,7,1,normal,0,4,19.0,17.666666666666668,3,17
USR_20972,USR_20972_C05,2025-05-04,6.0,5.77,4,2,7,1,more,0,5,17.0,17.5,4,11
USR_20972,USR_20972_C06,2025-05-15,6.0,5.62,4,2,7,1,normal,0,5,11.0,16.2,5,17
USR_20972,USR_20972_C07,2025-06-01,6.0,5.53,4,2,7,1,normal,0,6,17.0,16.333333333333332,6,18
USR_20972,USR_20972_C08,2025-06-19,6.0,5.14,4,2,7,1,more,0,6,18.0,16.571428571428573,7,14
USR_20972,USR_20972_C09,2025-07-03,6.0,5.63,4,2,7,1,normal,0,7,14.0,16.25,8,21
USR_20972,USR_20972_C10,2025-07-24,6.0,5.61,4,2,7,1,normal,0,7,21.0,16.77777777777778,9,16
USR_20972,USR_20972_C11,2025-08-09,6.0,5.55,4,2,7,1,normal,0,8,16.0,16.7,10,18
USR_20972,USR_20972_C12,2025-08-27,6.0,5.8,4,2,7,1,normal,0,8,18.0,16.818181818181817,11,20
USR_20973,USR_20973_C01,2025-03-09,12.5,12.45,4,1,7,1,normal,0,3,,,0,50
USR_20973,USR_20973_C02,2025-04-28,12.5,11.8,4,1,7,1,normal,0,4,50.0,50.0,1,52
USR_20973,USR_20973_C03,2025-06-19,12.5,10.23,4,1,7,1,more,0,6,52.0,51.0,2,29
USR_20974,USR_20974_C01,2025-03-26,6.0,4.19,4,2,7,1,normal,0,3,,,0,13
USR_20974,USR_20974_C02,2025-04-08,6.0,5.73,4,2,7,1,normal,0,4,13.0,13.0,1,17
USR_20975,USR_20975_C01,2025-04-05,12.5,11.86,6,2,6,0,normal,0,4,,,0,43
USR_20975,USR_20975_C02,2025-05-18,12.5,11.56,6,2,6,0,normal,0,5,43.0,43.0,1,47
USR_20975,USR_20975_C03,2025-07-04,12.5,12.38,6,2,6,0,normal,0,7,47.0,45.0,2,52
USR_20975,USR_20975_C04,2025-08-25,12.5,9.2,6,2,6,0,normal,0,8,52.0,47.333333333333336,3,47
USR_20975,USR_20975_C05,2025-10-11,12.5,8.2,6,2,6,0,normal,0,10,47.0,47.25,4,31
USR_20975,USR_20975_C06,2025-11-11,12.5,12.41,6,2,6,0,normal,0,11,31.0,44.0,5,50
USR_20975,USR_20975_C07,2025-12-31,12.5,11.75,6,2,6,0,normal,1,12,50.0,45.0,6,41
USR_20975,USR_20975_C08,2026-02-10,12.5,6.97,6,2,6,0,normal,0,2,41.0,44.42857142857143,7,27
USR_20975,USR_20975_C09,2026-03-09,12.5,12.13,6,2,6,0,normal,0,3,27.0,42.25,8,62
USR_20975,USR_20975_C10,2026-05-10,12.5,12.34,6,2,6,0,normal,0,5,62.0,44.44444444444444,9,52
USR_20975,USR_20975_C11,2026-07-01,12.5,11.66,6,2,6,0,normal,0,7,52.0,45.2,10,44
USR_20975,USR_20975_C12,2026-08-14,12.5,11.93,6,2,6,0,more,0,8,44.0,45.09090909090909,11,35
USR_20976,USR_20976_C01,2025-02-01,6.0,5.63,1,2,7,1,normal,0,2,,,0,23
USR_20976,USR_20976_C02,2025-02-24,6.0,5.98,1,2,7,1,normal,0,2,23.0,23.0,1,28
USR_20976,USR_20976_C03,2025-03-24,6.0,4.34,1,2,7,1,normal,0,3,28.0,25.5,2,17
USR_20976,USR_20976_C04,2025-04-10,6.0,5.08,1,2,7,1,normal,0,4,17.0,22.666666666666668,3,25
USR_20976,USR_20976_C05,2025-05-05,6.0,5.96,1,2,7,1,normal,0,5,25.0,23.25,4,26
USR_20977,USR_20977_C01,2025-02-09,12.5,11.76,5,2,6,1,normal,0,2,,,0,44
USR_20977,USR_20977_C02,2025-03-25,12.5,12.16,5,2,6,1,less,0,3,44.0,44.0,1,69
USR_20978,USR_20978_C01,2025-02-05,12.5,12.43,4,2,7,1,normal,0,2,,,0,35
USR_20978,USR_20978_C02,2025-03-12,12.5,9.03,4,2,7,1,less,0,3,35.0,35.0,1,32
USR_20978,USR_20978_C03,2025-04-13,12.5,8.38,4,2,7,1,normal,0,4,32.0,33.5,2,18
USR_20978,USR_20978_C04,2025-05-01,12.5,11.67,4,2,7,1,more,0,5,18.0,28.333333333333332,3,25
USR_20978,USR_20978_C05,2025-05-26,12.5,11.55,4,2,7,1,normal,0,5,25.0,27.5,4,31
USR_20978,USR_20978_C06,2025-06-26,12.5,11.8,4,2,7,1,normal,0,6,31.0,28.2,5,28
USR_20978,USR_20978_C07,2025-07-24,12.5,10.89,4,2,7,1,normal,0,7,28.0,28.166666666666668,6,25
USR_20978,USR_20978_C08,2025-08-18,12.5,11.77,4,2,7,1,normal,0,8,25.0,27.714285714285715,7,31
USR_20979,USR_20979_C01,2025-03-25,6.0,5.85,5,2,6,1,normal,0,3,,,0,23
USR_20979,USR_20979_C02,2025-04-17,6.0,5.96,5,2,6,1,less,0,4,23.0,23.0,1,27
USR_20979,USR_20979_C03,2025-05-14,6.0,3.45,5,2,6,1,less,0,5,27.0,25.0,2,11
USR_20979,USR_20979_C04,2025-05-25,6.0,5.73,5,2,6,1,normal,0,5,11.0,20.333333333333332,3,17
USR_20979,USR_20979_C05,2025-06-11,6.0,4.45,5,2,6,1,normal,0,6,17.0,19.5,4,15
USR_20979,USR_20979_C06,2025-06-26,6.0,4.75,5,2,6,1,normal,0,6,15.0,18.6,5,17
USR_20979,USR_20979_C07,2025-07-13,6.0,5.39,5,2,6,1,normal,0,7,17.0,18.333333333333332,6,18
USR_20979,USR_20979_C08,2025-07-31,6.0,5.84,5,2,6,1,normal,0,7,18.0,18.285714285714285,7,22
USR_20979,USR_20979_C09,2025-08-22,6.0,5.78,5,2,6,1,more,0,8,22.0,18.75,8,16
USR_20979,USR_20979_C10,2025-09-07,6.0,5.87,5,2,6,1,less,0,9,16.0,18.444444444444443,9,23
USR_20979,USR_20979_C11,2025-09-30,6.0,5.78,5,2,6,1,normal,0,9,23.0,18.9,10,17
USR_20979,USR_20979_C12,2025-10-17,6.0,5.63,5,2,6,1,normal,0,10,17.0,18.727272727272727,11,19
USR_20980,USR_20980_C01,2025-02-04,12.5,11.79,4,2,5,1,normal,0,2,,,0,38
USR_20980,USR_20980_C02,2025-03-14,12.5,12.31,4,2,5,1,normal,0,3,38.0,38.0,1,38
USR_20980,USR_20980_C03,2025-04-21,12.5,8.09,4,2,5,1,normal,0,4,38.0,38.0,2,28
USR_20980,USR_20980_C04,2025-05-19,12.5,11.84,4,2,5,1,normal,0,5,28.0,34.666666666666664,3,33
USR_20980,USR_20980_C05,2025-06-21,12.5,8.11,4,2,5,1,normal,0,6,33.0,34.25,4,26
USR_20980,USR_20980_C06,2025-07-17,12.5,7.88,4,2,5,1,normal,0,7,26.0,32.6,5,25
USR_20981,USR_20981_C01,2025-04-20,6.0,5.77,4,2,7,0,less,0,4,,,0,31
USR_20981,USR_20981_C02,2025-05-21,6.0,3.72,4,2,7,0,less,0,5,31.0,31.0,1,19
USR_20981,USR_20981_C03,2025-06-09,6.0,4.55,4,2,7,0,normal,0,6,19.0,25.0,2,15
USR_20981,USR_20981_C04,2025-06-24,6.0,5.81,4,2,7,0,more,0,6,15.0,21.666666666666668,3,19
USR_20982,USR_20982_C01,2025-03-30,12.5,7.8,5,3,7,0,normal,0,3,,,0,30
USR_20982,USR_20982_C02,2025-04-29,12.5,12.12,5,3,7,0,normal,0,4,30.0,30.0,1,44
USR_20982,USR_20982_C03,2025-06-12,12.5,10.12,5,3,7,0,normal,0,6,44.0,37.0,2,42
USR_20982,USR_20982_C04,2025-07-24,12.5,12.09,5,3,7,0,more,0,7,42.0,38.666666666666664,3,33
USR_20982,USR_20982_C05,2025-08-26,12.5,12.35,5,3,7,0,normal,0,8,33.0,37.25,4,51
USR_20982,USR_20982_C06,2025-10-16,12.5,11.76,5,3,7,0,less,0,10,51.0,40.0,5,54
USR_20982,USR_20982_C07,2025-12-09,12.5,11.62,5,3,7,0,normal,1,12,54.0,42.333333333333336,6,43
USR_20982,USR_20982_C08,2026-01-21,12.5,12.49,5,3,7,0,less,1,1,43.0,42.42857142857143,7,57
USR_20982,USR_20982_C09,2026-03-19,12.5,12.1,5,3,7,0,normal,0,3,57.0,44.25,8,44
USR_20982,USR_20982_C10,2026-05-02,12.5,12.21,5,3,7,0,normal,0,5,44.0,44.22222222222222,9,49
USR_20983,USR_20983_C01,2025-02-07,12.5,12.1,4,2,7,1,normal,0,2,,,0,27
USR_20983,USR_20983_C02,2025-03-06,12.5,12.28,4,2,7,1,normal,0,3,27.0,27.0,1,32
USR_20983,USR_20983_C03,2025-04-07,12.5,12.09,4,2,7,1,normal,0,4,32.0,29.5,2,40
USR_20983,USR_20983_C04,2025-05-17,12.5,11.2,4,2,7,1,normal,0,5,40.0,33.0,3,24
USR_20983,USR_20983_C05,2025-06-10,12.5,7.61,4,2,7,1,normal,0,6,24.0,30.75,4,20
USR_20983,USR_20983_C06,2025-06-30,12.5,11.85,4,2,7,1,more,0,6,20.0,28.6,5,25
USR_20984,USR_20984_C01,2025-03-13,12.5,12.13,5,2,7,1,normal,0,3,,,0,44
USR_20984,USR_20984_C02,2025-04-26,12.5,11.72,5,2,7,1,normal,0,4,44.0,44.0,1,36
USR_20984,USR_20984_C03,2025-06-01,12.5,12.26,5,2,7,1,normal,0,6,36.0,40.0,2,38
USR_20985,USR_20985_C01,2025-01-16,12.5,12.26,6,3,7,1,normal,1,1,,,0,19
USR_20985,USR_20985_C02,2025-02-04,12.5,12.16,6,3,7,1,less,0,2,19.0,19.0,1,24
USR_20985,USR_20985_C03,2025-02-28,12.5,12.25,6,3,7,1,normal,0,2,24.0,21.5,2,22
USR_20985,USR_20985_C04,2025-03-22,12.5,8.27,6,3,7,1,normal,0,3,22.0,21.666666666666668,3,16
USR_20985,USR_20985_C05,2025-04-07,12.5,8.85,6,3,7,1,more,0,4,16.0,20.25,4,12
USR_20985,USR_20985_C06,2025-04-19,12.5,12.01,6,3,7,1,normal,0,4,12.0,18.6,5,23
USR_20985,USR_20985_C07,2025-05-12,12.5,12.07,6,3,7,1,normal,0,5,23.0,19.333333333333332,6,22
USR_20985,USR_20985_C08,2025-06-03,12.5,12.27,6,3,7,1,normal,0,6,22.0,19.714285714285715,7,22
USR_20985,USR_20985_C09,2025-06-25,12.5,11.83,6,3,7,1,more,0,6,22.0,20.0,8,18
USR_20986,USR_20986_C01,2025-02-28,6.0,5.94,3,2,7,0,normal,0,2,,,0,29
USR_20986,USR_20986_C02,2025-03-29,6.0,5.65,3,2,7,0,normal,0,3,29.0,29.0,1,26
USR_20986,USR_20986_C03,2025-04-24,6.0,5.8,3,2,7,0,normal,0,4,26.0,27.5,2,28
USR_20986,USR_20986_C04,2025-05-22,6.0,5.65,3,2,7,0,normal,0,5,28.0,27.666666666666668,3,20
USR_20986,USR_20986_C05,2025-06-11,6.0,5.98,3,2,7,0,normal,0,6,20.0,25.75,4,25
USR_20986,USR_20986_C06,2025-07-06,6.0,5.56,3,2,7,0,normal,0,7,25.0,25.6,5,26
USR_20986,USR_20986_C07,2025-08-01,6.0,5.86,3,2,7,0,more,0,8,26.0,25.666666666666668,6,20
USR_20987,USR_20987_C01,2025-03-15,12.5,12.24,6,2,4,1,normal,0,3,,,0,37
USR_20987,USR_20987_C02,2025-04-21,12.5,11.77,6,2,4,1,more,0,4,37.0,37.0,1,31
USR_20987,USR_20987_C03,2025-05-22,12.5,12.09,6,2,4,1,less,0,5,31.0,34.0,2,46
USR_20987,USR_20987_C04,2025-07-07,12.5,12.34,6,2,4,1,normal,0,7,46.0,38.0,3,40
USR_20987,USR_20987_C05,2025-08-16,12.5,9.99,6,2,4,1,more,0,8,40.0,38.5,4,21
USR_20987,USR_20987_C06,2025-09-06,12.5,12.27,6,2,4,1,normal,0,9,21.0,35.0,5,35
USR_20987,USR_20987_C07,2025-10-11,12.5,12.15,6,2,4,1,normal,0,10,35.0,35.0,6,38
USR_20987,USR_20987_C08,2025-11-18,12.5,12.02,6,2,4,1,normal,0,11,38.0,35.42857142857143,7,32
USR_20987,USR_20987_C09,2025-12-20,12.5,11.53,6,2,4,1,normal,1,12,32.0,35.0,8,34
USR_20987,USR_20987_C10,2026-01-23,12.5,9.04,6,2,4,1,more,1,1,34.0,34.888888888888886,9,20
USR_20987,USR_20987_C11,2026-02-12,12.5,11.73,6,2,4,1,normal,0,2,20.0,33.4,10,34
USR_20988,USR_20988_C01,2025-03-05,12.5,11.74,8,3,5,1,normal,0,3,,,0,20
USR_20988,USR_20988_C02,2025-03-25,12.5,12.35,8,3,5,1,normal,0,3,20.0,20.0,1,26
USR_20988,USR_20988_C03,2025-04-20,12.5,12.33,8,3,5,1,more,0,4,26.0,23.0,2,22
USR_20988,USR_20988_C04,2025-05-12,12.5,11.66,8,3,5,1,normal,0,5,22.0,22.666666666666668,3,21
USR_20988,USR_20988_C05,2025-06-02,12.5,10.13,8,3,5,1,normal,0,6,21.0,22.25,4,17
USR_20988,USR_20988_C06,2025-06-19,12.5,12.41,8,3,5,1,normal,0,6,17.0,21.2,5,24
USR_20988,USR_20988_C07,2025-07-13,12.5,12.43,8,3,5,1,less,0,7,24.0,21.666666666666668,6,38
USR_20988,USR_20988_C08,2025-08-20,12.5,12.4,8,3,5,1,normal,0,8,38.0,24.0,7,28
USR_20988,USR_20988_C09,2025-09-17,12.5,11.86,8,3,5,1,normal,0,9,28.0,24.5,8,25
USR_20989,USR_20989_C01,2025-03-03,12.5,12.16,4,2,4,0,normal,0,3,,,0,66
USR_20989,USR_20989_C02,2025-05-08,12.5,11.83,4,2,4,0,normal,0,5,66.0,66.0,1,69
USR_20989,USR_20989_C03,2025-07-16,12.5,11.97,4,2,4,0,normal,0,7,69.0,67.5,2,72
USR_20990,USR_20990_C01,2025-01-03,6.0,5.7,3,1,6,0,less,1,1,,,0,39
USR_20990,USR_20990_C02,2025-02-11,6.0,5.78,3,1,6,0,less,0,2,39.0,39.0,1,50
USR_20990,USR_20990_C03,2025-04-02,6.0,5.85,3,1,6,0,more,0,4,50.0,44.5,2,28
USR_20990,USR_20990_C04,2025-04-30,6.0,5.86,3,1,6,0,normal,0,4,28.0,39.0,3,36
USR_20990,USR_20990_C05,2025-06-05,6.0,5.56,3,1,6,0,more,0,6,36.0,38.25,4,37
USR_20990,USR_20990_C06,2025-07-12,6.0,5.76,3,1,6,0,normal,0,7,37.0,38.0,5,32
USR_20990,USR_20990_C07,2025-08-13,6.0,3.36,3,1,6,0,normal,0,8,32.0,37.0,6,22
USR_20990,USR_20990_C08,2025-09-04,6.0,5.77,3,1,6,0,normal,0,9,22.0,34.857142857142854,7,40
USR_20990,USR_20990_C09,2025-10-14,6.0,5.61,3,1,6,0,normal,0,10,40.0,35.5,8,37
USR_20990,USR_20990_C10,2025-11-20,6.0,5.81,3,1,6,0,normal,0,11,37.0,35.666666666666664,9,31
USR_20990,USR_20990_C11,2025-12-21,6.0,3.85,3,1,6,0,normal,1,12,31.0,35.2,10,26
USR_20990,USR_20990_C12,2026-01-16,6.0,5.61,3,1,6,0,more,1,1,26.0,34.36363636363637,11,29
USR_20991,USR_20991_C01,2025-04-27,12.5,11.63,2,2,7,1,less,0,4,,,0,51
USR_20991,USR_20991_C02,2025-06-17,12.5,10.6,2,2,7,1,normal,0,6,51.0,51.0,1,37
USR_20991,USR_20991_C03,2025-07-24,12.5,11.51,2,2,7,1,normal,0,7,37.0,44.0,2,39
USR_20991,USR_20991_C04,2025-09-01,12.5,11.23,2,2,7,1,normal,0,9,39.0,42.333333333333336,3,30
USR_20991,USR_20991_C05,2025-10-01,12.5,10.78,2,2,7,1,more,0,10,30.0,39.25,4,25
USR_20991,USR_20991_C06,2025-10-26,12.5,11.61,2,2,7,1,normal,0,10,25.0,36.4,5,36
USR_20991,USR_20991_C07,2025-12-01,12.5,7.16,2,2,7,1,normal,1,12,36.0,36.333333333333336,6,19
USR_20991,USR_20991_C08,2025-12-20,12.5,7.34,2,2,7,1,normal,1,12,19.0,33.857142857142854,7,23
USR_20992,USR_20992_C01,2025-02-11,12.5,12.08,6,1,7,1,normal,0,2,,,0,50
USR_20992,USR_20992_C02,2025-04-02,12.5,10.28,6,1,7,1,normal,0,4,50.0,50.0,1,49
USR_20992,USR_20992_C03,2025-05-21,12.5,11.92,6,1,7,1,normal,0,5,49.0,49.5,2,58
USR_20992,USR_20992_C04,2025-07-18,12.5,10.72,6,1,7,1,more,0,7,58.0,52.333333333333336,3,37
USR_20992,USR_20992_C05,2025-08-24,12.5,12.36,6,1,7,1,normal,0,8,37.0,48.5,4,72
USR_20992,USR_20992_C06,2025-11-04,12.5,11.82,6,1,7,1,normal,0,11,72.0,53.2,5,56
USR_20992,USR_20992_C07,2025-12-30,12.5,12.43,6,1,7,1,normal,1,12,56.0,53.666666666666664,6,53
USR_20992,USR_20992_C08,2026-02-21,12.5,12.24,6,1,7,1,less,0,2,53.0,53.57142857142857,7,58
USR_20993,USR_20993_C01,2025-04-20,6.0,5.67,3,2,7,1,normal,0,4,,,0,20
USR_20993,USR_20993_C02,2025-05-10,6.0,5.58,3,2,7,1,more,0,5,20.0,20.0,1,15
USR_20993,USR_20993_C03,2025-05-25,6.0,5.85,3,2,7,1,more,0,5,15.0,17.5,2,16
USR_20993,USR_20993_C04,2025-06-10,6.0,5.79,3,2,7,1,normal,0,6,16.0,17.0,3,19
USR_20993,USR_20993_C05,2025-06-29,6.0,5.86,3,2,7,1,normal,0,6,19.0,17.5,4,21
USR_20993,USR_20993_C06,2025-07-20,6.0,5.72,3,2,7,1,normal,0,7,21.0,18.2,5,17
USR_20993,USR_20993_C07,2025-08-06,6.0,5.89,3,2,7,1,normal,0,8,17.0,18.0,6,23
USR_20993,USR_20993_C08,2025-08-29,6.0,5.84,3,2,7,1,less,0,8,23.0,18.714285714285715,7,25
USR_20993,USR_20993_C09,2025-09-23,6.0,5.7,3,2,7,1,more,0,9,25.0,19.5,8,15
USR_20993,USR_20993_C10,2025-10-08,6.0,4.84,3,2,7,1,normal,0,10,15.0,19.0,9,15
USR_20994,USR_20994_C01,2025-04-30,12.5,12.04,4,3,7,1,more,0,4,,,0,23
USR_20994,USR_20994_C02,2025-05-23,12.5,7.88,4,3,7,1,normal,0,5,23.0,23.0,1,21
USR_20994,USR_20994_C03,2025-06-13,12.5,11.58,4,3,7,1,normal,0,6,21.0,22.0,2,29
USR_20994,USR_20994_C04,2025-07-12,12.5,12.39,4,3,7,1,normal,0,7,29.0,24.333333333333332,3,33
USR_20994,USR_20994_C05,2025-08-14,12.5,9.36,4,3,7,1,normal,0,8,33.0,26.5,4,26
USR_20994,USR_20994_C06,2025-09-09,12.5,10.96,4,3,7,1,normal,0,9,26.0,26.4,5,30
USR_20994,USR_20994_C07,2025-10-09,12.5,12.32,4,3,7,1,normal,0,10,30.0,27.0,6,32
USR_20994,USR_20994_C08,2025-11-10,12.5,11.99,4,3,7,1,normal,0,11,32.0,27.714285714285715,7,35
USR_20994,USR_20994_C09,2025-12-15,12.5,10.02,4,3,7,1,normal,1,12,35.0,28.625,8,35
USR_20994,USR_20994_C10,2026-01-19,12.5,11.82,4,3,7,1,normal,1,1,35.0,29.333333333333332,9,32
USR_20994,USR_20994_C11,2026-02-20,12.5,11.65,4,3,7,1,normal,0,2,32.0,29.6,10,30
USR_20994,USR_20994_C12,2026-03-22,12.5,12.47,4,3,7,1,normal,0,3,30.0,29.636363636363637,11,40
USR_20995,USR_20995_C01,2025-02-23,6.0,5.86,2,1,7,1,normal,0,2,,,0,18
USR_20995,USR_20995_C02,2025-03-13,6.0,5.59,2,1,7,1,more,0,3,18.0,18.0,1,13
USR_20995,USR_20995_C03,2025-03-26,6.0,5.72,2,1,7,1,normal,0,3,13.0,15.5,2,18
USR_20995,USR_20995_C04,2025-04-13,6.0,4.74,2,1,7,1,normal,0,4,18.0,16.333333333333332,3,16
USR_20995,USR_20995_C05,2025-04-29,6.0,5.35,2,1,7,1,normal,0,4,16.0,16.25,4,14
USR_20995,USR_20995_C06,2025-05-13,6.0,5.82,2,1,7,1,normal,0,5,14.0,15.8,5,18
USR_20995,USR_20995_C07,2025-05-31,6.0,5.68,2,1,7,1,normal,0,5,18.0,16.166666666666668,6,20
USR_20997,USR_20997_C01,2025-01-10,12.5,11.29,7,3,7,1,normal,1,1,,,0,27
USR_20997,USR_20997_C02,2025-02-06,12.5,11.59,7,3,7,1,more,0,2,27.0,27.0,1,28
USR_20997,USR_20997_C03,2025-03-06,12.5,11.72,7,3,7,1,less,0,3,28.0,27.5,2,35
USR_20997,USR_20997_C04,2025-04-10,12.5,12.42,7,3,7,1,normal,0,4,35.0,30.0,3,36
USR_20997,USR_20997_C05,2025-05-16,12.5,12.36,7,3,7,1,normal,0,5,36.0,31.5,4,41
USR_20997,USR_20997_C06,2025-06-26,12.5,11.68,7,3,7,1,normal,0,6,41.0,33.4,5,33
USR_20997,USR_20997_C07,2025-07-29,12.5,12.01,7,3,7,1,normal,0,7,33.0,33.333333333333336,6,32
USR_20999,USR_20999_C01,2025-03-17,12.5,12.49,4,3,6,1,normal,0,3,,,0,25
USR_20999,USR_20999_C02,2025-04-11,12.5,12.48,4,3,6,1,normal,0,4,25.0,25.0,1,28
USR_20999,USR_20999_C03,2025-05-09,12.5,11.92,4,3,6,1,normal,0,5,28.0,26.5,2,22
USR_20999,USR_20999_C04,2025-05-31,12.5,12.24,4,3,6,1,normal,0,5,22.0,25.0,3,24
USR_20999,USR_20999_C05,2025-06-24,12.5,8.58,4,3,6,1,more,0,6,24.0,24.75,4,14
USR_21000,USR_21000_C01,2025-01-17,12.5,12.49,5,2,6,1,normal,1,1,,,0,37
USR_21000,USR_21000_C02,2025-02-23,12.5,12.16,5,2,6,1,normal,0,2,37.0,37.0,1,43
USR_21000,USR_21000_C03,2025-04-07,12.5,12.38,5,2,6,1,normal,0,4,43.0,40.0,2,47
USR_21000,USR_21000_C04,2025-05-24,12.5,11.01,5,2,6,1,normal,0,5,47.0,42.333333333333336,3,41
USR_21000,USR_21000_C05,2025-07-04,12.5,11.7,5,2,6,1,normal,0,7,41.0,42.0,4,39
USR_21000,USR_21000_C06,2025-08-12,12.5,11.66,5,2,6,1,less,0,8,39.0,41.4,5,40
USR_21000,USR_21000_C07,2025-09-21,12.5,10.36,5,2,6,1,normal,0,9,40.0,41.166666666666664,6,36
USR_21001,USR_21001_C01,2025-01-16,6.0,5.76,2,3,7,1,normal,1,1,,,0,19
USR_21001,USR_21001_C02,2025-02-04,6.0,6.0,2,3,7,1,normal,0,2,19.0,19.0,1,28
USR_21001,USR_21001_C03,2025-03-04,6.0,5.57,2,3,7,1,normal,0,3,28.0,23.5,2,23
USR_21001,USR_21001_C04,2025-03-27,6.0,5.4,2,3,7,1,more,0,3,23.0,23.333333333333332,3,14
USR_21001,USR_21001_C05,2025-04-10,6.0,5.73,2,3,7,1,more,0,4,14.0,21.0,4,16
USR_21001,USR_21001_C06,2025-04-26,6.0,5.93,2,3,7,1,normal,0,4,16.0,20.0,5,23
USR_21001,USR_21001_C07,2025-05-19,6.0,4.54,2,3,7,1,normal,0,5,23.0,20.5,6,16
USR_21003,USR_21003_C01,2025-03-26,12.5,11.65,8,3,7,1,normal,0,3,,,0,29
USR_21003,USR_21003_C02,2025-04-24,12.5,9.1,8,3,7,1,normal,0,4,29.0,29.0,1,26
USR_21003,USR_21003_C03,2025-05-20,12.5,12.22,8,3,7,1,normal,0,5,26.0,27.5,2,33
USR_21003,USR_21003_C04,2025-06-22,12.5,11.57,8,3,7,1,normal,0,6,33.0,29.333333333333332,3,30
USR_21003,USR_21003_C05,2025-07-22,12.5,7.49,8,3,7,1,normal,0,7,30.0,29.5,4,17
USR_21003,USR_21003_C06,2025-08-08,12.5,12.13,8,3,7,1,normal,0,8,17.0,27.0,5,30
USR_21003,USR_21003_C07,2025-09-07,12.5,10.79,8,3,7,1,normal,0,9,30.0,27.5,6,25
USR_21003,USR_21003_C08,2025-10-02,12.5,11.76,8,3,7,1,normal,0,10,25.0,27.142857142857142,7,28
USR_21003,USR_21003_C09,2025-10-30,12.5,11.54,8,3,7,1,more,0,10,28.0,27.25,8,20
USR_21004,USR_21004_C01,2025-01-23,6.0,5.83,2,3,6,0,normal,1,1,,,0,28
USR_21004,USR_21004_C02,2025-02-20,6.0,5.56,2,3,6,0,more,0,2,28.0,28.0,1,27
USR_21004,USR_21004_C03,2025-03-19,6.0,5.59,2,3,6,0,normal,0,3,27.0,27.5,2,34
USR_21004,USR_21004_C04,2025-04-22,6.0,5.58,2,3,6,0,normal,0,4,34.0,29.666666666666668,3,32
USR_21004,USR_21004_C05,2025-05-24,6.0,5.52,2,3,6,0,more,0,5,32.0,30.25,4,25
USR_21004,USR_21004_C06,2025-06-18,6.0,5.7,2,3,6,0,normal,0,6,25.0,29.2,5,30
USR_21004,USR_21004_C07,2025-07-18,6.0,3.8,2,3,6,0,normal,0,7,30.0,29.333333333333332,6,23
USR_21005,USR_21005_C01,2025-04-12,6.0,5.9,2,2,6,1,less,0,4,,,0,29
USR_21005,USR_21005_C02,2025-05-11,6.0,5.77,2,2,6,1,normal,0,5,29.0,29.0,1,19
USR_21005,USR_21005_C03,2025-05-30,6.0,5.63,2,2,6,1,normal,0,5,19.0,24.0,2,23
USR_21005,USR_21005_C04,2025-06-22,6.0,5.87,2,2,6,1,normal,0,6,23.0,23.666666666666668,3,24
USR_21005,USR_21005_C05,2025-07-16,6.0,5.97,2,2,6,1,normal,0,7,24.0,23.75,4,21
USR_21006,USR_21006_C01,2025-03-18,12.5,7.56,6,2,7,0,normal,0,3,,,0,50
USR_21006,USR_21006_C02,2025-05-07,12.5,11.53,6,2,7,0,more,0,5,50.0,50.0,1,58
USR_21006,USR_21006_C03,2025-07-04,12.5,12.27,6,2,7,0,more,0,7,58.0,54.0,2,43
USR_21006,USR_21006_C04,2025-08-16,12.5,11.7,6,2,7,0,normal,0,8,43.0,50.333333333333336,3,54
USR_21006,USR_21006_C05,2025-10-09,12.5,7.0,6,2,7,0,normal,0,10,54.0,51.25,4,33
USR_21006,USR_21006_C06,2025-11-11,12.5,11.66,6,2,7,0,normal,0,11,33.0,47.6,5,53
USR_21006,USR_21006_C07,2026-01-03,12.5,12.44,6,2,7,0,normal,1,1,53.0,48.5,6,58
USR_21006,USR_21006_C08,2026-03-02,12.5,12.07,6,2,7,0,normal,0,3,58.0,49.857142857142854,7,55
USR_21007,USR_21007_C01,2025-02-13,6.0,5.83,5,2,7,1,normal,0,2,,,0,17
USR_21007,USR_21007_C02,2025-03-02,6.0,6.0,5,2,7,1,normal,0,3,17.0,17.0,1,15
USR_21007,USR_21007_C03,2025-03-17,6.0,4.0,5,2,7,1,normal,0,3,15.0,16.0,2,11
USR_21007,USR_21007_C04,2025-03-28,6.0,5.64,5,2,7,1,more,0,3,11.0,14.333333333333334,3,14
USR_21007,USR_21007_C05,2025-04-11,6.0,5.8,5,2,7,1,normal,0,4,14.0,14.25,4,15
USR_21008,USR_21008_C01,2025-02-24,6.0,5.7,2,2,5,1,normal,0,2,,,0,27
USR_21008,USR_21008_C02,2025-03-23,6.0,5.59,2,2,5,1,normal,0,3,27.0,27.0,1,28
USR_21008,USR_21008_C03,2025-04-20,6.0,5.73,2,2,5,1,normal,0,4,28.0,27.5,2,26
USR_21008,USR_21008_C04,2025-05-16,6.0,5.94,2,2,5,1,less,0,5,26.0,27.0,3,29
USR_21008,USR_21008_C05,2025-06-14,6.0,5.64,2,2,5,1,normal,0,6,29.0,27.5,4,26
USR_21008,USR_21008_C06,2025-07-10,6.0,5.94,2,2,5,1,normal,0,7,26.0,27.2,5,28
USR_21009,USR_21009_C01,2025-01-11,12.5,12.38,4,2,7,0,normal,1,1,,,0,65
USR_21009,USR_21009_C02,2025-03-17,12.5,12.47,4,2,7,0,normal,0,3,65.0,65.0,1,75
USR_21009,USR_21009_C03,2025-05-31,12.5,11.79,4,2,7,0,normal,0,5,75.0,70.0,2,75
USR_21009,USR_21009_C04,2025-08-14,12.5,9.3,4,2,7,0,normal,0,8,75.0,71.66666666666667,3,69
USR_21009,USR_21009_C05,2025-10-22,12.5,11.79,4,2,7,0,more,0,10,69.0,71.0,4,48
USR_21010,USR_21010_C01,2025-04-10,6.0,5.55,4,2,7,1,normal,0,4,,,0,20
USR_21010,USR_21010_C02,2025-04-30,6.0,5.53,4,2,7,1,normal,0,4,20.0,20.0,1,20
USR_21010,USR_21010_C03,2025-05-20,6.0,5.55,4,2,7,1,normal,0,5,20.0,20.0,2,21
USR_21010,USR_21010_C04,2025-06-10,6.0,5.89,4,2,7,1,normal,0,6,21.0,20.333333333333332,3,19
USR_21010,USR_21010_C05,2025-06-29,6.0,5.83,4,2,7,1,normal,0,6,19.0,20.0,4,22
USR_21010,USR_21010_C06,2025-07-21,6.0,5.8,4,2,7,1,normal,0,7,22.0,20.4,5,20
USR_21010,USR_21010_C07,2025-08-10,6.0,5.76,4,2,7,1,normal,0,8,20.0,20.333333333333332,6,19
USR_21013,USR_21013_C01,2025-03-07,12.5,12.37,7,1,4,1,more,0,3,,,0,24
USR_21013,USR_21013_C02,2025-03-31,12.5,7.18,7,1,4,1,normal,0,3,24.0,24.0,1,18
USR_21013,USR_21013_C03,2025-04-18,12.5,12.13,7,1,4,1,normal,0,4,18.0,21.0,2,28
USR_21014,USR_21014_C01,2025-04-03,6.0,5.69,3,3,7,1,normal,0,4,,,0,19
USR_21014,USR_21014_C02,2025-04-22,6.0,5.66,3,3,7,1,normal,0,4,19.0,19.0,1,17
USR_21016,USR_21016_C01,2025-04-13,12.5,11.97,5,2,6,1,more,0,4,,,0,27
USR_21016,USR_21016_C02,2025-05-10,12.5,11.62,5,2,6,1,normal,0,5,27.0,27.0,1,32
USR_21016,USR_21016_C03,2025-06-11,12.5,12.34,5,2,6,1,normal,0,6,32.0,29.5,2,34
USR_21016,USR_21016_C04,2025-07-15,12.5,12.2,5,2,6,1,normal,0,7,34.0,31.0,3,35
USR_21016,USR_21016_C05,2025-08-19,12.5,11.97,5,2,6,1,normal,0,8,35.0,32.0,4,33
USR_21016,USR_21016_C06,2025-09-21,12.5,12.33,5,2,6,1,normal,0,9,33.0,32.2,5,35
USR_21016,USR_21016_C07,2025-10-26,12.5,9.98,5,2,6,1,normal,0,10,35.0,32.666666666666664,6,34
USR_21016,USR_21016_C08,2025-11-29,12.5,12.04,5,2,6,1,normal,0,11,34.0,32.857142857142854,7,29
USR_21017,USR_21017_C01,2025-02-12,12.5,11.69,6,1,7,1,normal,0,2,,,0,33
USR_21017,USR_21017_C02,2025-03-17,12.5,12.4,6,1,7,1,more,0,3,33.0,33.0,1,24
USR_21017,USR_21017_C03,2025-04-10,12.5,9.1,6,1,7,1,normal,0,4,24.0,28.5,2,28
USR_21017,USR_21017_C04,2025-05-08,12.5,12.46,6,1,7,1,normal,0,5,28.0,28.333333333333332,3,37
USR_21017,USR_21017_C05,2025-06-14,12.5,12.09,6,1,7,1,normal,0,6,37.0,30.5,4,33
USR_21017,USR_21017_C06,2025-07-17,12.5,12.48,6,1,7,1,normal,0,7,33.0,31.0,5,35
USR_21017,USR_21017_C07,2025-08-21,12.5,11.65,6,1,7,1,less,0,8,35.0,31.666666666666668,6,36
USR_21017,USR_21017_C08,2025-09-26,12.5,11.88,6,1,7,1,normal,0,9,36.0,32.285714285714285,7,34
USR_21019,USR_21019_C01,2025-01-08,12.5,11.34,6,1,7,1,normal,1,1,,,0,27
USR_21019,USR_21019_C02,2025-02-04,12.5,12.13,6,1,7,1,normal,0,2,27.0,27.0,1,30
USR_21019,USR_21019_C03,2025-03-06,12.5,11.97,6,1,7,1,normal,0,3,30.0,28.5,2,30
USR_21019,USR_21019_C04,2025-04-05,12.5,11.33,6,1,7,1,normal,0,4,30.0,29.0,3,27
USR_21019,USR_21019_C05,2025-05-02,12.5,11.59,6,1,7,1,normal,0,5,27.0,28.5,4,22
USR_21019,USR_21019_C06,2025-05-24,12.5,9.82,6,1,7,1,normal,0,5,22.0,27.2,5,23
USR_21019,USR_21019_C07,2025-06-16,12.5,11.59,6,1,7,1,normal,0,6,23.0,26.5,6,29
USR_21019,USR_21019_C08,2025-07-15,12.5,12.37,6,1,7,1,normal,0,7,29.0,26.857142857142858,7,28
USR_21019,USR_21019_C09,2025-08-12,12.5,7.47,6,1,7,1,normal,0,8,28.0,27.0,8,20
USR_21020,USR_21020_C01,2025-01-20,12.5,11.24,6,2,4,1,normal,1,1,,,0,32
USR_21020,USR_21020_C02,2025-02-21,12.5,11.65,6,2,4,1,normal,0,2,32.0,32.0,1,36
USR_21020,USR_21020_C03,2025-03-29,12.5,12.45,6,2,4,1,normal,0,3,36.0,34.0,2,42
USR_21020,USR_21020_C04,2025-05-10,12.5,6.97,6,2,4,1,normal,0,5,42.0,36.666666666666664,3,29
USR_21020,USR_21020_C05,2025-06-08,12.5,11.52,6,2,4,1,normal,0,6,29.0,34.75,4,35
USR_21021,USR_21021_C01,2025-01-13,12.5,11.86,5,2,7,1,normal,1,1,,,0,40
USR_21021,USR_21021_C02,2025-02-22,12.5,10.38,5,2,7,1,normal,0,2,40.0,40.0,1,38
USR_21021,USR_21021_C03,2025-04-01,12.5,12.46,5,2,7,1,normal,0,4,38.0,39.0,2,37
USR_21021,USR_21021_C04,2025-05-08,12.5,11.97,5,2,7,1,normal,0,5,37.0,38.333333333333336,3,40
USR_21021,USR_21021_C05,2025-06-17,12.5,10.38,5,2,7,1,normal,0,6,40.0,38.75,4,35
USR_21025,USR_21025_C01,2025-02-11,6.0,5.8,2,1,7,1,normal,0,2,,,0,29
USR_21025,USR_21025_C02,2025-03-12,6.0,5.71,2,1,7,1,normal,0,3,29.0,29.0,1,28
USR_21025,USR_21025_C03,2025-04-09,6.0,4.68,2,1,7,1,more,0,4,28.0,28.5,2,19
USR_21025,USR_21025_C04,2025-04-28,6.0,5.87,2,1,7,1,less,0,4,19.0,25.333333333333332,3,54
USR_21025,USR_21025_C05,2025-06-21,6.0,4.3,2,1,7,1,normal,0,6,54.0,32.5,4,20
USR_21025,USR_21025_C06,2025-07-11,6.0,5.35,2,1,7,1,normal,0,7,20.0,30.0,5,25
USR_21025,USR_21025_C07,2025-08-05,6.0,5.53,2,1,7,1,normal,0,8,25.0,29.166666666666668,6,26
USR_21027,USR_21027_C01,2025-04-07,6.0,5.63,5,2,7,1,normal,0,4,,,0,14
USR_21027,USR_21027_C02,2025-04-21,6.0,3.44,5,2,7,1,normal,0,4,14.0,14.0,1,11
USR_21028,USR_21028_C01,2025-03-10,12.5,8.4,7,2,6,1,less,0,3,,,0,27
USR_21028,USR_21028_C02,2025-04-06,12.5,12.12,7,2,6,1,normal,0,4,27.0,27.0,1,38
USR_21028,USR_21028_C03,2025-05-14,12.5,11.7,7,2,6,1,normal,0,5,38.0,32.5,2,33
USR_21028,USR_21028_C04,2025-06-16,12.5,12.08,7,2,6,1,normal,0,6,33.0,32.666666666666664,3,41
USR_21028,USR_21028_C05,2025-07-27,12.5,11.68,7,2,6,1,normal,0,7,41.0,34.75,4,37
USR_21028,USR_21028_C06,2025-09-02,12.5,12.0,7,2,6,1,normal,0,9,37.0,35.2,5,35
USR_21028,USR_21028_C07,2025-10-07,12.5,11.75,7,2,6,1,more,0,10,35.0,35.166666666666664,6,28
USR_21028,USR_21028_C08,2025-11-04,12.5,12.29,7,2,6,1,normal,0,11,28.0,34.142857142857146,7,38
USR_21028,USR_21028_C09,2025-12-12,12.5,12.48,7,2,6,1,normal,1,12,38.0,34.625,8,37
USR_21029,USR_21029_C01,2025-03-15,6.0,5.53,4,2,7,1,normal,0,3,,,0,23
USR_21029,USR_21029_C02,2025-04-07,6.0,5.31,4,2,7,1,normal,0,4,23.0,23.0,1,21
USR_21029,USR_21029_C03,2025-04-28,6.0,5.15,4,2,7,1,less,0,4,21.0,22.0,2,24
USR_21029,USR_21029_C04,2025-05-22,6.0,5.56,4,2,7,1,normal,0,5,24.0,22.666666666666668,3,20
USR_21029,USR_21029_C05,2025-06-11,6.0,5.64,4,2,7,1,normal,0,6,20.0,22.0,4,26
USR_21029,USR_21029_C06,2025-07-07,6.0,5.6,4,2,7,1,normal,0,7,26.0,22.8,5,22
USR_21029,USR_21029_C07,2025-07-29,6.0,5.74,4,2,7,1,more,0,7,22.0,22.666666666666668,6,20
USR_21029,USR_21029_C08,2025-08-18,6.0,5.69,4,2,7,1,normal,0,8,20.0,22.285714285714285,7,23
USR_21029,USR_21029_C09,2025-09-10,6.0,5.26,4,2,7,1,normal,0,9,23.0,22.375,8,19
USR_21029,USR_21029_C10,2025-09-29,6.0,5.99,4,2,7,1,normal,0,9,19.0,22.0,9,19
USR_21030,USR_21030_C01,2025-02-13,12.5,11.83,3,2,7,1,normal,0,2,,,0,39
USR_21030,USR_21030_C02,2025-03-24,12.5,11.52,3,2,7,1,more,0,3,39.0,39.0,1,31
USR_21030,USR_21030_C03,2025-04-24,12.5,11.76,3,2,7,1,normal,0,4,31.0,35.0,2,37
USR_21030,USR_21030_C04,2025-05-31,12.5,12.3,3,2,7,1,normal,0,5,37.0,35.666666666666664,3,48
USR_21030,USR_21030_C05,2025-07-18,12.5,11.74,3,2,7,1,more,0,7,48.0,38.75,4,35
USR_21030,USR_21030_C06,2025-08-22,12.5,12.26,3,2,7,1,normal,0,8,35.0,38.0,5,38
USR_21030,USR_21030_C07,2025-09-29,12.5,10.95,3,2,7,1,normal,0,9,38.0,38.0,6,41
USR_21031,USR_21031_C01,2025-02-23,6.0,5.9,2,2,7,1,normal,0,2,,,0,24
USR_21031,USR_21031_C02,2025-03-19,6.0,5.62,2,2,7,1,normal,0,3,24.0,24.0,1,22
USR_21031,USR_21031_C03,2025-04-10,6.0,5.67,2,2,7,1,normal,0,4,22.0,23.0,2,20
USR_21031,USR_21031_C04,2025-04-30,6.0,6.0,2,2,7,1,normal,0,4,20.0,22.0,3,22
USR_21031,USR_21031_C05,2025-05-22,6.0,4.0,2,2,7,1,less,0,5,22.0,22.0,4,20
USR_21032,USR_21032_C01,2025-01-14,12.5,7.88,6,2,6,1,normal,1,1,,,0,28
USR_21032,USR_21032_C02,2025-02-11,12.5,8.32,6,2,6,1,normal,0,2,28.0,28.0,1,26
USR_21032,USR_21032_C03,2025-03-09,12.5,12.06,6,2,6,1,normal,0,3,26.0,27.0,2,38
USR_21032,USR_21032_C04,2025-04-16,12.5,12.18,6,2,6,1,normal,0,4,38.0,30.666666666666668,3,31
USR_21032,USR_21032_C05,2025-05-17,12.5,12.38,6,2,6,1,normal,0,5,31.0,30.75,4,42
USR_21032,USR_21032_C06,2025-06-28,12.5,7.77,6,2,6,1,normal,0,6,42.0,33.0,5,24
USR_21032,USR_21032_C07,2025-07-22,12.5,11.62,6,2,6,1,less,0,7,24.0,31.5,6,50
USR_21032,USR_21032_C08,2025-09-10,12.5,8.58,6,2,6,1,normal,0,9,50.0,34.142857142857146,7,26
USR_21032,USR_21032_C09,2025-10-06,12.5,12.42,6,2,6,1,normal,0,10,26.0,33.125,8,46
USR_21032,USR_21032_C10,2025-11-21,12.5,11.95,6,2,6,1,more,0,11,46.0,34.55555555555556,9,33
USR_21033,USR_21033_C01,2025-03-30,12.5,12.39,2,1,7,1,normal,0,3,,,0,49
USR_21033,USR_21033_C02,2025-05-18,12.5,12.45,2,1,7,1,normal,0,5,49.0,49.0,1,48
USR_21033,USR_21033_C03,2025-07-05,12.5,12.15,2,1,7,1,normal,0,7,48.0,48.5,2,42
USR_21033,USR_21033_C04,2025-08-16,12.5,12.25,2,1,7,1,normal,0,8,42.0,46.333333333333336,3,43
USR_21033,USR_21033_C05,2025-09-28,12.5,11.61,2,1,7,1,more,0,9,43.0,45.5,4,37
USR_21034,USR_21034_C01,2025-01-13,6.0,5.76,6,1,7,1,normal,1,1,,,0,24
USR_21034,USR_21034_C02,2025-02-06,6.0,5.73,6,1,7,1,normal,0,2,24.0,24.0,1,22
USR_21034,USR_21034_C03,2025-02-28,6.0,5.96,6,1,7,1,normal,0,2,22.0,23.0,2,27
USR_21034,USR_21034_C04,2025-03-27,6.0,3.55,6,1,7,1,normal,0,3,27.0,24.333333333333332,3,16
USR_21035,USR_21035_C01,2025-02-07,6.0,5.52,3,2,7,1,normal,0,2,,,0,22
USR_21035,USR_21035_C02,2025-03-01,6.0,5.95,3,2,7,1,normal,0,3,22.0,22.0,1,27
USR_21035,USR_21035_C03,2025-03-28,6.0,5.97,3,2,7,1,normal,0,3,27.0,24.5,2,24
USR_21035,USR_21035_C04,2025-04-21,6.0,5.69,3,2,7,1,normal,0,4,24.0,24.333333333333332,3,23
USR_21035,USR_21035_C05,2025-05-14,6.0,5.86,3,2,7,1,normal,0,5,23.0,24.0,4,24
USR_21035,USR_21035_C06,2025-06-07,6.0,5.92,3,2,7,1,more,0,6,24.0,24.0,5,18
USR_21035,USR_21035_C07,2025-06-25,6.0,5.75,3,2,7,1,normal,0,6,18.0,23.0,6,27
USR_21035,USR_21035_C08,2025-07-22,6.0,4.5,3,2,7,1,more,0,7,27.0,23.571428571428573,7,14
USR_21035,USR_21035_C09,2025-08-05,6.0,5.81,3,2,7,1,normal,0,8,14.0,22.375,8,26
USR_21036,USR_21036_C01,2025-03-14,6.0,5.99,4,3,7,0,normal,0,3,,,0,23
USR_21036,USR_21036_C02,2025-04-06,6.0,5.34,4,3,7,0,normal,0,4,23.0,23.0,1,22
USR_21036,USR_21036_C03,2025-04-28,6.0,5.78,4,3,7,0,normal,0,4,22.0,22.5,2,22
USR_21036,USR_21036_C04,2025-05-20,6.0,5.78,4,3,7,0,normal,0,5,22.0,22.333333333333332,3,24
USR_21036,USR_21036_C05,2025-06-13,6.0,5.76,4,3,7,0,normal,0,6,24.0,22.75,4,24
USR_21036,USR_21036_C06,2025-07-07,6.0,5.58,4,3,7,0,normal,0,7,24.0,23.0,5,19
USR_21036,USR_21036_C07,2025-07-26,6.0,5.83,4,3,7,0,normal,0,7,19.0,22.333333333333332,6,26
USR_21037,USR_21037_C01,2025-01-22,12.5,12.27,7,3,6,0,less,1,1,,,0,53
USR_21037,USR_21037_C02,2025-03-16,12.5,11.86,7,3,6,0,normal,0,3,53.0,53.0,1,42
USR_21037,USR_21037_C03,2025-04-27,12.5,12.06,7,3,6,0,less,0,4,42.0,47.5,2,63
USR_21037,USR_21037_C04,2025-06-29,12.5,8.41,7,3,6,0,normal,0,6,63.0,52.666666666666664,3,30
USR_21037,USR_21037_C05,2025-07-29,12.5,12.1,7,3,6,0,normal,0,7,30.0,47.0,4,43
USR_21037,USR_21037_C06,2025-09-10,12.5,12.02,7,3,6,0,normal,0,9,43.0,46.2,5,43
USR_21037,USR_21037_C07,2025-10-23,12.5,11.73,7,3,6,0,normal,0,10,43.0,45.666666666666664,6,38
USR_21038,USR_21038_C01,2025-02-04,12.5,11.8,4,3,5,1,normal,0,2,,,0,48
USR_21038,USR_21038_C02,2025-03-24,12.5,11.58,4,3,5,1,normal,0,3,48.0,48.0,1,42
USR_21038,USR_21038_C03,2025-05-05,12.5,12.2,4,3,5,1,more,0,5,42.0,45.0,2,41
USR_21038,USR_21038_C04,2025-06-15,12.5,12.24,4,3,5,1,normal,0,6,41.0,43.666666666666664,3,43
USR_21038,USR_21038_C05,2025-07-28,12.5,8.33,4,3,5,1,normal,0,7,43.0,43.5,4,32
USR_21038,USR_21038_C06,2025-08-29,12.5,7.06,4,3,5,1,normal,0,8,32.0,41.2,5,32
USR_21039,USR_21039_C01,2025-01-28,12.5,11.94,4,2,7,1,normal,1,1,,,0,42
USR_21039,USR_21039_C02,2025-03-11,12.5,12.3,4,2,7,1,normal,0,3,42.0,42.0,1,33
USR_21039,USR_21039_C03,2025-04-13,12.5,11.8,4,2,7,1,normal,0,4,33.0,37.5,2,33
USR_21039,USR_21039_C04,2025-05-16,12.5,11.51,4,2,7,1,normal,0,5,33.0,36.0,3,46
USR_21039,USR_21039_C05,2025-07-01,12.5,12.05,4,2,7,1,normal,0,7,46.0,38.5,4,47
USR_21039,USR_21039_C06,2025-08-17,12.5,11.72,4,2,7,1,more,0,8,47.0,40.2,5,30
USR_21039,USR_21039_C07,2025-09-16,12.5,12.1,4,2,7,1,normal,0,9,30.0,38.5,6,42
USR_21039,USR_21039_C08,2025-10-28,12.5,12.23,4,2,7,1,more,0,10,42.0,39.0,7,42
USR_21039,USR_21039_C09,2025-12-09,12.5,11.82,4,2,7,1,normal,1,12,42.0,39.375,8,40
USR_21039,USR_21039_C10,2026-01-18,12.5,12.21,4,2,7,1,normal,1,1,40.0,39.44444444444444,9,47
USR_21039,USR_21039_C11,2026-03-06,12.5,11.89,4,2,7,1,normal,0,3,47.0,40.2,10,50
USR_21039,USR_21039_C12,2026-04-25,12.5,11.15,4,2,7,1,normal,0,4,50.0,41.09090909090909,11,39
USR_21040,USR_21040_C01,2025-01-10,6.0,5.71,4,2,7,1,normal,1,1,,,0,21
USR_21040,USR_21040_C02,2025-01-31,6.0,5.7,4,2,7,1,normal,1,1,21.0,21.0,1,17
USR_21040,USR_21040_C03,2025-02-17,6.0,5.73,4,2,7,1,normal,0,2,17.0,19.0,2,23
USR_21040,USR_21040_C04,2025-03-12,6.0,5.94,4,2,7,1,normal,0,3,23.0,20.333333333333332,3,20
USR_21040,USR_21040_C05,2025-04-01,6.0,5.55,4,2,7,1,more,0,4,20.0,20.25,4,16
USR_21040,USR_21040_C06,2025-04-17,6.0,4.83,4,2,7,1,normal,0,4,16.0,19.4,5,16
USR_21040,USR_21040_C07,2025-05-03,6.0,5.92,4,2,7,1,normal,0,5,16.0,18.833333333333332,6,20
USR_21041,USR_21041_C01,2025-01-19,12.5,11.82,5,2,4,0,normal,1,1,,,0,51
USR_21041,USR_21041_C02,2025-03-11,12.5,12.24,5,2,4,0,normal,0,3,51.0,51.0,1,63
USR_21041,USR_21041_C03,2025-05-13,12.5,12.12,5,2,4,0,normal,0,5,63.0,57.0,2,58
USR_21041,USR_21041_C04,2025-07-10,12.5,10.54,5,2,4,0,less,0,7,58.0,57.333333333333336,3,58
USR_21041,USR_21041_C05,2025-09-06,12.5,12.15,5,2,4,0,normal,0,9,58.0,57.5,4,67
USR_21042,USR_21042_C01,2025-04-29,12.5,12.02,4,3,7,1,normal,0,4,,,0,32
USR_21042,USR_21042_C02,2025-05-31,12.5,12.21,4,3,7,1,normal,0,5,32.0,32.0,1,33
USR_21042,USR_21042_C03,2025-07-03,12.5,8.5,4,3,7,1,normal,0,7,33.0,32.5,2,21
USR_21042,USR_21042_C04,2025-07-24,12.5,11.95,4,3,7,1,normal,0,7,21.0,28.666666666666668,3,36
USR_21042,USR_21042_C05,2025-08-29,12.5,11.59,4,3,7,1,normal,0,8,36.0,30.5,4,37
USR_21042,USR_21042_C06,2025-10-05,12.5,12.48,4,3,7,1,normal,0,10,37.0,31.8,5,29
USR_21042,USR_21042_C07,2025-11-03,12.5,11.68,4,3,7,1,normal,0,11,29.0,31.333333333333332,6,27
USR_21042,USR_21042_C08,2025-11-30,12.5,12.31,4,3,7,1,more,0,11,27.0,30.714285714285715,7,33
USR_21043,USR_21043_C01,2025-03-23,12.5,10.7,5,3,7,1,normal,0,3,,,0,25
USR_21043,USR_21043_C02,2025-04-17,12.5,11.58,5,3,7,1,less,0,4,25.0,25.0,1,35
USR_21043,USR_21043_C03,2025-05-22,12.5,12.2,5,3,7,1,normal,0,5,35.0,30.0,2,27
USR_21043,USR_21043_C04,2025-06-18,12.5,12.44,5,3,7,1,more,0,6,27.0,29.0,3,26
USR_21043,USR_21043_C05,2025-07-14,12.5,12.03,5,3,7,1,normal,0,7,26.0,28.25,4,29
USR_21045,USR_21045_C01,2025-03-04,6.0,5.82,6,3,5,1,normal,0,3,,,0,11
USR_21045,USR_21045_C02,2025-03-15,6.0,4.92,6,3,5,1,normal,0,3,11.0,11.0,1,13
USR_21045,USR_21045_C03,2025-03-28,6.0,3.54,6,3,5,1,normal,0,3,13.0,12.0,2,6
USR_21045,USR_21045_C04,2025-04-03,6.0,5.98,6,3,5,1,normal,0,4,6.0,10.0,3,13
USR_21045,USR_21045_C05,2025-04-16,6.0,4.46,6,3,5,1,normal,0,4,13.0,10.75,4,12
USR_21045,USR_21045_C06,2025-04-28,6.0,5.77,6,3,5,1,normal,0,4,12.0,11.0,5,14
USR_21045,USR_21045_C07,2025-05-12,6.0,5.81,6,3,5,1,normal,0,5,14.0,11.5,6,12
USR_21045,USR_21045_C08,2025-05-24,6.0,5.9,6,3,5,1,normal,0,5,12.0,11.571428571428571,7,13
USR_21046,USR_21046_C01,2025-03-26,6.0,5.76,3,3,5,1,normal,0,3,,,0,16
USR_21046,USR_21046_C02,2025-04-11,6.0,3.46,3,3,5,1,normal,0,4,16.0,16.0,1,8
USR_21046,USR_21046_C03,2025-04-19,6.0,6.0,3,3,5,1,less,0,4,8.0,12.0,2,23
USR_21046,USR_21046_C04,2025-05-12,6.0,5.64,3,3,5,1,normal,0,5,23.0,15.666666666666666,3,17
USR_21046,USR_21046_C05,2025-05-29,6.0,5.56,3,3,5,1,normal,0,5,17.0,16.0,4,16
USR_21046,USR_21046_C06,2025-06-14,6.0,3.51,3,3,5,1,normal,0,6,16.0,16.0,5,11
USR_21047,USR_21047_C01,2025-04-14,6.0,5.68,2,2,7,0,normal,0,4,,,0,35
USR_21047,USR_21047_C02,2025-05-19,6.0,4.49,2,2,7,0,normal,0,5,35.0,35.0,1,29
USR_21047,USR_21047_C03,2025-06-17,6.0,5.99,2,2,7,0,normal,0,6,29.0,32.0,2,37
USR_21047,USR_21047_C04,2025-07-24,6.0,3.87,2,2,7,0,normal,0,7,37.0,33.666666666666664,3,21
USR_21047,USR_21047_C05,2025-08-14,6.0,5.98,2,2,7,0,normal,0,8,21.0,30.5,4,38
USR_21047,USR_21047_C06,2025-09-21,6.0,5.76,2,2,7,0,normal,0,9,38.0,32.0,5,40
USR_21049,USR_21049_C01,2025-02-08,6.0,5.76,3,3,7,0,normal,0,2,,,0,27
USR_21049,USR_21049_C02,2025-03-07,6.0,5.96,3,3,7,0,normal,0,3,27.0,27.0,1,28
USR_21049,USR_21049_C03,2025-04-04,6.0,6.0,3,3,7,0,normal,0,4,28.0,27.5,2,28
USR_21049,USR_21049_C04,2025-05-02,6.0,5.95,3,3,7,0,normal,0,5,28.0,27.666666666666668,3,31
USR_21049,USR_21049_C05,2025-06-02,6.0,5.79,3,3,7,0,normal,0,6,31.0,28.5,4,25
USR_21049,USR_21049_C06,2025-06-27,6.0,5.53,3,3,7,0,normal,0,6,25.0,27.8,5,28
USR_21049,USR_21049_C07,2025-07-25,6.0,5.6,3,3,7,0,normal,0,7,28.0,27.833333333333332,6,29
USR_21049,USR_21049_C08,2025-08-23,6.0,5.71,3,3,7,0,more,0,8,29.0,28.0,7,26
USR_21049,USR_21049_C09,2025-09-18,6.0,5.78,3,3,7,0,normal,0,9,26.0,27.75,8,35
USR_21049,USR_21049_C10,2025-10-23,6.0,5.96,3,3,7,0,normal,0,10,35.0,28.555555555555557,9,27
USR_21049,USR_21049_C11,2025-11-19,6.0,5.94,3,3,7,0,less,0,11,27.0,28.4,10,31
USR_21051,USR_21051_C01,2025-02-16,12.5,11.58,4,3,5,1,normal,0,2,,,0,36
USR_21051,USR_21051_C02,2025-03-24,12.5,11.57,4,3,5,1,less,0,3,36.0,36.0,1,41
USR_21051,USR_21051_C03,2025-05-04,12.5,10.5,4,3,5,1,more,0,5,41.0,38.5,2,25
USR_21053,USR_21053_C01,2025-01-12,12.5,8.11,3,2,7,1,normal,1,1,,,0,22
USR_21053,USR_21053_C02,2025-02-03,12.5,11.95,3,2,7,1,normal,0,2,22.0,22.0,1,36
USR_21053,USR_21053_C03,2025-03-11,12.5,11.93,3,2,7,1,normal,0,3,36.0,29.0,2,36
USR_21053,USR_21053_C04,2025-04-16,12.5,12.28,3,2,7,1,normal,0,4,36.0,31.333333333333332,3,33
USR_21053,USR_21053_C05,2025-05-19,12.5,11.62,3,2,7,1,normal,0,5,33.0,31.75,4,39
USR_21053,USR_21053_C06,2025-06-27,12.5,10.94,3,2,7,1,normal,0,6,39.0,33.2,5,36
USR_21055,USR_21055_C01,2025-03-03,12.5,11.97,3,3,7,1,normal,0,3,,,0,39
USR_21055,USR_21055_C02,2025-04-11,12.5,11.59,3,3,7,1,normal,0,4,39.0,39.0,1,39
USR_21055,USR_21055_C03,2025-05-20,12.5,9.33,3,3,7,1,normal,0,5,39.0,39.0,2,29
USR_21056,USR_21056_C01,2025-03-09,6.0,5.62,4,1,7,1,more,0,3,,,0,16
USR_21056,USR_21056_C02,2025-03-25,6.0,6.0,4,1,7,1,normal,0,3,16.0,16.0,1,20
USR_21056,USR_21056_C03,2025-04-14,6.0,4.99,4,1,7,1,normal,0,4,20.0,18.0,2,18
USR_21056,USR_21056_C04,2025-05-02,6.0,5.82,4,1,7,1,more,0,5,18.0,18.0,3,16
USR_21056,USR_21056_C05,2025-05-18,6.0,5.81,4,1,7,1,normal,0,5,16.0,17.5,4,19
USR_21056,USR_21056_C06,2025-06-06,6.0,5.52,4,1,7,1,normal,0,6,19.0,17.8,5,18
USR_21056,USR_21056_C07,2025-06-24,6.0,5.61,4,1,7,1,more,0,6,18.0,17.833333333333332,6,13
USR_21056,USR_21056_C08,2025-07-07,6.0,4.42,4,1,7,1,less,0,7,13.0,17.142857142857142,7,21
USR_21056,USR_21056_C09,2025-07-28,6.0,5.85,4,1,7,1,normal,0,7,21.0,17.625,8,20
USR_21056,USR_21056_C10,2025-08-17,6.0,5.75,4,1,7,1,normal,0,8,20.0,17.88888888888889,9,17
USR_21057,USR_21057_C01,2025-03-19,12.5,12.09,4,3,7,0,normal,0,3,,,0,45
USR_21057,USR_21057_C02,2025-05-03,12.5,12.04,4,3,7,0,more,0,5,45.0,45.0,1,38
USR_21057,USR_21057_C03,2025-06-10,12.5,11.83,4,3,7,0,normal,0,6,38.0,41.5,2,53
USR_21057,USR_21057_C04,2025-08-02,12.5,12.36,4,3,7,0,more,0,8,53.0,45.333333333333336,3,43
USR_21057,USR_21057_C05,2025-09-14,12.5,11.73,4,3,7,0,normal,0,9,43.0,44.75,4,52
USR_21057,USR_21057_C06,2025-11-05,12.5,12.33,4,3,7,0,normal,0,11,52.0,46.2,5,53
USR_21057,USR_21057_C07,2025-12-28,12.5,11.95,4,3,7,0,normal,1,12,53.0,47.333333333333336,6,52
USR_21057,USR_21057_C08,2026-02-18,12.5,11.74,4,3,7,0,normal,0,2,52.0,48.0,7,50
USR_21057,USR_21057_C09,2026-04-09,12.5,11.69,4,3,7,0,normal,0,4,50.0,48.25,8,41
USR_21057,USR_21057_C10,2026-05-20,12.5,11.93,4,3,7,0,normal,0,5,41.0,47.44444444444444,9,52
USR_21058,USR_21058_C01,2025-03-21,6.0,5.77,6,3,7,1,normal,0,3,,,0,14
USR_21058,USR_21058_C02,2025-04-04,6.0,4.06,6,3,7,1,normal,0,4,14.0,14.0,1,8
USR_21058,USR_21058_C03,2025-04-12,6.0,5.84,6,3,7,1,normal,0,4,8.0,11.0,2,11
USR_21058,USR_21058_C04,2025-04-23,6.0,4.48,6,3,7,1,normal,0,4,11.0,11.0,3,8
USR_21058,USR_21058_C05,2025-05-01,6.0,5.78,6,3,7,1,normal,0,5,8.0,10.25,4,12
USR_21058,USR_21058_C06,2025-05-13,6.0,5.67,6,3,7,1,more,0,5,12.0,10.6,5,10
USR_21059,USR_21059_C01,2025-03-25,12.5,7.94,4,1,7,1,normal,0,3,,,0,30
USR_21059,USR_21059_C02,2025-04-24,12.5,12.3,4,1,7,1,less,0,4,30.0,30.0,1,44
USR_21059,USR_21059_C03,2025-06-07,12.5,8.51,4,1,7,1,less,0,6,44.0,37.0,2,29
USR_21059,USR_21059_C04,2025-07-06,12.5,12.22,4,1,7,1,normal,0,7,29.0,34.333333333333336,3,38
USR_21062,USR_21062_C01,2025-01-01,6.0,4.33,2,2,6,1,normal,1,1,,,0,13
USR_21062,USR_21062_C02,2025-01-14,6.0,5.82,2,2,6,1,normal,1,1,13.0,13.0,1,22
USR_21062,USR_21062_C03,2025-02-05,6.0,6.0,2,2,6,1,normal,0,2,22.0,17.5,2,20
USR_21062,USR_21062_C04,2025-02-25,6.0,4.74,2,2,6,1,normal,0,2,20.0,18.333333333333332,3,16
USR_21062,USR_21062_C05,2025-03-13,6.0,5.7,2,2,6,1,normal,0,3,16.0,17.75,4,21
USR_21063,USR_21063_C01,2025-01-15,6.0,5.04,4,1,7,1,normal,1,1,,,0,17
USR_21063,USR_21063_C02,2025-02-01,6.0,5.57,4,1,7,1,normal,0,2,17.0,17.0,1,19
USR_21063,USR_21063_C03,2025-02-20,6.0,3.82,4,1,7,1,normal,0,2,19.0,18.0,2,17
USR_21063,USR_21063_C04,2025-03-09,6.0,5.97,4,1,7,1,normal,0,3,17.0,17.666666666666668,3,28
USR_21063,USR_21063_C05,2025-04-06,6.0,5.9,4,1,7,1,normal,0,4,28.0,20.25,4,27
USR_21063,USR_21063_C06,2025-05-03,6.0,4.05,4,1,7,1,normal,0,5,27.0,21.6,5,17
USR_21063,USR_21063_C07,2025-05-20,6.0,5.56,4,1,7,1,less,0,5,17.0,20.833333333333332,6,27
USR_21063,USR_21063_C08,2025-06-16,6.0,5.43,4,1,7,1,normal,0,6,27.0,21.714285714285715,7,24
USR_21063,USR_21063_C09,2025-07-10,6.0,5.88,4,1,7,1,normal,0,7,24.0,22.0,8,20
USR_21063,USR_21063_C10,2025-07-30,6.0,5.7,4,1,7,1,less,0,7,20.0,21.77777777777778,9,28
USR_21063,USR_21063_C11,2025-08-27,6.0,4.65,4,1,7,1,less,0,8,28.0,22.4,10,24
USR_21064,USR_21064_C01,2025-01-30,12.5,12.09,7,3,5,1,normal,1,1,,,0,25
USR_21064,USR_21064_C02,2025-02-24,12.5,12.27,7,3,5,1,normal,0,2,25.0,25.0,1,26
USR_21064,USR_21064_C03,2025-03-22,12.5,8.5,7,3,5,1,more,0,3,26.0,25.5,2,14
USR_21064,USR_21064_C04,2025-04-05,12.5,8.66,7,3,5,1,normal,0,4,14.0,21.666666666666668,3,26
USR_21064,USR_21064_C05,2025-05-01,12.5,11.89,7,3,5,1,normal,0,5,26.0,22.75,4,25
USR_21064,USR_21064_C06,2025-05-26,12.5,12.35,7,3,5,1,less,0,5,25.0,23.2,5,28
USR_21064,USR_21064_C07,2025-06-23,12.5,11.58,7,3,5,1,normal,0,6,28.0,24.0,6,26
USR_21064,USR_21064_C08,2025-07-19,12.5,12.03,7,3,5,1,normal,0,7,26.0,24.285714285714285,7,25
USR_21064,USR_21064_C09,2025-08-13,12.5,12.46,7,3,5,1,normal,0,8,25.0,24.375,8,29
USR_21065,USR_21065_C01,2025-03-08,6.0,5.75,2,3,7,1,normal,0,3,,,0,24
USR_21065,USR_21065_C02,2025-04-01,6.0,6.0,2,3,7,1,normal,0,4,24.0,24.0,1,23
USR_21065,USR_21065_C03,2025-04-24,6.0,5.82,2,3,7,1,normal,0,4,23.0,23.5,2,20
USR_21065,USR_21065_C04,2025-05-14,6.0,5.98,2,3,7,1,normal,0,5,20.0,22.333333333333332,3,20
USR_21065,USR_21065_C05,2025-06-03,6.0,5.74,2,3,7,1,normal,0,6,20.0,21.75,4,19
USR_21065,USR_21065_C06,2025-06-22,6.0,5.96,2,3,7,1,more,0,6,19.0,21.2,5,16
USR_21066,USR_21066_C01,2025-02-27,12.5,11.94,3,2,5,0,more,0,2,,,0,35
USR_21066,USR_21066_C02,2025-04-03,12.5,11.89,3,2,5,0,normal,0,4,35.0,35.0,1,48
USR_21066,USR_21066_C03,2025-05-21,12.5,12.18,3,2,5,0,more,0,5,48.0,41.5,2,33
USR_21066,USR_21066_C04,2025-06-23,12.5,11.63,3,2,5,0,normal,0,6,33.0,38.666666666666664,3,37
USR_21066,USR_21066_C05,2025-07-30,12.5,11.57,3,2,5,0,normal,0,7,37.0,38.25,4,43
USR_21066,USR_21066_C06,2025-09-11,12.5,8.29,3,2,5,0,normal,0,9,43.0,39.2,5,32
USR_21066,USR_21066_C07,2025-10-13,12.5,12.2,3,2,5,0,normal,0,10,32.0,38.0,6,43
USR_21066,USR_21066_C08,2025-11-25,12.5,11.73,3,2,5,0,normal,0,11,43.0,38.714285714285715,7,44
USR_21066,USR_21066_C09,2026-01-08,12.5,12.39,3,2,5,0,more,1,1,44.0,39.375,8,33
USR_21067,USR_21067_C01,2025-01-17,12.5,11.84,3,3,7,1,normal,1,1,,,0,36
USR_21067,USR_21067_C02,2025-02-22,12.5,12.32,3,3,7,1,normal,0,2,36.0,36.0,1,28
USR_21067,USR_21067_C03,2025-03-22,12.5,11.68,3,3,7,1,normal,0,3,28.0,32.0,2,36
USR_21068,USR_21068_C01,2025-01-21,12.5,10.89,5,1,5,1,normal,1,1,,,0,36
USR_21068,USR_21068_C02,2025-02-26,12.5,12.08,5,1,5,1,normal,0,2,36.0,36.0,1,44
USR_21068,USR_21068_C03,2025-04-11,12.5,11.83,5,1,5,1,less,0,4,44.0,40.0,2,59
USR_21068,USR_21068_C04,2025-06-09,12.5,12.19,5,1,5,1,normal,0,6,59.0,46.333333333333336,3,46
USR_21068,USR_21068_C05,2025-07-25,12.5,12.39,5,1,5,1,normal,0,7,46.0,46.25,4,59
USR_21068,USR_21068_C06,2025-09-22,12.5,12.47,5,1,5,1,more,0,9,59.0,48.8,5,45
USR_21068,USR_21068_C07,2025-11-06,12.5,12.2,5,1,5,1,normal,0,11,45.0,48.166666666666664,6,46
USR_21069,USR_21069_C01,2025-04-27,12.5,11.74,4,2,6,1,more,0,4,,,0,33
USR_21069,USR_21069_C02,2025-05-30,12.5,11.8,4,2,6,1,normal,0,5,33.0,33.0,1,45
USR_21069,USR_21069_C03,2025-07-14,12.5,12.46,4,2,6,1,more,0,7,45.0,39.0,2,37
USR_21070,USR_21070_C01,2025-04-02,12.5,11.03,4,2,6,1,normal,0,4,,,0,42
USR_21070,USR_21070_C02,2025-05-14,12.5,10.17,4,2,6,1,normal,0,5,42.0,42.0,1,36
USR_21070,USR_21070_C03,2025-06-19,12.5,11.6,4,2,6,1,normal,0,6,36.0,39.0,2,36
USR_21070,USR_21070_C04,2025-07-25,12.5,12.46,4,2,6,1,normal,0,7,36.0,38.0,3,43
USR_21070,USR_21070_C05,2025-09-06,12.5,11.65,4,2,6,1,normal,0,9,43.0,39.25,4,50
USR_21070,USR_21070_C06,2025-10-26,12.5,11.95,4,2,6,1,normal,0,10,50.0,41.4,5,50
USR_21071,USR_21071_C01,2025-04-06,6.0,4.12,1,1,7,1,normal,0,4,,,0,21
USR_21071,USR_21071_C02,2025-04-27,6.0,5.87,1,1,7,1,normal,0,4,21.0,21.0,1,32
USR_21071,USR_21071_C03,2025-05-29,6.0,5.56,1,1,7,1,normal,0,5,32.0,26.5,2,23
USR_21071,USR_21071_C04,2025-06-21,6.0,5.94,1,1,7,1,less,0,6,23.0,25.333333333333332,3,38
USR_21072,USR_21072_C01,2025-04-07,12.5,11.99,5,2,7,1,normal,0,4,,,0,38
USR_21072,USR_21072_C02,2025-05-15,12.5,11.91,5,2,7,1,normal,0,5,38.0,38.0,1,41
USR_21072,USR_21072_C03,2025-06-25,12.5,8.0,5,2,7,1,normal,0,6,41.0,39.5,2,29
USR_21072,USR_21072_C04,2025-07-24,12.5,8.35,5,2,7,1,normal,0,7,29.0,36.0,3,32
USR_21072,USR_21072_C05,2025-08-25,12.5,11.19,5,2,7,1,normal,0,8,32.0,35.0,4,42
USR_21072,USR_21072_C06,2025-10-06,12.5,11.62,5,2,7,1,normal,0,10,42.0,36.4,5,38
USR_21073,USR_21073_C01,2025-01-15,12.5,12.08,8,2,5,1,normal,1,1,,,0,26
USR_21073,USR_21073_C02,2025-02-10,12.5,7.46,8,2,5,1,more,0,2,26.0,26.0,1,12
USR_21073,USR_21073_C03,2025-02-22,12.5,11.85,8,2,5,1,normal,0,2,12.0,19.0,2,28
USR_21073,USR_21073_C04,2025-03-22,12.5,11.8,8,2,5,1,normal,0,3,28.0,22.0,3,29
USR_21073,USR_21073_C05,2025-04-20,12.5,12.25,8,2,5,1,normal,0,4,29.0,23.75,4,25
USR_21073,USR_21073_C06,2025-05-15,12.5,9.82,8,2,5,1,normal,0,5,25.0,24.0,5,19
USR_21073,USR_21073_C07,2025-06-03,12.5,12.44,8,2,5,1,normal,0,6,19.0,23.166666666666668,6,29
USR_21073,USR_21073_C08,2025-07-02,12.5,11.98,8,2,5,1,normal,0,7,29.0,24.0,7,25
USR_21075,USR_21075_C01,2025-03-20,6.0,5.82,4,2,7,1,normal,0,3,,,0,21
USR_21075,USR_21075_C02,2025-04-10,6.0,4.28,4,2,7,1,normal,0,4,21.0,21.0,1,15
USR_21075,USR_21075_C03,2025-04-25,6.0,5.52,4,2,7,1,normal,0,4,15.0,18.0,2,20
USR_21075,USR_21075_C04,2025-05-15,6.0,5.89,4,2,7,1,normal,0,5,20.0,18.666666666666668,3,23
USR_21075,USR_21075_C05,2025-06-07,6.0,5.53,4,2,7,1,normal,0,6,23.0,19.75,4,21
USR_21075,USR_21075_C06,2025-06-28,6.0,5.64,4,2,7,1,normal,0,6,21.0,20.0,5,23
USR_21075,USR_21075_C07,2025-07-21,6.0,5.6,4,2,7,1,normal,0,7,23.0,20.5,6,22
USR_21075,USR_21075_C08,2025-08-12,6.0,5.66,4,2,7,1,normal,0,8,22.0,20.714285714285715,7,25
USR_21075,USR_21075_C09,2025-09-06,6.0,5.69,4,2,7,1,normal,0,9,25.0,21.25,8,21
USR_21076,USR_21076_C01,2025-01-05,12.5,10.66,5,2,7,1,normal,1,1,,,0,30
USR_21076,USR_21076_C02,2025-02-04,12.5,9.24,5,2,7,1,normal,0,2,30.0,30.0,1,26
USR_21076,USR_21076_C03,2025-03-02,12.5,12.01,5,2,7,1,more,0,3,26.0,28.0,2,21
USR_21076,USR_21076_C04,2025-03-23,12.5,11.94,5,2,7,1,more,0,3,21.0,25.666666666666668,3,31
USR_21076,USR_21076_C05,2025-04-23,12.5,12.0,5,2,7,1,normal,0,4,31.0,27.0,4,36
USR_21076,USR_21076_C06,2025-05-29,12.5,11.85,5,2,7,1,normal,0,5,36.0,28.8,5,30
USR_21076,USR_21076_C07,2025-06-28,12.5,7.49,5,2,7,1,normal,0,6,30.0,29.0,6,23
USR_21076,USR_21076_C08,2025-07-21,12.5,10.63,5,2,7,1,normal,0,7,23.0,28.142857142857142,7,34
USR_21076,USR_21076_C09,2025-08-24,12.5,11.52,5,2,7,1,normal,0,8,34.0,28.875,8,41
USR_21076,USR_21076_C10,2025-10-04,12.5,11.98,5,2,7,1,normal,0,10,41.0,30.22222222222222,9,35
USR_21076,USR_21076_C11,2025-11-08,12.5,11.9,5,2,7,1,normal,0,11,35.0,30.7,10,37
USR_21077,USR_21077_C01,2025-01-17,12.5,12.15,3,3,6,1,normal,1,1,,,0,27
USR_21077,USR_21077_C02,2025-02-13,12.5,12.23,3,3,6,1,less,0,2,27.0,27.0,1,37
USR_21077,USR_21077_C03,2025-03-22,12.5,12.03,3,3,6,1,normal,0,3,37.0,32.0,2,33
USR_21078,USR_21078_C01,2025-03-11,12.5,11.58,4,2,7,0,normal,0,3,,,0,64
USR_21078,USR_21078_C02,2025-05-14,12.5,12.3,4,2,7,0,normal,0,5,64.0,64.0,1,75
USR_21078,USR_21078_C03,2025-07-28,12.5,11.82,4,2,7,0,less,0,7,75.0,69.5,2,75
USR_21078,USR_21078_C04,2025-10-11,12.5,7.55,4,2,7,0,normal,0,10,75.0,71.33333333333333,3,46
USR_21078,USR_21078_C05,2025-11-26,12.5,11.85,4,2,7,0,normal,0,11,46.0,65.0,4,75
USR_21080,USR_21080_C01,2025-01-16,6.0,5.74,2,3,7,0,normal,1,1,,,0,22
USR_21080,USR_21080_C02,2025-02-07,6.0,5.73,2,3,7,0,normal,0,2,22.0,22.0,1,19
USR_21080,USR_21080_C03,2025-02-26,6.0,5.63,2,3,7,0,normal,0,2,19.0,20.5,2,24
USR_21080,USR_21080_C04,2025-03-22,6.0,5.99,2,3,7,0,normal,0,3,24.0,21.666666666666668,3,23
USR_21080,USR_21080_C05,2025-04-14,6.0,5.89,2,3,7,0,normal,0,4,23.0,22.0,4,22
USR_21080,USR_21080_C06,2025-05-06,6.0,4.09,2,3,7,0,normal,0,5,22.0,22.0,5,15
USR_21080,USR_21080_C07,2025-05-21,6.0,4.43,2,3,7,0,normal,0,5,15.0,20.833333333333332,6,13
USR_21081,USR_21081_C01,2025-04-08,12.5,12.22,6,2,6,1,less,0,4,,,0,41
USR_21081,USR_21081_C02,2025-05-19,12.5,12.33,6,2,6,1,normal,0,5,41.0,41.0,1,41
USR_21081,USR_21081_C03,2025-06-29,12.5,12.24,6,2,6,1,normal,0,6,41.0,41.0,2,40
USR_21081,USR_21081_C04,2025-08-08,12.5,11.8,6,2,6,1,normal,0,8,40.0,40.666666666666664,3,41
USR_21081,USR_21081_C05,2025-09-18,12.5,12.27,6,2,6,1,normal,0,9,41.0,40.75,4,39
USR_21081,USR_21081_C06,2025-10-27,12.5,12.28,6,2,6,1,normal,0,10,39.0,40.4,5,38
USR_21081,USR_21081_C07,2025-12-04,12.5,7.97,6,2,6,1,more,1,12,38.0,40.0,6,20
USR_21082,USR_21082_C01,2025-04-16,12.5,12.16,7,2,7,1,more,0,4,,,0,25
USR_21082,USR_21082_C02,2025-05-11,12.5,11.93,7,2,7,1,normal,0,5,25.0,25.0,1,30
USR_21082,USR_21082_C03,2025-06-10,12.5,11.82,7,2,7,1,normal,0,6,30.0,27.5,2,33
USR_21085,USR_21085_C01,2025-01-01,6.0,5.7,5,2,5,1,normal,1,1,,,0,14
USR_21085,USR_21085_C02,2025-01-15,6.0,5.95,5,2,5,1,normal,1,1,14.0,14.0,1,16
USR_21086,USR_21086_C01,2025-03-25,12.5,12.3,8,2,7,0,normal,0,3,,,0,32
USR_21086,USR_21086_C02,2025-04-26,12.5,12.29,8,2,7,0,normal,0,4,32.0,32.0,1,39
USR_21086,USR_21086_C03,2025-06-04,12.5,11.61,8,2,7,0,normal,0,6,39.0,35.5,2,35
USR_21086,USR_21086_C04,2025-07-09,12.5,11.57,8,2,7,0,normal,0,7,35.0,35.333333333333336,3,42
USR_21086,USR_21086_C05,2025-08-20,12.5,12.18,8,2,7,0,normal,0,8,42.0,37.0,4,31
USR_21086,USR_21086_C06,2025-09-20,12.5,11.94,8,2,7,0,normal,0,9,31.0,35.8,5,44
USR_21087,USR_21087_C01,2025-02-26,12.5,12.37,8,2,7,1,less,0,2,,,0,31
USR_21087,USR_21087_C02,2025-03-29,12.5,12.27,8,2,7,1,normal,0,3,31.0,31.0,1,28
USR_21087,USR_21087_C03,2025-04-26,12.5,12.09,8,2,7,1,normal,0,4,28.0,29.5,2,29
USR_21087,USR_21087_C04,2025-05-25,12.5,12.39,8,2,7,1,less,0,5,29.0,29.333333333333332,3,32
USR_21087,USR_21087_C05,2025-06-26,12.5,12.12,8,2,7,1,normal,0,6,32.0,30.0,4,26
USR_21087,USR_21087_C06,2025-07-22,12.5,7.81,8,2,7,1,normal,0,7,26.0,29.2,5,17
USR_21089,USR_21089_C01,2025-03-17,12.5,7.61,8,2,7,1,normal,0,3,,,0,18
USR_21089,USR_21089_C02,2025-04-04,12.5,12.32,8,2,7,1,more,0,4,18.0,18.0,1,21
USR_21089,USR_21089_C03,2025-04-25,12.5,11.85,8,2,7,1,normal,0,4,21.0,19.5,2,25
USR_21089,USR_21089_C04,2025-05-20,12.5,12.09,8,2,7,1,normal,0,5,25.0,21.333333333333332,3,28
USR_21089,USR_21089_C05,2025-06-17,12.5,11.79,8,2,7,1,normal,0,6,28.0,23.0,4,29
USR_21089,USR_21089_C06,2025-07-16,12.5,11.91,8,2,7,1,normal,0,7,29.0,24.2,5,25
USR_21089,USR_21089_C07,2025-08-10,12.5,11.64,8,2,7,1,normal,0,8,25.0,24.333333333333332,6,27
USR_21089,USR_21089_C08,2025-09-06,12.5,11.51,8,2,7,1,normal,0,9,27.0,24.714285714285715,7,25
USR_21091,USR_21091_C01,2025-01-07,12.5,9.09,3,2,7,1,more,1,1,,,0,20
USR_21091,USR_21091_C02,2025-01-27,12.5,10.85,3,2,7,1,normal,1,1,20.0,20.0,1,32
USR_21091,USR_21091_C03,2025-02-28,12.5,7.5,3,2,7,1,normal,0,2,32.0,26.0,2,19
USR_21091,USR_21091_C04,2025-03-19,12.5,12.18,3,2,7,1,less,0,3,19.0,23.666666666666668,3,44
USR_21091,USR_21091_C05,2025-05-02,12.5,11.99,3,2,7,1,normal,0,5,44.0,28.75,4,32
USR_21091,USR_21091_C06,2025-06-03,12.5,9.61,3,2,7,1,less,0,6,32.0,29.4,5,33
USR_21091,USR_21091_C07,2025-07-06,12.5,12.04,3,2,7,1,normal,0,7,33.0,30.0,6,38
USR_21091,USR_21091_C08,2025-08-13,12.5,7.62,3,2,7,1,normal,0,8,38.0,31.142857142857142,7,21
USR_21092,USR_21092_C01,2025-02-10,6.0,5.81,2,2,7,0,normal,0,2,,,0,26
USR_21092,USR_21092_C02,2025-03-08,6.0,5.58,2,2,7,0,more,0,3,26.0,26.0,1,18
USR_21092,USR_21092_C03,2025-03-26,6.0,5.84,2,2,7,0,normal,0,3,18.0,22.0,2,28
USR_21092,USR_21092_C04,2025-04-23,6.0,5.57,2,2,7,0,less,0,4,28.0,24.0,3,29
USR_21092,USR_21092_C05,2025-05-22,6.0,5.55,2,2,7,0,normal,0,5,29.0,25.25,4,26
USR_21092,USR_21092_C06,2025-06-17,6.0,5.75,2,2,7,0,normal,0,6,26.0,25.4,5,29
USR_21092,USR_21092_C07,2025-07-16,6.0,4.32,2,2,7,0,normal,0,7,29.0,26.0,6,19
USR_21092,USR_21092_C08,2025-08-04,6.0,5.57,2,2,7,0,normal,0,8,19.0,25.0,7,22
USR_21093,USR_21093_C01,2025-04-26,12.5,11.5,4,2,7,1,normal,0,4,,,0,33
USR_21093,USR_21093_C02,2025-05-29,12.5,11.75,4,2,7,1,normal,0,5,33.0,33.0,1,25
USR_21093,USR_21093_C03,2025-06-23,12.5,12.29,4,2,7,1,normal,0,6,25.0,29.0,2,29
USR_21094,USR_21094_C01,2025-03-20,12.5,10.15,5,2,6,1,normal,0,3,,,0,23
USR_21094,USR_21094_C02,2025-04-12,12.5,12.04,5,2,6,1,normal,0,4,23.0,23.0,1,32
USR_21094,USR_21094_C03,2025-05-14,12.5,12.33,5,2,6,1,normal,0,5,32.0,27.5,2,36
USR_21094,USR_21094_C04,2025-06-19,12.5,8.54,5,2,6,1,normal,0,6,36.0,30.333333333333332,3,16
USR_21094,USR_21094_C05,2025-07-05,12.5,12.1,5,2,6,1,normal,0,7,16.0,26.75,4,28
USR_21094,USR_21094_C06,2025-08-02,12.5,11.98,5,2,6,1,normal,0,8,28.0,27.0,5,26
USR_21095,USR_21095_C01,2025-02-26,12.5,11.76,3,3,5,1,normal,0,2,,,0,30
USR_21095,USR_21095_C02,2025-03-28,12.5,12.13,3,3,5,1,normal,0,3,30.0,30.0,1,42
USR_21095,USR_21095_C03,2025-05-09,12.5,11.97,3,3,5,1,normal,0,5,42.0,36.0,2,37
USR_21095,USR_21095_C04,2025-06-15,12.5,11.91,3,3,5,1,more,0,6,37.0,36.333333333333336,3,26
USR_21095,USR_21095_C05,2025-07-11,12.5,11.5,3,3,5,1,normal,0,7,26.0,33.75,4,34
USR_21095,USR_21095_C06,2025-08-14,12.5,11.17,3,3,5,1,normal,0,8,34.0,33.8,5,35
USR_21095,USR_21095_C07,2025-09-18,12.5,11.08,3,3,5,1,less,0,9,35.0,34.0,6,43
USR_21095,USR_21095_C08,2025-10-31,12.5,12.06,3,3,5,1,normal,0,10,43.0,35.285714285714285,7,30
USR_21095,USR_21095_C09,2025-11-30,12.5,11.79,3,3,5,1,normal,0,11,30.0,34.625,8,35
USR_21096,USR_21096_C01,2025-04-09,12.5,11.03,6,2,7,1,normal,0,4,,,0,51
USR_21096,USR_21096_C02,2025-05-30,12.5,12.08,6,2,7,1,normal,0,5,51.0,51.0,1,43
USR_21096,USR_21096_C03,2025-07-12,12.5,10.14,6,2,7,1,normal,0,7,43.0,47.0,2,41
USR_21096,USR_21096_C04,2025-08-22,12.5,11.95,6,2,7,1,normal,0,8,41.0,45.0,3,40
USR_21096,USR_21096_C05,2025-10-01,12.5,12.36,6,2,7,1,more,0,10,40.0,43.75,4,33
USR_21097,USR_21097_C01,2025-01-17,12.5,6.93,5,3,6,0,more,1,1,,,0,13
USR_21097,USR_21097_C02,2025-01-30,12.5,12.0,5,3,6,0,normal,1,1,13.0,13.0,1,34
USR_21097,USR_21097_C03,2025-03-05,12.5,12.49,5,3,6,0,normal,0,3,34.0,23.5,2,30
USR_21097,USR_21097_C04,2025-04-04,12.5,9.9,5,3,6,0,normal,0,4,30.0,25.666666666666668,3,28
USR_21097,USR_21097_C05,2025-05-02,12.5,11.29,5,3,6,0,normal,0,5,28.0,26.25,4,31
USR_21097,USR_21097_C06,2025-06-02,12.5,10.1,5,3,6,0,normal,0,6,31.0,27.2,5,23
USR_21097,USR_21097_C07,2025-06-25,12.5,11.75,5,3,6,0,normal,0,6,23.0,26.5,6,33
USR_21097,USR_21097_C08,2025-07-28,12.5,11.55,5,3,6,0,normal,0,7,33.0,27.428571428571427,7,27
USR_21098,USR_21098_C01,2025-04-09,12.5,12.19,5,3,6,1,normal,0,4,,,0,43
USR_21098,USR_21098_C02,2025-05-22,12.5,7.12,5,3,6,1,more,0,5,43.0,43.0,1,18
USR_21098,USR_21098_C03,2025-06-09,12.5,12.2,5,3,6,1,normal,0,6,18.0,30.5,2,35
USR_21099,USR_21099_C01,2025-01-23,12.5,12.43,3,3,4,1,normal,1,1,,,0,27
USR_21099,USR_21099_C02,2025-02-19,12.5,7.98,3,3,4,1,normal,0,2,27.0,27.0,1,23
USR_21099,USR_21099_C03,2025-03-14,12.5,12.05,3,3,4,1,normal,0,3,23.0,25.0,2,30
USR_21099,USR_21099_C04,2025-04-13,12.5,12.33,3,3,4,1,normal,0,4,30.0,26.666666666666668,3,38
USR_21099,USR_21099_C05,2025-05-21,12.5,12.34,3,3,4,1,normal,0,5,38.0,29.5,4,42
USR_21099,USR_21099_C06,2025-07-02,12.5,11.56,3,3,4,1,normal,0,7,42.0,32.0,5,32
USR_21099,USR_21099_C07,2025-08-03,12.5,12.34,3,3,4,1,normal,0,8,32.0,32.0,6,40
USR_21100,USR_21100_C01,2025-04-15,6.0,5.71,2,3,7,1,normal,0,4,,,0,17
USR_21100,USR_21100_C02,2025-05-02,6.0,5.62,2,3,7,1,normal,0,5,17.0,17.0,1,16
USR_21100,USR_21100_C03,2025-05-18,6.0,5.7,2,3,7,1,normal,0,5,16.0,16.5,2,16
USR_21105,USR_21105_C01,2025-02-26,12.5,12.28,3,1,6,1,normal,0,2,,,0,44
USR_21105,USR_21105_C02,2025-04-11,12.5,9.68,3,1,6,1,more,0,4,44.0,44.0,1,35
USR_21105,USR_21105_C03,2025-05-16,12.5,11.56,3,1,6,1,normal,0,5,35.0,39.5,2,45
USR_21105,USR_21105_C04,2025-06-30,12.5,11.85,3,1,6,1,normal,0,6,45.0,41.333333333333336,3,41
USR_21105,USR_21105_C05,2025-08-10,12.5,9.2,3,1,6,1,normal,0,8,41.0,41.25,4,35
USR_21105,USR_21105_C06,2025-09-14,12.5,11.92,3,1,6,1,normal,0,9,35.0,40.0,5,45
USR_21105,USR_21105_C07,2025-10-29,12.5,12.42,3,1,6,1,normal,0,10,45.0,40.833333333333336,6,47
USR_21106,USR_21106_C01,2025-03-30,12.5,12.35,6,2,6,1,normal,0,3,,,0,37
USR_21106,USR_21106_C02,2025-05-06,12.5,11.78,6,2,6,1,normal,0,5,37.0,37.0,1,35
USR_21106,USR_21106_C03,2025-06-10,12.5,11.51,6,2,6,1,normal,0,6,35.0,36.0,2,43
USR_21106,USR_21106_C04,2025-07-23,12.5,12.29,6,2,6,1,normal,0,7,43.0,38.333333333333336,3,37
USR_21106,USR_21106_C05,2025-08-29,12.5,11.95,6,2,6,1,more,0,8,37.0,38.0,4,33
USR_21106,USR_21106_C06,2025-10-01,12.5,11.92,6,2,6,1,less,0,10,33.0,37.0,5,49
USR_21106,USR_21106_C07,2025-11-19,12.5,9.83,6,2,6,1,normal,0,11,49.0,39.0,6,33
USR_21106,USR_21106_C08,2025-12-22,12.5,12.43,6,2,6,1,normal,1,12,33.0,38.142857142857146,7,38
USR_21106,USR_21106_C09,2026-01-29,12.5,12.31,6,2,6,1,normal,1,1,38.0,38.125,8,35
USR_21106,USR_21106_C10,2026-03-05,12.5,11.97,6,2,6,1,normal,0,3,35.0,37.77777777777778,9,40
USR_21107,USR_21107_C01,2025-01-26,12.5,12.1,5,2,4,1,normal,1,1,,,0,36
USR_21107,USR_21107_C02,2025-03-03,12.5,11.63,5,2,4,1,less,0,3,36.0,36.0,1,41
USR_21107,USR_21107_C03,2025-04-13,12.5,12.08,5,2,4,1,normal,0,4,41.0,38.5,2,38
USR_21107,USR_21107_C04,2025-05-21,12.5,12.37,5,2,4,1,normal,0,5,38.0,38.333333333333336,3,32
USR_21107,USR_21107_C05,2025-06-22,12.5,7.13,5,2,4,1,normal,0,6,32.0,36.75,4,20
USR_21108,USR_21108_C01,2025-03-07,12.5,11.83,6,3,7,0,normal,0,3,,,0,40
USR_21108,USR_21108_C02,2025-04-16,12.5,10.3,6,3,7,0,more,0,4,40.0,40.0,1,28
USR_21108,USR_21108_C03,2025-05-14,12.5,11.9,6,3,7,0,normal,0,5,28.0,34.0,2,40
USR_21108,USR_21108_C04,2025-06-23,12.5,8.62,6,3,7,0,more,0,6,40.0,36.0,3,26
USR_21108,USR_21108_C05,2025-07-19,12.5,12.23,6,3,7,0,normal,0,7,26.0,33.5,4,37
USR_21108,USR_21108_C06,2025-08-25,12.5,9.29,6,3,7,0,normal,0,8,37.0,34.2,5,33
USR_21108,USR_21108_C07,2025-09-27,12.5,11.62,6,3,7,0,normal,0,9,33.0,34.0,6,48
USR_21108,USR_21108_C08,2025-11-14,12.5,12.11,6,3,7,0,normal,0,11,48.0,36.0,7,35
USR_21108,USR_21108_C09,2025-12-19,12.5,9.48,6,3,7,0,normal,1,12,35.0,35.875,8,28
USR_21109,USR_21109_C01,2025-04-19,12.5,12.16,4,2,7,1,normal,0,4,,,0,35
USR_21109,USR_21109_C02,2025-05-24,12.5,7.03,4,2,7,1,normal,0,5,35.0,35.0,1,20
USR_21109,USR_21109_C03,2025-06-13,12.5,11.02,4,2,7,1,normal,0,6,20.0,27.5,2,30
USR_21109,USR_21109_C04,2025-07-13,12.5,11.61,4,2,7,1,less,0,7,30.0,28.333333333333332,3,46
USR_21110,USR_21110_C01,2025-02-22,6.0,5.99,3,2,6,1,normal,0,2,,,0,23
USR_21110,USR_21110_C02,2025-03-17,6.0,5.89,3,2,6,1,normal,0,3,23.0,23.0,1,19
USR_21110,USR_21110_C03,2025-04-05,6.0,5.71,3,2,6,1,more,0,4,19.0,21.0,2,15
USR_21110,USR_21110_C04,2025-04-20,6.0,5.03,3,2,6,1,more,0,4,15.0,19.0,3,12
USR_21110,USR_21110_C05,2025-05-02,6.0,4.49,3,2,6,1,normal,0,5,12.0,17.25,4,19
USR_21110,USR_21110_C06,2025-05-21,6.0,4.08,3,2,6,1,normal,0,5,19.0,17.6,5,18
USR_21110,USR_21110_C07,2025-06-08,6.0,5.96,3,2,6,1,normal,0,6,18.0,17.666666666666668,6,20
USR_21110,USR_21110_C08,2025-06-28,6.0,4.6,3,2,6,1,normal,0,6,20.0,18.0,7,16
USR_21110,USR_21110_C09,2025-07-14,6.0,5.69,3,2,6,1,normal,0,7,16.0,17.75,8,22
USR_21110,USR_21110_C10,2025-08-05,6.0,5.69,3,2,6,1,normal,0,8,22.0,18.22222222222222,9,21
USR_21110,USR_21110_C11,2025-08-26,6.0,5.75,3,2,6,1,normal,0,8,21.0,18.5,10,20
USR_21110,USR_21110_C12,2025-09-15,6.0,5.91,3,2,6,1,normal,0,9,20.0,18.636363636363637,11,27
USR_21111,USR_21111_C01,2025-04-08,12.5,11.99,4,3,7,1,less,0,4,,,0,30
USR_21111,USR_21111_C02,2025-05-08,12.5,10.39,4,3,7,1,normal,0,5,30.0,30.0,1,24
USR_21112,USR_21112_C01,2025-04-29,12.5,12.28,6,1,7,1,normal,0,4,,,0,49
USR_21112,USR_21112_C02,2025-06-17,12.5,11.56,6,1,7,1,more,0,6,49.0,49.0,1,37
USR_21112,USR_21112_C03,2025-07-24,12.5,11.51,6,1,7,1,normal,0,7,37.0,43.0,2,43
USR_21112,USR_21112_C04,2025-09-05,12.5,11.63,6,1,7,1,more,0,9,43.0,43.0,3,32
USR_21112,USR_21112_C05,2025-10-07,12.5,12.25,6,1,7,1,normal,0,10,32.0,40.25,4,51
USR_21112,USR_21112_C06,2025-11-27,12.5,12.05,6,1,7,1,normal,0,11,51.0,42.4,5,44
USR_21112,USR_21112_C07,2026-01-10,12.5,12.36,6,1,7,1,normal,1,1,44.0,42.666666666666664,6,45
USR_21112,USR_21112_C08,2026-02-24,12.5,11.01,6,1,7,1,normal,0,2,45.0,43.0,7,37
USR_21112,USR_21112_C09,2026-04-02,12.5,12.36,6,1,7,1,normal,0,4,37.0,42.25,8,42
USR_21112,USR_21112_C10,2026-05-14,12.5,12.37,6,1,7,1,normal,0,5,42.0,42.22222222222222,9,48
USR_21113,USR_21113_C01,2025-04-05,6.0,5.81,4,2,6,1,normal,0,4,,,0,20
USR_21113,USR_21113_C02,2025-04-25,6.0,4.49,4,2,6,1,normal,0,4,20.0,20.0,1,15
USR_21113,USR_21113_C03,2025-05-10,6.0,5.69,4,2,6,1,normal,0,5,15.0,17.5,2,20
USR_21113,USR_21113_C04,2025-05-30,6.0,5.58,4,2,6,1,normal,0,5,20.0,18.333333333333332,3,19
USR_21113,USR_21113_C05,2025-06-18,6.0,6.0,4,2,6,1,normal,0,6,19.0,18.5,4,18
USR_21113,USR_21113_C06,2025-07-06,6.0,5.86,4,2,6,1,normal,0,7,18.0,18.4,5,21
USR_21113,USR_21113_C07,2025-07-27,6.0,5.7,4,2,6,1,normal,0,7,21.0,18.833333333333332,6,18
USR_21114,USR_21114_C01,2025-02-04,12.5,11.6,3,3,7,1,normal,0,2,,,0,39
USR_21114,USR_21114_C02,2025-03-15,12.5,9.8,3,3,7,1,normal,0,3,39.0,39.0,1,24
USR_21114,USR_21114_C03,2025-04-08,12.5,11.8,3,3,7,1,normal,0,4,24.0,31.5,2,36
USR_21114,USR_21114_C04,2025-05-14,12.5,11.52,3,3,7,1,normal,0,5,36.0,33.0,3,31
USR_21114,USR_21114_C05,2025-06-14,12.5,12.1,3,3,7,1,normal,0,6,31.0,32.5,4,39
USR_21114,USR_21114_C06,2025-07-23,12.5,12.1,3,3,7,1,normal,0,7,39.0,33.8,5,41
USR_21114,USR_21114_C07,2025-09-02,12.5,11.97,3,3,7,1,normal,0,9,41.0,35.0,6,28
USR_21114,USR_21114_C08,2025-09-30,12.5,9.35,3,3,7,1,normal,0,9,28.0,34.0,7,24
USR_21115,USR_21115_C01,2025-02-28,12.5,11.65,7,1,7,1,normal,0,2,,,0,34
USR_21115,USR_21115_C02,2025-04-03,12.5,8.76,7,1,7,1,normal,0,4,34.0,34.0,1,28
USR_21115,USR_21115_C03,2025-05-01,12.5,11.07,7,1,7,1,normal,0,5,28.0,31.0,2,30
USR_21115,USR_21115_C04,2025-05-31,12.5,9.91,7,1,7,1,normal,0,5,30.0,30.666666666666668,3,26
USR_21115,USR_21115_C05,2025-06-26,12.5,12.16,7,1,7,1,normal,0,6,26.0,29.5,4,34
USR_21115,USR_21115_C06,2025-07-30,12.5,12.29,7,1,7,1,more,0,7,34.0,30.4,5,31
USR_21116,USR_21116_C01,2025-04-27,12.5,12.3,3,2,7,1,normal,0,4,,,0,39
USR_21116,USR_21116_C02,2025-06-05,12.5,12.11,3,2,7,1,normal,0,6,39.0,39.0,1,41
USR_21116,USR_21116_C03,2025-07-16,12.5,12.2,3,2,7,1,normal,0,7,41.0,40.0,2,44
USR_21116,USR_21116_C04,2025-08-29,12.5,12.05,3,2,7,1,normal,0,8,44.0,41.333333333333336,3,42
USR_21118,USR_21118_C01,2025-01-19,12.5,11.63,7,3,4,1,normal,1,1,,,0,32
USR_21118,USR_21118_C02,2025-02-20,12.5,11.08,7,3,4,1,normal,0,2,32.0,32.0,1,28
USR_21118,USR_21118_C03,2025-03-20,12.5,11.06,7,3,4,1,normal,0,3,28.0,30.0,2,31
USR_21119,USR_21119_C01,2025-02-17,6.0,5.52,2,1,4,1,normal,0,2,,,0,23
USR_21119,USR_21119_C02,2025-03-12,6.0,5.61,2,1,4,1,normal,0,3,23.0,23.0,1,33
USR_21119,USR_21119_C03,2025-04-14,6.0,5.63,2,1,4,1,normal,0,4,33.0,28.0,2,27
USR_21119,USR_21119_C04,2025-05-11,6.0,5.64,2,1,4,1,normal,0,5,27.0,27.666666666666668,3,30
USR_21119,USR_21119_C05,2025-06-10,6.0,5.81,2,1,4,1,normal,0,6,30.0,28.25,4,27
USR_21119,USR_21119_C06,2025-07-07,6.0,5.58,2,1,4,1,normal,0,7,27.0,28.0,5,24
USR_21119,USR_21119_C07,2025-07-31,6.0,5.54,2,1,4,1,normal,0,7,24.0,27.333333333333332,6,31
USR_21119,USR_21119_C08,2025-08-31,6.0,3.69,2,1,4,1,normal,0,8,31.0,27.857142857142858,7,18
USR_21119,USR_21119_C09,2025-09-18,6.0,5.67,2,1,4,1,normal,0,9,18.0,26.625,8,29
USR_21123,USR_21123_C01,2025-03-14,12.5,11.59,4,2,7,1,less,0,3,,,0,36
USR_21123,USR_21123_C02,2025-04-19,12.5,9.81,4,2,7,1,normal,0,4,36.0,36.0,1,28
USR_21123,USR_21123_C03,2025-05-17,12.5,12.4,4,2,7,1,normal,0,5,28.0,32.0,2,38
USR_21123,USR_21123_C04,2025-06-24,12.5,9.19,4,2,7,1,normal,0,6,38.0,34.0,3,24
USR_21123,USR_21123_C05,2025-07-18,12.5,11.98,4,2,7,1,normal,0,7,24.0,31.5,4,33
USR_21123,USR_21123_C06,2025-08-20,12.5,12.29,4,2,7,1,normal,0,8,33.0,31.8,5,36
USR_21123,USR_21123_C07,2025-09-25,12.5,12.1,4,2,7,1,normal,0,9,36.0,32.5,6,32
USR_21123,USR_21123_C08,2025-10-27,12.5,12.05,4,2,7,1,less,0,10,32.0,32.42857142857143,7,38
USR_21123,USR_21123_C09,2025-12-04,12.5,7.77,4,2,7,1,more,1,12,38.0,33.125,8,17
USR_21123,USR_21123_C10,2025-12-21,12.5,6.97,4,2,7,1,normal,1,12,17.0,31.333333333333332,9,19
USR_21124,USR_21124_C01,2025-01-29,6.0,5.56,5,2,7,1,less,1,1,,,0,25
USR_21124,USR_21124_C02,2025-02-23,6.0,5.94,5,2,7,1,more,0,2,25.0,25.0,1,22
USR_21124,USR_21124_C03,2025-03-17,6.0,5.89,5,2,7,1,normal,0,3,22.0,23.5,2,23
USR_21124,USR_21124_C04,2025-04-09,6.0,5.98,5,2,7,1,normal,0,4,23.0,23.333333333333332,3,24
USR_21124,USR_21124_C05,2025-05-03,6.0,5.92,5,2,7,1,normal,0,5,24.0,23.5,4,25
USR_21124,USR_21124_C06,2025-05-28,6.0,5.95,5,2,7,1,normal,0,5,25.0,23.8,5,26
USR_21125,USR_21125_C01,2025-02-21,12.5,12.35,3,2,7,0,normal,0,2,,,0,59
USR_21125,USR_21125_C02,2025-04-21,12.5,12.01,3,2,7,0,normal,0,4,59.0,59.0,1,55
USR_21125,USR_21125_C03,2025-06-15,12.5,6.89,3,2,7,0,normal,0,6,55.0,57.0,2,38
USR_21125,USR_21125_C04,2025-07-23,12.5,11.56,3,2,7,0,normal,0,7,38.0,50.666666666666664,3,57
USR_21125,USR_21125_C05,2025-09-18,12.5,8.39,3,2,7,0,less,0,9,57.0,52.25,4,52
USR_21125,USR_21125_C06,2025-11-09,12.5,12.29,3,2,7,0,normal,0,11,52.0,52.2,5,59
USR_21126,USR_21126_C01,2025-03-26,12.5,9.1,4,1,7,1,normal,0,3,,,0,29
USR_21126,USR_21126_C02,2025-04-24,12.5,12.24,4,1,7,1,normal,0,4,29.0,29.0,1,40
USR_21126,USR_21126_C03,2025-06-03,12.5,10.99,4,1,7,1,normal,0,6,40.0,34.5,2,40
USR_21126,USR_21126_C04,2025-07-13,12.5,11.55,4,1,7,1,normal,0,7,40.0,36.333333333333336,3,42
USR_21126,USR_21126_C05,2025-08-24,12.5,7.96,4,1,7,1,more,0,8,42.0,37.75,4,23
USR_21126,USR_21126_C06,2025-09-16,12.5,7.41,4,1,7,1,normal,0,9,23.0,34.8,5,30
USR_21127,USR_21127_C01,2025-02-23,6.0,5.99,3,3,4,1,normal,0,2,,,0,22
USR_21127,USR_21127_C02,2025-03-17,6.0,5.67,3,3,4,1,less,0,3,22.0,22.0,1,29
USR_21127,USR_21127_C03,2025-04-15,6.0,5.97,3,3,4,1,normal,0,4,29.0,25.5,2,22
USR_21127,USR_21127_C04,2025-05-07,6.0,5.9,3,3,4,1,normal,0,5,22.0,24.333333333333332,3,23
USR_21127,USR_21127_C05,2025-05-30,6.0,5.69,3,3,4,1,normal,0,5,23.0,24.0,4,27
USR_21127,USR_21127_C06,2025-06-26,6.0,5.62,3,3,4,1,more,0,6,27.0,24.6,5,17
USR_21127,USR_21127_C07,2025-07-13,6.0,5.98,3,3,4,1,normal,0,7,17.0,23.333333333333332,6,21
USR_21127,USR_21127_C08,2025-08-03,6.0,4.27,3,3,4,1,more,0,8,21.0,23.0,7,12
USR_21128,USR_21128_C01,2025-02-23,12.5,12.35,4,3,7,1,more,0,2,,,0,28
USR_21128,USR_21128_C02,2025-03-23,12.5,10.28,4,3,7,1,normal,0,3,28.0,28.0,1,33
USR_21128,USR_21128_C03,2025-04-25,12.5,12.09,4,3,7,1,normal,0,4,33.0,30.5,2,32
USR_21128,USR_21128_C04,2025-05-27,12.5,12.4,4,3,7,1,normal,0,5,32.0,31.0,3,40
USR_21128,USR_21128_C05,2025-07-06,12.5,10.44,4,3,7,1,normal,0,7,40.0,33.25,4,26
USR_21128,USR_21128_C06,2025-08-01,12.5,8.72,4,3,7,1,more,0,8,26.0,31.8,5,18
USR_21128,USR_21128_C07,2025-08-19,12.5,11.58,4,3,7,1,normal,0,8,18.0,29.5,6,36
USR_21128,USR_21128_C08,2025-09-24,12.5,12.24,4,3,7,1,normal,0,9,36.0,30.428571428571427,7,30
USR_21129,USR_21129_C01,2025-04-19,6.0,3.78,4,2,7,1,normal,0,4,,,0,10
USR_21129,USR_21129_C02,2025-04-29,6.0,5.79,4,2,7,1,normal,0,4,10.0,10.0,1,16
USR_21129,USR_21129_C03,2025-05-15,6.0,5.94,4,2,7,1,normal,0,5,16.0,13.0,2,16
USR_21129,USR_21129_C04,2025-05-31,6.0,5.68,4,2,7,1,normal,0,5,16.0,14.0,3,18
USR_21129,USR_21129_C05,2025-06-18,6.0,5.87,4,2,7,1,normal,0,6,18.0,15.0,4,17
USR_21129,USR_21129_C06,2025-07-05,6.0,4.46,4,2,7,1,normal,0,7,17.0,15.4,5,13
USR_21130,USR_21130_C01,2025-01-07,12.5,11.55,6,2,7,1,normal,1,1,,,0,31
USR_21130,USR_21130_C02,2025-02-07,12.5,12.16,6,2,7,1,normal,0,2,31.0,31.0,1,31
USR_21130,USR_21130_C03,2025-03-10,12.5,12.32,6,2,7,1,less,0,3,31.0,31.0,2,32
USR_21130,USR_21130_C04,2025-04-11,12.5,12.38,6,2,7,1,normal,0,4,32.0,31.333333333333332,3,28
USR_21130,USR_21130_C05,2025-05-09,12.5,12.17,6,2,7,1,normal,0,5,28.0,30.5,4,27
USR_21131,USR_21131_C01,2025-03-01,12.5,12.02,7,2,4,1,less,0,3,,,0,37
USR_21131,USR_21131_C02,2025-04-07,12.5,10.82,7,2,4,1,normal,0,4,37.0,37.0,1,33
USR_21131,USR_21131_C03,2025-05-10,12.5,11.57,7,2,4,1,normal,0,5,33.0,35.0,2,28
USR_21131,USR_21131_C04,2025-06-07,12.5,12.44,7,2,4,1,normal,0,6,28.0,32.666666666666664,3,36
USR_21131,USR_21131_C05,2025-07-13,12.5,11.74,7,2,4,1,normal,0,7,36.0,33.5,4,37
USR_21132,USR_21132_C01,2025-01-03,6.0,3.98,3,3,6,1,normal,1,1,,,0,10
USR_21132,USR_21132_C02,2025-01-13,6.0,5.87,3,3,6,1,normal,1,1,10.0,10.0,1,16
USR_21132,USR_21132_C03,2025-01-29,6.0,5.65,3,3,6,1,normal,1,1,16.0,13.0,2,15
USR_21133,USR_21133_C01,2025-02-10,6.0,3.86,3,2,7,1,more,0,2,,,0,8
USR_21133,USR_21133_C02,2025-02-18,6.0,5.84,3,2,7,1,normal,0,2,8.0,8.0,1,16
USR_21133,USR_21133_C03,2025-03-06,6.0,5.61,3,2,7,1,normal,0,3,16.0,12.0,2,14
USR_21133,USR_21133_C04,2025-03-20,6.0,5.68,3,2,7,1,normal,0,3,14.0,12.666666666666666,3,16
USR_21133,USR_21133_C05,2025-04-05,6.0,5.71,3,2,7,1,less,0,4,16.0,13.5,4,22
USR_21133,USR_21133_C06,2025-04-27,6.0,5.92,3,2,7,1,normal,0,4,22.0,15.2,5,16
USR_21133,USR_21133_C07,2025-05-13,6.0,5.93,3,2,7,1,normal,0,5,16.0,15.333333333333334,6,16
USR_21134,USR_21134_C01,2025-04-09,6.0,5.9,2,2,7,1,normal,0,4,,,0,26
USR_21134,USR_21134_C02,2025-05-05,6.0,5.62,2,2,7,1,normal,0,5,26.0,26.0,1,24
USR_21134,USR_21134_C03,2025-05-29,6.0,3.83,2,2,7,1,normal,0,5,24.0,25.0,2,14
USR_21134,USR_21134_C04,2025-06-12,6.0,5.57,2,2,7,1,normal,0,6,14.0,21.333333333333332,3,21
USR_21134,USR_21134_C05,2025-07-03,6.0,5.18,2,2,7,1,normal,0,7,21.0,21.25,4,22
USR_21134,USR_21134_C06,2025-07-25,6.0,5.87,2,2,7,1,more,0,7,22.0,21.4,5,18
USR_21134,USR_21134_C07,2025-08-12,6.0,5.69,2,2,7,1,normal,0,8,18.0,20.833333333333332,6,23
USR_21134,USR_21134_C08,2025-09-04,6.0,5.08,2,2,7,1,normal,0,9,23.0,21.142857142857142,7,21
USR_21135,USR_21135_C01,2025-04-15,6.0,5.65,2,1,7,1,more,0,4,,,0,22
USR_21135,USR_21135_C02,2025-05-07,6.0,5.71,2,1,7,1,less,0,5,22.0,22.0,1,36
USR_21135,USR_21135_C03,2025-06-12,6.0,5.89,2,1,7,1,normal,0,6,36.0,29.0,2,29
USR_21135,USR_21135_C04,2025-07-11,6.0,5.92,2,1,7,1,normal,0,7,29.0,29.0,3,33
USR_21135,USR_21135_C05,2025-08-13,6.0,5.57,2,1,7,1,normal,0,8,33.0,30.0,4,32
USR_21135,USR_21135_C06,2025-09-14,6.0,5.64,2,1,7,1,normal,0,9,32.0,30.4,5,28
USR_21135,USR_21135_C07,2025-10-12,6.0,5.8,2,1,7,1,normal,0,10,28.0,30.0,6,25
USR_21137,USR_21137_C01,2025-01-12,12.5,10.58,3,3,6,1,normal,1,1,,,0,34
USR_21137,USR_21137_C02,2025-02-15,12.5,11.77,3,3,6,1,normal,0,2,34.0,34.0,1,43
USR_21137,USR_21137_C03,2025-03-30,12.5,11.65,3,3,6,1,normal,0,3,43.0,38.5,2,36
USR_21137,USR_21137_C04,2025-05-05,12.5,11.71,3,3,6,1,less,0,5,36.0,37.666666666666664,3,55
USR_21137,USR_21137_C05,2025-06-29,12.5,12.04,3,3,6,1,normal,0,6,55.0,42.0,4,47
USR_21138,USR_21138_C01,2025-04-16,6.0,5.85,6,2,6,1,normal,0,4,,,0,16
USR_21138,USR_21138_C02,2025-05-02,6.0,5.99,6,2,6,1,normal,0,5,16.0,16.0,1,15
USR_21138,USR_21138_C03,2025-05-17,6.0,5.99,6,2,6,1,less,0,5,15.0,15.5,2,19
USR_21138,USR_21138_C04,2025-06-05,6.0,5.56,6,2,6,1,normal,0,6,19.0,16.666666666666668,3,14
USR_21138,USR_21138_C05,2025-06-19,6.0,5.65,6,2,6,1,normal,0,6,14.0,16.0,4,13
USR_21138,USR_21138_C06,2025-07-02,6.0,5.95,6,2,6,1,normal,0,7,13.0,15.4,5,17
USR_21138,USR_21138_C07,2025-07-19,6.0,5.82,6,2,6,1,normal,0,7,17.0,15.666666666666666,6,17
USR_21138,USR_21138_C08,2025-08-05,6.0,5.87,6,2,6,1,normal,0,8,17.0,15.857142857142858,7,14
USR_21138,USR_21138_C09,2025-08-19,6.0,5.54,6,2,6,1,normal,0,8,14.0,15.625,8,15
USR_21138,USR_21138_C10,2025-09-03,6.0,5.71,6,2,6,1,more,0,9,15.0,15.555555555555555,9,11
USR_21138,USR_21138_C11,2025-09-14,6.0,5.71,6,2,6,1,normal,0,9,11.0,15.1,10,14
USR_21139,USR_21139_C01,2025-02-10,6.0,5.95,5,3,7,1,normal,0,2,,,0,18
USR_21139,USR_21139_C02,2025-02-28,6.0,5.64,5,3,7,1,normal,0,2,18.0,18.0,1,17
USR_21139,USR_21139_C03,2025-03-17,6.0,5.87,5,3,7,1,normal,0,3,17.0,17.5,2,17
USR_21139,USR_21139_C04,2025-04-03,6.0,5.66,5,3,7,1,normal,0,4,17.0,17.333333333333332,3,16
USR_21139,USR_21139_C05,2025-04-19,6.0,5.7,5,3,7,1,normal,0,4,16.0,17.0,4,15
USR_21139,USR_21139_C06,2025-05-04,6.0,4.22,5,3,7,1,normal,0,5,15.0,16.6,5,10
USR_21139,USR_21139_C07,2025-05-14,6.0,5.7,5,3,7,1,normal,0,5,10.0,15.5,6,14
USR_21139,USR_21139_C08,2025-05-28,6.0,5.88,5,3,7,1,more,0,5,14.0,15.285714285714286,7,11
USR_21139,USR_21139_C09,2025-06-08,6.0,4.56,5,3,7,1,normal,0,6,11.0,14.75,8,12
USR_21139,USR_21139_C10,2025-06-20,6.0,5.99,5,3,7,1,normal,0,6,12.0,14.444444444444445,9,15
USR_21140,USR_21140_C01,2025-04-22,12.5,12.11,6,2,7,1,normal,0,4,,,0,43
USR_21140,USR_21140_C02,2025-06-04,12.5,12.44,6,2,7,1,normal,0,6,43.0,43.0,1,42
USR_21140,USR_21140_C03,2025-07-16,12.5,12.46,6,2,7,1,normal,0,7,42.0,42.5,2,39
USR_21140,USR_21140_C04,2025-08-24,12.5,8.35,6,2,7,1,normal,0,8,39.0,41.333333333333336,3,24
USR_21140,USR_21140_C05,2025-09-17,12.5,11.96,6,2,7,1,normal,0,9,24.0,37.0,4,49
USR_21141,USR_21141_C01,2025-03-12,12.5,12.24,5,3,7,1,normal,0,3,,,0,41
USR_21141,USR_21141_C02,2025-04-22,12.5,11.83,5,3,7,1,normal,0,4,41.0,41.0,1,39
USR_21141,USR_21141_C03,2025-05-31,12.5,11.9,5,3,7,1,more,0,5,39.0,40.0,2,34
USR_21141,USR_21141_C04,2025-07-04,12.5,11.81,5,3,7,1,normal,0,7,34.0,38.0,3,37
USR_21141,USR_21141_C05,2025-08-10,12.5,10.19,5,3,7,1,normal,0,8,37.0,37.75,4,34
USR_21141,USR_21141_C06,2025-09-13,12.5,8.52,5,3,7,1,normal,0,9,34.0,37.0,5,29
USR_21141,USR_21141_C07,2025-10-12,12.5,11.6,5,3,7,1,normal,0,10,29.0,35.666666666666664,6,37
USR_21141,USR_21141_C08,2025-11-18,12.5,7.16,5,3,7,1,normal,0,11,37.0,35.857142857142854,7,26
USR_21141,USR_21141_C09,2025-12-14,12.5,8.81,5,3,7,1,less,1,12,26.0,34.625,8,38
USR_21142,USR_21142_C01,2025-01-15,6.0,5.53,3,1,7,1,normal,1,1,,,0,18
USR_21142,USR_21142_C02,2025-02-02,6.0,4.25,3,1,7,1,normal,0,2,18.0,18.0,1,12
USR_21142,USR_21142_C03,2025-02-14,6.0,5.17,3,1,7,1,normal,0,2,12.0,15.0,2,17
USR_21142,USR_21142_C04,2025-03-03,6.0,4.71,3,1,7,1,normal,0,3,17.0,15.666666666666666,3,17
USR_21142,USR_21142_C05,2025-03-20,6.0,5.93,3,1,7,1,normal,0,3,17.0,16.0,4,20
USR_21142,USR_21142_C06,2025-04-09,6.0,5.83,3,1,7,1,normal,0,4,20.0,16.8,5,21
USR_21142,USR_21142_C07,2025-04-30,6.0,5.99,3,1,7,1,normal,0,4,21.0,17.5,6,19
USR_21142,USR_21142_C08,2025-05-19,6.0,5.76,3,1,7,1,normal,0,5,19.0,17.714285714285715,7,17
USR_21142,USR_21142_C09,2025-06-05,6.0,5.96,3,1,7,1,more,0,6,17.0,17.625,8,14
USR_21142,USR_21142_C10,2025-06-19,6.0,3.42,3,1,7,1,normal,0,6,14.0,17.22222222222222,9,12
USR_21142,USR_21142_C11,2025-07-01,6.0,5.79,3,1,7,1,normal,0,7,12.0,16.7,10,15
USR_21143,USR_21143_C01,2025-04-14,6.0,5.97,3,1,7,1,normal,0,4,,,0,28
USR_21143,USR_21143_C02,2025-05-12,6.0,5.98,3,1,7,1,normal,0,5,28.0,28.0,1,30
USR_21143,USR_21143_C03,2025-06-11,6.0,5.89,3,1,7,1,more,0,6,30.0,29.0,2,20
USR_21143,USR_21143_C04,2025-07-01,6.0,4.56,3,1,7,1,normal,0,7,20.0,26.0,3,18
USR_21143,USR_21143_C05,2025-07-19,6.0,5.78,3,1,7,1,normal,0,7,18.0,24.0,4,28
USR_21143,USR_21143_C06,2025-08-16,6.0,5.87,3,1,7,1,normal,0,8,28.0,24.8,5,27
USR_21143,USR_21143_C07,2025-09-12,6.0,5.84,3,1,7,1,normal,0,9,27.0,25.166666666666668,6,25
USR_21144,USR_21144_C01,2025-01-07,12.5,12.19,5,3,7,0,normal,1,1,,,0,44
USR_21144,USR_21144_C02,2025-02-20,12.5,11.98,5,3,7,0,normal,0,2,44.0,44.0,1,50
USR_21144,USR_21144_C03,2025-04-11,12.5,12.48,5,3,7,0,normal,0,4,50.0,47.0,2,36
USR_21144,USR_21144_C04,2025-05-17,12.5,11.94,5,3,7,0,more,0,5,36.0,43.333333333333336,3,39
USR_21144,USR_21144_C05,2025-06-25,12.5,12.12,5,3,7,0,normal,0,6,39.0,42.25,4,44
USR_21146,USR_21146_C01,2025-02-26,6.0,3.39,3,3,7,1,normal,0,2,,,0,6
USR_21146,USR_21146_C02,2025-03-04,6.0,5.76,3,3,7,1,more,0,3,6.0,6.0,1,12
USR_21146,USR_21146_C03,2025-03-16,6.0,5.69,3,3,7,1,normal,0,3,12.0,9.0,2,15
USR_21146,USR_21146_C04,2025-03-31,6.0,5.6,3,3,7,1,normal,0,3,15.0,11.0,3,17
USR_21146,USR_21146_C05,2025-04-17,6.0,5.44,3,3,7,1,less,0,4,17.0,12.5,4,16
USR_21146,USR_21146_C06,2025-05-03,6.0,4.28,3,3,7,1,normal,0,5,16.0,13.2,5,12
USR_21146,USR_21146_C07,2025-05-15,6.0,5.89,3,3,7,1,normal,0,5,12.0,13.0,6,14
USR_21147,USR_21147_C01,2025-04-21,12.5,11.62,3,2,7,1,normal,0,4,,,0,51
USR_21147,USR_21147_C02,2025-06-11,12.5,7.66,3,2,7,1,normal,0,6,51.0,51.0,1,31
USR_21147,USR_21147_C03,2025-07-12,12.5,11.76,3,2,7,1,normal,0,7,31.0,41.0,2,48
USR_21147,USR_21147_C04,2025-08-29,12.5,7.49,3,2,7,1,normal,0,8,48.0,43.333333333333336,3,26
USR_21147,USR_21147_C05,2025-09-24,12.5,9.56,3,2,7,1,less,0,9,26.0,39.0,4,50
USR_21147,USR_21147_C06,2025-11-13,12.5,7.1,3,2,7,1,normal,0,11,50.0,41.2,5,24
USR_21147,USR_21147_C07,2025-12-07,12.5,11.58,3,2,7,1,normal,1,12,24.0,38.333333333333336,6,31
USR_21147,USR_21147_C08,2026-01-07,12.5,11.9,3,2,7,1,more,1,1,31.0,37.285714285714285,7,32
USR_21147,USR_21147_C09,2026-02-08,12.5,12.13,3,2,7,1,normal,0,2,32.0,36.625,8,47
USR_21147,USR_21147_C10,2026-03-27,12.5,12.21,3,2,7,1,normal,0,3,47.0,37.77777777777778,9,49
USR_21150,USR_21150_C01,2025-04-12,12.5,12.46,3,2,7,0,more,0,4,,,0,50
USR_21150,USR_21150_C02,2025-06-01,12.5,8.31,3,2,7,0,normal,0,6,50.0,50.0,1,60
USR_21150,USR_21150_C03,2025-07-31,12.5,8.12,3,2,7,0,normal,0,7,60.0,55.0,2,41
USR_21150,USR_21150_C04,2025-09-10,12.5,12.32,3,2,7,0,normal,0,9,41.0,50.333333333333336,3,64
USR_21150,USR_21150_C05,2025-11-13,12.5,12.05,3,2,7,0,less,0,11,64.0,53.75,4,65
USR_21150,USR_21150_C06,2026-01-17,12.5,11.58,3,2,7,0,normal,1,1,65.0,56.0,5,63
USR_21151,USR_21151_C01,2025-02-16,12.5,7.27,8,2,7,1,normal,0,2,,,0,17
USR_21151,USR_21151_C02,2025-03-05,12.5,12.41,8,2,7,1,normal,0,3,17.0,17.0,1,32
USR_21151,USR_21151_C03,2025-04-06,12.5,11.76,8,2,7,1,normal,0,4,32.0,24.5,2,29
USR_21151,USR_21151_C04,2025-05-05,12.5,9.25,8,2,7,1,normal,0,5,29.0,26.0,3,23
USR_21152,USR_21152_C01,2025-02-19,6.0,5.7,3,2,7,1,normal,0,2,,,0,18
USR_21152,USR_21152_C02,2025-03-09,6.0,5.75,3,2,7,1,normal,0,3,18.0,18.0,1,22
USR_21152,USR_21152_C03,2025-03-31,6.0,5.9,3,2,7,1,normal,0,3,22.0,20.0,2,26
USR_21152,USR_21152_C04,2025-04-26,6.0,5.13,3,2,7,1,normal,0,4,26.0,22.0,3,18
USR_21153,USR_21153_C01,2025-03-19,12.5,11.63,8,2,7,1,more,0,3,,,0,21
USR_21153,USR_21153_C02,2025-04-09,12.5,10.49,8,2,7,1,normal,0,4,21.0,21.0,1,21
USR_21153,USR_21153_C03,2025-04-30,12.5,9.8,8,2,7,1,normal,0,4,21.0,21.0,2,20
USR_21153,USR_21153_C04,2025-05-20,12.5,8.3,8,2,7,1,normal,0,5,20.0,20.666666666666668,3,16
USR_21153,USR_21153_C05,2025-06-05,12.5,12.47,8,2,7,1,normal,0,6,16.0,19.5,4,29
USR_21153,USR_21153_C06,2025-07-04,12.5,11.95,8,2,7,1,normal,0,7,29.0,21.4,5,25
USR_21154,USR_21154_C01,2025-01-15,6.0,5.94,2,3,7,1,normal,1,1,,,0,22
USR_21154,USR_21154_C02,2025-02-06,6.0,5.59,2,3,7,1,normal,0,2,22.0,22.0,1,23
USR_21154,USR_21154_C03,2025-03-01,6.0,5.9,2,3,7,1,more,0,3,23.0,22.5,2,20
USR_21154,USR_21154_C04,2025-03-21,6.0,3.71,2,3,7,1,normal,0,3,20.0,21.666666666666668,3,14
USR_21154,USR_21154_C05,2025-04-04,6.0,5.82,2,3,7,1,less,0,4,14.0,19.75,4,29
USR_21154,USR_21154_C06,2025-05-03,6.0,5.65,2,3,7,1,normal,0,5,29.0,21.6,5,21
USR_21155,USR_21155_C01,2025-03-24,6.0,5.88,3,2,7,1,normal,0,3,,,0,20
USR_21155,USR_21155_C02,2025-04-13,6.0,4.93,3,2,7,1,normal,0,4,20.0,20.0,1,15
USR_21155,USR_21155_C03,2025-04-28,6.0,5.53,3,2,7,1,normal,0,4,15.0,17.5,2,18
USR_21155,USR_21155_C04,2025-05-16,6.0,5.85,3,2,7,1,normal,0,5,18.0,17.666666666666668,3,17
USR_21155,USR_21155_C05,2025-06-02,6.0,5.96,3,2,7,1,normal,0,6,17.0,17.5,4,21
USR_21155,USR_21155_C06,2025-06-23,6.0,5.24,3,2,7,1,normal,0,6,21.0,18.2,5,21
USR_21155,USR_21155_C07,2025-07-14,6.0,4.44,3,2,7,1,normal,0,7,21.0,18.666666666666668,6,15
USR_21155,USR_21155_C08,2025-07-29,6.0,5.06,3,2,7,1,normal,0,7,15.0,18.142857142857142,7,14
USR_21155,USR_21155_C09,2025-08-12,6.0,4.84,3,2,7,1,normal,0,8,14.0,17.625,8,17
USR_21155,USR_21155_C10,2025-08-29,6.0,3.97,3,2,7,1,normal,0,8,17.0,17.555555555555557,9,14
USR_21156,USR_21156_C01,2025-01-23,12.5,12.33,3,3,7,1,less,1,1,,,0,52
USR_21156,USR_21156_C02,2025-03-16,12.5,7.63,3,3,7,1,normal,0,3,52.0,52.0,1,19
USR_21156,USR_21156_C03,2025-04-04,12.5,11.74,3,3,7,1,normal,0,4,19.0,35.5,2,37
USR_21156,USR_21156_C04,2025-05-11,12.5,11.87,3,3,7,1,normal,0,5,37.0,36.0,3,33
USR_21156,USR_21156_C05,2025-06-13,12.5,11.61,3,3,7,1,less,0,6,33.0,35.25,4,43
USR_21159,USR_21159_C01,2025-01-01,12.5,11.72,4,1,7,1,normal,1,1,,,0,49
USR_21159,USR_21159_C02,2025-02-19,12.5,12.29,4,1,7,1,normal,0,2,49.0,49.0,1,46
USR_21159,USR_21159_C03,2025-04-06,12.5,12.05,4,1,7,1,normal,0,4,46.0,47.5,2,51
USR_21159,USR_21159_C04,2025-05-27,12.5,9.06,4,1,7,1,normal,0,5,51.0,48.666666666666664,3,31
USR_21159,USR_21159_C05,2025-06-27,12.5,11.84,4,1,7,1,normal,0,6,31.0,44.25,4,46
USR_21159,USR_21159_C06,2025-08-12,12.5,12.29,4,1,7,1,normal,0,8,46.0,44.6,5,40
USR_21160,USR_21160_C01,2025-02-13,6.0,5.79,1,1,7,1,normal,0,2,,,0,32
USR_21160,USR_21160_C02,2025-03-17,6.0,5.54,1,1,7,1,normal,0,3,32.0,32.0,1,27
USR_21160,USR_21160_C03,2025-04-13,6.0,5.59,1,1,7,1,normal,0,4,27.0,29.5,2,26
USR_21160,USR_21160_C04,2025-05-09,6.0,5.73,1,1,7,1,normal,0,5,26.0,28.333333333333332,3,31
USR_21161,USR_21161_C01,2025-02-17,6.0,5.7,2,2,7,1,normal,0,2,,,0,22
USR_21161,USR_21161_C02,2025-03-11,6.0,5.97,2,2,7,1,normal,0,3,22.0,22.0,1,24
USR_21162,USR_21162_C01,2025-04-21,12.5,11.18,7,2,7,1,normal,0,4,,,0,22
USR_21162,USR_21162_C02,2025-05-13,12.5,10.29,7,2,7,1,normal,0,5,22.0,22.0,1,20
USR_21162,USR_21162_C03,2025-06-02,12.5,12.48,7,2,7,1,more,0,6,20.0,21.0,2,19
USR_21162,USR_21162_C04,2025-06-21,12.5,11.91,7,2,7,1,normal,0,6,19.0,20.333333333333332,3,28
USR_21162,USR_21162_C05,2025-07-19,12.5,11.54,7,2,7,1,normal,0,7,28.0,22.25,4,25
USR_21163,USR_21163_C01,2025-01-13,12.5,9.57,4,2,6,1,normal,1,1,,,0,28
USR_21163,USR_21163_C02,2025-02-10,12.5,10.84,4,2,6,1,normal,0,2,28.0,28.0,1,38
USR_21163,USR_21163_C03,2025-03-20,12.5,11.19,4,2,6,1,less,0,3,38.0,33.0,2,48
USR_21163,USR_21163_C04,2025-05-07,12.5,12.17,4,2,6,1,normal,0,5,48.0,38.0,3,37
USR_21163,USR_21163_C05,2025-06-13,12.5,11.71,4,2,6,1,normal,0,6,37.0,37.75,4,38
USR_21164,USR_21164_C01,2025-03-09,12.5,11.5,5,1,7,1,more,0,3,,,0,25
USR_21164,USR_21164_C02,2025-04-03,12.5,9.31,5,1,7,1,normal,0,4,25.0,25.0,1,23
USR_21165,USR_21165_C01,2025-04-18,12.5,11.96,4,3,7,1,normal,0,4,,,0,30
USR_21165,USR_21165_C02,2025-05-18,12.5,12.29,4,3,7,1,less,0,5,30.0,30.0,1,52
USR_21165,USR_21165_C03,2025-07-09,12.5,11.51,4,3,7,1,normal,0,7,52.0,41.0,2,32
USR_21165,USR_21165_C04,2025-08-10,12.5,12.09,4,3,7,1,normal,0,8,32.0,38.0,3,38
USR_21165,USR_21165_C05,2025-09-17,12.5,12.01,4,3,7,1,normal,0,9,38.0,38.0,4,39
USR_21165,USR_21165_C06,2025-10-26,12.5,11.74,4,3,7,1,normal,0,10,39.0,38.2,5,32
USR_21165,USR_21165_C07,2025-11-27,12.5,11.6,4,3,7,1,normal,0,11,32.0,37.166666666666664,6,35
USR_21165,USR_21165_C08,2026-01-01,12.5,11.53,4,3,7,1,normal,1,1,35.0,36.857142857142854,7,37
USR_21166,USR_21166_C01,2025-01-03,12.5,12.44,4,3,4,0,normal,1,1,,,0,43
USR_21166,USR_21166_C02,2025-02-15,12.5,12.43,4,3,4,0,normal,0,2,43.0,43.0,1,45
USR_21166,USR_21166_C03,2025-04-01,12.5,12.42,4,3,4,0,normal,0,4,45.0,44.0,2,50
USR_21166,USR_21166_C04,2025-05-21,12.5,12.12,4,3,4,0,more,0,5,50.0,46.0,3,38
USR_21166,USR_21166_C05,2025-06-28,12.5,12.31,4,3,4,0,normal,0,6,38.0,44.0,4,45
USR_21166,USR_21166_C06,2025-08-12,12.5,10.57,4,3,4,0,normal,0,8,45.0,44.2,5,38
USR_21166,USR_21166_C07,2025-09-19,12.5,12.04,4,3,4,0,less,0,9,38.0,43.166666666666664,6,63
USR_21167,USR_21167_C01,2025-01-23,12.5,10.19,5,3,7,1,more,1,1,,,0,15
USR_21167,USR_21167_C02,2025-02-07,12.5,10.49,5,3,7,1,normal,0,2,15.0,15.0,1,24
USR_21167,USR_21167_C03,2025-03-03,12.5,12.09,5,3,7,1,less,0,3,24.0,19.5,2,34
USR_21167,USR_21167_C04,2025-04-06,12.5,12.19,5,3,7,1,more,0,4,34.0,24.333333333333332,3,24
USR_21167,USR_21167_C05,2025-04-30,12.5,12.04,5,3,7,1,normal,0,4,24.0,24.25,4,25
USR_21167,USR_21167_C06,2025-05-25,12.5,11.55,5,3,7,1,normal,0,5,25.0,24.4,5,23
USR_21168,USR_21168_C01,2025-03-17,6.0,5.9,2,1,7,1,normal,0,3,,,0,30
USR_21168,USR_21168_C02,2025-04-16,6.0,5.72,2,1,7,1,normal,0,4,30.0,30.0,1,24
USR_21168,USR_21168_C03,2025-05-10,6.0,5.53,2,1,7,1,more,0,5,24.0,27.0,2,22
USR_21168,USR_21168_C04,2025-06-01,6.0,5.58,2,1,7,1,normal,0,6,22.0,25.333333333333332,3,25
USR_21168,USR_21168_C05,2025-06-26,6.0,5.65,2,1,7,1,normal,0,6,25.0,25.25,4,33
USR_21168,USR_21168_C06,2025-07-29,6.0,5.61,2,1,7,1,normal,0,7,33.0,26.8,5,26
USR_21168,USR_21168_C07,2025-08-24,6.0,5.71,2,1,7,1,normal,0,8,26.0,26.666666666666668,6,26
USR_21168,USR_21168_C08,2025-09-19,6.0,5.83,2,1,7,1,normal,0,9,26.0,26.571428571428573,7,31
USR_21168,USR_21168_C09,2025-10-20,6.0,5.84,2,1,7,1,normal,0,10,31.0,27.125,8,25
USR_21169,USR_21169_C01,2025-04-30,12.5,7.31,8,2,5,1,normal,0,4,,,0,22
USR_21169,USR_21169_C02,2025-05-22,12.5,12.43,8,2,5,1,more,0,5,22.0,22.0,1,31
USR_21169,USR_21169_C03,2025-06-22,12.5,9.38,8,2,5,1,less,0,6,31.0,26.5,2,31
USR_21169,USR_21169_C04,2025-07-23,12.5,12.43,8,2,5,1,normal,0,7,31.0,28.0,3,48
USR_21169,USR_21169_C05,2025-09-09,12.5,12.07,8,2,5,1,normal,0,9,48.0,33.0,4,37
USR_21169,USR_21169_C06,2025-10-16,12.5,11.97,8,2,5,1,normal,0,10,37.0,33.8,5,41
USR_21170,USR_21170_C01,2025-04-14,12.5,11.94,6,2,7,1,normal,0,4,,,0,38
USR_21170,USR_21170_C02,2025-05-22,12.5,11.78,6,2,7,1,more,0,5,38.0,38.0,1,26
USR_21170,USR_21170_C03,2025-06-17,12.5,11.55,6,2,7,1,normal,0,6,26.0,32.0,2,33
USR_21172,USR_21172_C01,2025-03-20,12.5,12.23,6,2,7,1,normal,0,3,,,0,32
USR_21172,USR_21172_C02,2025-04-21,12.5,11.93,6,2,7,1,normal,0,4,32.0,32.0,1,36
USR_21172,USR_21172_C03,2025-05-27,12.5,12.21,6,2,7,1,normal,0,5,36.0,34.0,2,35
USR_21172,USR_21172_C04,2025-07-01,12.5,10.34,6,2,7,1,more,0,7,35.0,34.333333333333336,3,23
USR_21172,USR_21172_C05,2025-07-24,12.5,12.48,6,2,7,1,normal,0,7,23.0,31.5,4,31
USR_21172,USR_21172_C06,2025-08-24,12.5,12.0,6,2,7,1,normal,0,8,31.0,31.4,5,33
USR_21172,USR_21172_C07,2025-09-26,12.5,12.3,6,2,7,1,normal,0,9,33.0,31.666666666666668,6,37
USR_21172,USR_21172_C08,2025-11-02,12.5,11.71,6,2,7,1,normal,0,11,37.0,32.42857142857143,7,34
USR_21172,USR_21172_C09,2025-12-06,12.5,11.93,6,2,7,1,normal,1,12,34.0,32.625,8,26
USR_21173,USR_21173_C01,2025-01-11,6.0,5.91,3,2,7,0,normal,1,1,,,0,38
USR_21173,USR_21173_C02,2025-02-18,6.0,3.44,3,2,7,0,normal,0,2,38.0,38.0,1,21
USR_21173,USR_21173_C03,2025-03-11,6.0,5.76,3,2,7,0,less,0,3,21.0,29.5,2,38
USR_21173,USR_21173_C04,2025-04-18,6.0,4.53,3,2,7,0,normal,0,4,38.0,32.333333333333336,3,26
USR_21173,USR_21173_C05,2025-05-14,6.0,5.93,3,2,7,0,normal,0,5,26.0,30.75,4,40
USR_21173,USR_21173_C06,2025-06-23,6.0,5.95,3,2,7,0,normal,0,6,40.0,32.6,5,40
USR_21173,USR_21173_C07,2025-08-02,6.0,5.87,3,2,7,0,less,0,8,40.0,33.833333333333336,6,47
USR_21174,USR_21174_C01,2025-02-10,12.5,7.04,3,1,7,1,normal,0,2,,,0,25
USR_21174,USR_21174_C02,2025-03-07,12.5,11.88,3,1,7,1,normal,0,3,25.0,25.0,1,46
USR_21174,USR_21174_C03,2025-04-22,12.5,12.4,3,1,7,1,more,0,4,46.0,35.5,2,39
USR_21174,USR_21174_C04,2025-05-31,12.5,11.69,3,1,7,1,normal,0,5,39.0,36.666666666666664,3,45
USR_21174,USR_21174_C05,2025-07-15,12.5,12.32,3,1,7,1,normal,0,7,45.0,38.75,4,50
USR_21174,USR_21174_C06,2025-09-03,12.5,11.74,3,1,7,1,normal,0,9,50.0,41.0,5,54
USR_21174,USR_21174_C07,2025-10-27,12.5,11.98,3,1,7,1,normal,0,10,54.0,43.166666666666664,6,44
USR_21174,USR_21174_C08,2025-12-10,12.5,11.53,3,1,7,1,more,1,12,44.0,43.285714285714285,7,32
USR_21174,USR_21174_C09,2026-01-11,12.5,12.41,3,1,7,1,normal,1,1,32.0,41.875,8,42
USR_21174,USR_21174_C10,2026-02-22,12.5,12.08,3,1,7,1,normal,0,2,42.0,41.888888888888886,9,60
USR_21175,USR_21175_C01,2025-03-08,6.0,5.65,5,2,7,1,normal,0,3,,,0,22
USR_21175,USR_21175_C02,2025-03-30,6.0,5.85,5,2,7,1,normal,0,3,22.0,22.0,1,20
USR_21176,USR_21176_C01,2025-03-20,12.5,12.08,4,2,7,0,normal,0,3,,,0,46
USR_21176,USR_21176_C02,2025-05-05,12.5,12.45,4,2,7,0,normal,0,5,46.0,46.0,1,49
USR_21176,USR_21176_C03,2025-06-23,12.5,11.96,4,2,7,0,more,0,6,49.0,47.5,2,38
USR_21176,USR_21176_C04,2025-07-31,12.5,11.86,4,2,7,0,normal,0,7,38.0,44.333333333333336,3,41
USR_21176,USR_21176_C05,2025-09-10,12.5,11.58,4,2,7,0,normal,0,9,41.0,43.5,4,42
USR_21176,USR_21176_C06,2025-10-22,12.5,11.54,4,2,7,0,normal,0,10,42.0,43.2,5,45
USR_21176,USR_21176_C07,2025-12-06,12.5,11.35,4,2,7,0,normal,1,12,45.0,43.5,6,47
USR_21177,USR_21177_C01,2025-04-02,6.0,4.72,1,2,7,1,normal,0,4,,,0,14
USR_21177,USR_21177_C02,2025-04-16,6.0,3.41,1,2,7,1,normal,0,4,14.0,14.0,1,10
USR_21177,USR_21177_C03,2025-04-26,6.0,5.82,1,2,7,1,normal,0,4,10.0,12.0,2,25
USR_21177,USR_21177_C04,2025-05-21,6.0,4.0,1,2,7,1,less,0,5,25.0,16.333333333333332,3,21
USR_21177,USR_21177_C05,2025-06-11,6.0,5.93,1,2,7,1,normal,0,6,21.0,17.5,4,23
USR_21177,USR_21177_C06,2025-07-04,6.0,5.84,1,2,7,1,normal,0,7,23.0,18.6,5,21
USR_21177,USR_21177_C07,2025-07-25,6.0,5.57,1,2,7,1,normal,0,7,21.0,19.0,6,23
USR_21177,USR_21177_C08,2025-08-17,6.0,3.57,1,2,7,1,normal,0,8,23.0,19.571428571428573,7,13
USR_21177,USR_21177_C09,2025-08-30,6.0,5.91,1,2,7,1,normal,0,8,13.0,18.75,8,23
USR_21177,USR_21177_C10,2025-09-22,6.0,5.75,1,2,7,1,normal,0,9,23.0,19.22222222222222,9,20
USR_21177,USR_21177_C11,2025-10-12,6.0,4.47,1,2,7,1,normal,0,10,20.0,19.3,10,20
USR_21178,USR_21178_C01,2025-01-29,12.5,12.11,4,2,4,0,normal,1,1,,,0,75
USR_21178,USR_21178_C02,2025-04-14,12.5,12.28,4,2,4,0,normal,0,4,75.0,75.0,1,75
USR_21178,USR_21178_C03,2025-06-28,12.5,11.61,4,2,4,0,normal,0,6,75.0,75.0,2,60
USR_21178,USR_21178_C04,2025-08-27,12.5,11.56,4,2,4,0,normal,0,8,60.0,70.0,3,75
USR_21178,USR_21178_C05,2025-11-10,12.5,9.91,4,2,4,0,normal,0,11,75.0,71.25,4,56
USR_21178,USR_21178_C06,2026-01-05,12.5,12.43,4,2,4,0,normal,1,1,56.0,68.2,5,60
USR_21178,USR_21178_C07,2026-03-06,12.5,9.65,4,2,4,0,normal,0,3,60.0,66.83333333333333,6,54
USR_21178,USR_21178_C08,2026-04-29,12.5,11.75,4,2,4,0,normal,0,4,54.0,65.0,7,74
USR_21178,USR_21178_C09,2026-07-12,12.5,12.07,4,2,4,0,normal,0,7,74.0,66.125,8,63
USR_21178,USR_21178_C10,2026-09-13,12.5,7.0,4,2,4,0,normal,0,9,63.0,65.77777777777777,9,39
USR_21178,USR_21178_C11,2026-10-22,12.5,12.33,4,2,4,0,normal,0,10,39.0,63.1,10,68
USR_21179,USR_21179_C01,2025-03-01,6.0,5.84,4,2,7,1,less,0,3,,,0,23
USR_21179,USR_21179_C02,2025-03-24,6.0,5.87,4,2,7,1,normal,0,3,23.0,23.0,1,18
USR_21179,USR_21179_C03,2025-04-11,6.0,5.93,4,2,7,1,normal,0,4,18.0,20.5,2,19
USR_21179,USR_21179_C04,2025-04-30,6.0,5.38,4,2,7,1,normal,0,4,19.0,20.0,3,15
USR_21179,USR_21179_C05,2025-05-15,6.0,5.91,4,2,7,1,normal,0,5,15.0,18.75,4,17
USR_21179,USR_21179_C06,2025-06-01,6.0,5.88,4,2,7,1,more,0,6,17.0,18.4,5,15
USR_21179,USR_21179_C07,2025-06-16,6.0,5.14,4,2,7,1,normal,0,6,15.0,17.833333333333332,6,17
USR_21179,USR_21179_C08,2025-07-03,6.0,5.87,4,2,7,1,normal,0,7,17.0,17.714285714285715,7,16
USR_21181,USR_21181_C01,2025-02-21,12.5,11.51,5,2,7,1,normal,0,2,,,0,37
USR_21181,USR_21181_C02,2025-03-30,12.5,12.5,5,2,7,1,normal,0,3,37.0,37.0,1,38
USR_21181,USR_21181_C03,2025-05-07,12.5,12.39,5,2,7,1,normal,0,5,38.0,37.5,2,32
USR_21181,USR_21181_C04,2025-06-08,12.5,12.01,5,2,7,1,normal,0,6,32.0,35.666666666666664,3,42
USR_21182,USR_21182_C01,2025-03-15,12.5,12.23,6,2,7,0,normal,0,3,,,0,43
USR_21182,USR_21182_C02,2025-04-27,12.5,11.85,6,2,7,0,normal,0,4,43.0,43.0,1,46
USR_21182,USR_21182_C03,2025-06-12,12.5,12.02,6,2,7,0,normal,0,6,46.0,44.5,2,47
USR_21182,USR_21182_C04,2025-07-29,12.5,11.53,6,2,7,0,normal,0,7,47.0,45.333333333333336,3,48
USR_21184,USR_21184_C01,2025-01-12,6.0,5.88,4,2,7,1,normal,1,1,,,0,20
USR_21184,USR_21184_C02,2025-02-01,6.0,3.39,4,2,7,1,normal,0,2,20.0,20.0,1,12
USR_21184,USR_21184_C03,2025-02-13,6.0,5.69,4,2,7,1,normal,0,2,12.0,16.0,2,21
USR_21184,USR_21184_C04,2025-03-06,6.0,5.88,4,2,7,1,normal,0,3,21.0,17.666666666666668,3,24
USR_21184,USR_21184_C05,2025-03-30,6.0,5.93,4,2,7,1,more,0,3,24.0,19.25,4,17
USR_21184,USR_21184_C06,2025-04-16,6.0,5.72,4,2,7,1,more,0,4,17.0,18.8,5,14
USR_21184,USR_21184_C07,2025-04-30,6.0,5.7,4,2,7,1,less,0,4,14.0,18.0,6,25
USR_21184,USR_21184_C08,2025-05-25,6.0,5.77,4,2,7,1,normal,0,5,25.0,19.0,7,22
USR_21184,USR_21184_C09,2025-06-16,6.0,5.91,4,2,7,1,normal,0,6,22.0,19.375,8,21
USR_21184,USR_21184_C10,2025-07-07,6.0,5.53,4,2,7,1,normal,0,7,21.0,19.555555555555557,9,20
USR_21184,USR_21184_C11,2025-07-27,6.0,5.65,4,2,7,1,normal,0,7,20.0,19.6,10,19
USR_21184,USR_21184_C12,2025-08-15,6.0,5.86,4,2,7,1,less,0,8,19.0,19.545454545454547,11,31
USR_21186,USR_21186_C01,2025-01-03,12.5,12.38,3,2,7,1,more,1,1,,,0,37
USR_21186,USR_21186_C02,2025-02-09,12.5,10.08,3,2,7,1,normal,0,2,37.0,37.0,1,47
USR_21186,USR_21186_C03,2025-03-28,12.5,12.02,3,2,7,1,normal,0,3,47.0,42.0,2,50
USR_21186,USR_21186_C04,2025-05-17,12.5,12.18,3,2,7,1,normal,0,5,50.0,44.666666666666664,3,50
USR_21186,USR_21186_C05,2025-07-06,12.5,11.84,3,2,7,1,normal,0,7,50.0,46.0,4,51
USR_21186,USR_21186_C06,2025-08-26,12.5,11.93,3,2,7,1,normal,0,8,51.0,47.0,5,44
USR_21186,USR_21186_C07,2025-10-09,12.5,11.73,3,2,7,1,normal,0,10,44.0,46.5,6,45
USR_21186,USR_21186_C08,2025-11-23,12.5,11.85,3,2,7,1,normal,0,11,45.0,46.285714285714285,7,44
USR_21186,USR_21186_C09,2026-01-06,12.5,12.0,3,2,7,1,less,1,1,44.0,46.0,8,68
USR_21186,USR_21186_C10,2026-03-15,12.5,11.61,3,2,7,1,normal,0,3,68.0,48.44444444444444,9,44
USR_21187,USR_21187_C01,2025-01-11,12.5,11.66,7,3,7,1,normal,1,1,,,0,31
USR_21187,USR_21187_C02,2025-02-11,12.5,12.17,7,3,7,1,normal,0,2,31.0,31.0,1,29
USR_21187,USR_21187_C03,2025-03-12,12.5,11.57,7,3,7,1,normal,0,3,29.0,30.0,2,31
USR_21187,USR_21187_C04,2025-04-12,12.5,9.91,7,3,7,1,normal,0,4,31.0,30.333333333333332,3,24
USR_21187,USR_21187_C05,2025-05-06,12.5,12.44,7,3,7,1,normal,0,5,24.0,28.75,4,28
USR_21187,USR_21187_C06,2025-06-03,12.5,12.06,7,3,7,1,normal,0,6,28.0,28.6,5,26
USR_21187,USR_21187_C07,2025-06-29,12.5,12.42,7,3,7,1,normal,0,6,26.0,28.166666666666668,6,30
USR_21187,USR_21187_C08,2025-07-29,12.5,12.08,7,3,7,1,normal,0,7,30.0,28.428571428571427,7,28
USR_21187,USR_21187_C09,2025-08-26,12.5,12.44,7,3,7,1,normal,0,8,28.0,28.375,8,35
USR_21188,USR_21188_C01,2025-03-12,6.0,5.98,3,2,6,1,less,0,3,,,0,28
USR_21188,USR_21188_C02,2025-04-09,6.0,5.7,3,2,6,1,normal,0,4,28.0,28.0,1,23
USR_21188,USR_21188_C03,2025-05-02,6.0,3.3,3,2,6,1,normal,0,5,23.0,25.5,2,16
USR_21188,USR_21188_C04,2025-05-18,6.0,5.07,3,2,6,1,normal,0,5,16.0,22.333333333333332,3,19
USR_21188,USR_21188_C05,2025-06-06,6.0,5.74,3,2,6,1,normal,0,6,19.0,21.5,4,23
USR_21188,USR_21188_C06,2025-06-29,6.0,5.74,3,2,6,1,normal,0,6,23.0,21.8,5,28
USR_21188,USR_21188_C07,2025-07-27,6.0,4.84,3,2,6,1,normal,0,7,28.0,22.833333333333332,6,25
USR_21188,USR_21188_C08,2025-08-21,6.0,5.79,3,2,6,1,more,0,8,25.0,23.142857142857142,7,20
USR_21188,USR_21188_C09,2025-09-10,6.0,5.77,3,2,6,1,normal,0,9,20.0,22.75,8,22
USR_21188,USR_21188_C10,2025-10-02,6.0,5.84,3,2,6,1,less,0,10,22.0,22.666666666666668,9,29
USR_21188,USR_21188_C11,2025-10-31,6.0,5.57,3,2,6,1,normal,0,10,29.0,23.3,10,23
USR_21188,USR_21188_C12,2025-11-23,6.0,5.68,3,2,6,1,more,0,11,23.0,23.272727272727273,11,23
USR_21189,USR_21189_C01,2025-02-10,12.5,11.92,5,2,7,1,normal,0,2,,,0,40
USR_21189,USR_21189_C02,2025-03-22,12.5,11.96,5,2,7,1,normal,0,3,40.0,40.0,1,36
USR_21189,USR_21189_C03,2025-04-27,12.5,12.35,5,2,7,1,normal,0,4,36.0,38.0,2,38
USR_21189,USR_21189_C04,2025-06-04,12.5,11.81,5,2,7,1,normal,0,6,38.0,38.0,3,34
USR_21189,USR_21189_C05,2025-07-08,12.5,11.85,5,2,7,1,normal,0,7,34.0,37.0,4,36
USR_21190,USR_21190_C01,2025-01-01,6.0,5.08,1,3,7,1,normal,1,1,,,0,18
USR_21190,USR_21190_C02,2025-01-19,6.0,3.34,1,3,7,1,normal,1,1,18.0,18.0,1,12
USR_21190,USR_21190_C03,2025-01-31,6.0,3.55,1,3,7,1,less,1,1,12.0,15.0,2,14
USR_21190,USR_21190_C04,2025-02-14,6.0,4.51,1,3,7,1,normal,0,2,14.0,14.666666666666666,3,18
USR_21190,USR_21190_C05,2025-03-04,6.0,4.54,1,3,7,1,normal,0,3,18.0,15.5,4,14
USR_21190,USR_21190_C06,2025-03-18,6.0,5.71,1,3,7,1,normal,0,3,14.0,15.2,5,20
USR_21190,USR_21190_C07,2025-04-07,6.0,5.72,1,3,7,1,normal,0,4,20.0,16.0,6,19
USR_21190,USR_21190_C08,2025-04-26,6.0,5.54,1,3,7,1,normal,0,4,19.0,16.428571428571427,7,18
USR_21191,USR_21191_C01,2025-04-04,6.0,5.83,6,2,7,1,more,0,4,,,0,13
USR_21191,USR_21191_C02,2025-04-17,6.0,5.58,6,2,7,1,normal,0,4,13.0,13.0,1,13
USR_21191,USR_21191_C03,2025-04-30,6.0,6.0,6,2,7,1,normal,0,4,13.0,13.0,2,14
USR_21191,USR_21191_C04,2025-05-14,6.0,5.72,6,2,7,1,normal,0,5,14.0,13.333333333333334,3,15
USR_21191,USR_21191_C05,2025-05-29,6.0,5.97,6,2,7,1,normal,0,5,15.0,13.75,4,16
USR_21191,USR_21191_C06,2025-06-14,6.0,5.8,6,2,7,1,more,0,6,16.0,14.2,5,11
USR_21191,USR_21191_C07,2025-06-25,6.0,3.81,6,2,7,1,normal,0,6,11.0,13.666666666666666,6,9
USR_21191,USR_21191_C08,2025-07-04,6.0,5.85,6,2,7,1,less,0,7,9.0,13.0,7,21
USR_21191,USR_21191_C09,2025-07-25,6.0,5.53,6,2,7,1,normal,0,7,21.0,14.0,8,14
USR_21192,USR_21192_C01,2025-01-10,12.5,11.77,4,3,7,1,more,1,1,,,0,29
USR_21192,USR_21192_C02,2025-02-08,12.5,11.77,4,3,7,1,normal,0,2,29.0,29.0,1,30
USR_21192,USR_21192_C03,2025-03-10,12.5,11.84,4,3,7,1,normal,0,3,30.0,29.5,2,32
USR_21193,USR_21193_C01,2025-03-23,12.5,11.96,3,3,7,1,normal,0,3,,,0,38
USR_21193,USR_21193_C02,2025-04-30,12.5,11.65,3,3,7,1,normal,0,4,38.0,38.0,1,40
USR_21193,USR_21193_C03,2025-06-09,12.5,12.49,3,3,7,1,normal,0,6,40.0,39.0,2,48
USR_21193,USR_21193_C04,2025-07-27,12.5,11.78,3,3,7,1,normal,0,7,48.0,42.0,3,41
USR_21193,USR_21193_C05,2025-09-06,12.5,11.9,3,3,7,1,normal,0,9,41.0,41.75,4,43
USR_21194,USR_21194_C01,2025-02-12,12.5,12.12,4,1,7,1,normal,0,2,,,0,26
USR_21194,USR_21194_C02,2025-03-10,12.5,11.81,4,1,7,1,normal,0,3,26.0,26.0,1,27
USR_21194,USR_21194_C03,2025-04-06,12.5,11.63,4,1,7,1,normal,0,4,27.0,26.5,2,35
USR_21194,USR_21194_C04,2025-05-11,12.5,12.29,4,1,7,1,normal,0,5,35.0,29.333333333333332,3,25
USR_21194,USR_21194_C05,2025-06-05,12.5,11.6,4,1,7,1,less,0,6,25.0,28.25,4,40
USR_21194,USR_21194_C06,2025-07-15,12.5,11.19,4,1,7,1,normal,0,7,40.0,30.6,5,26
USR_21194,USR_21194_C07,2025-08-10,12.5,11.94,4,1,7,1,normal,0,8,26.0,29.833333333333332,6,29
USR_21194,USR_21194_C08,2025-09-08,12.5,11.86,4,1,7,1,normal,0,9,29.0,29.714285714285715,7,26
USR_21194,USR_21194_C09,2025-10-04,12.5,12.02,4,1,7,1,normal,0,10,26.0,29.25,8,24
USR_21194,USR_21194_C10,2025-10-28,12.5,11.66,4,1,7,1,normal,0,10,24.0,28.666666666666668,9,28
USR_21194,USR_21194_C11,2025-11-25,12.5,12.45,4,1,7,1,normal,0,11,28.0,28.6,10,27
USR_21194,USR_21194_C12,2025-12-22,12.5,11.77,4,1,7,1,more,1,12,27.0,28.454545454545453,11,20
USR_21198,USR_21198_C01,2025-03-26,12.5,12.31,3,2,7,1,normal,0,3,,,0,46
USR_21198,USR_21198_C02,2025-05-11,12.5,11.76,3,2,7,1,normal,0,5,46.0,46.0,1,49
USR_21198,USR_21198_C03,2025-06-29,12.5,7.31,3,2,7,1,normal,0,6,49.0,47.5,2,31
USR_21198,USR_21198_C04,2025-07-30,12.5,12.15,3,2,7,1,normal,0,7,31.0,42.0,3,49
USR_21198,USR_21198_C05,2025-09-17,12.5,11.82,3,2,7,1,normal,0,9,49.0,43.75,4,60
USR_21198,USR_21198_C06,2025-11-16,12.5,8.75,3,2,7,1,normal,0,11,60.0,47.0,5,35
USR_21199,USR_21199_C01,2025-04-27,6.0,5.96,2,2,6,1,normal,0,4,,,0,25
USR_21199,USR_21199_C02,2025-05-22,6.0,5.93,2,2,6,1,normal,0,5,25.0,25.0,1,29
USR_21199,USR_21199_C03,2025-06-20,6.0,4.04,2,2,6,1,normal,0,6,29.0,27.0,2,17
USR_21199,USR_21199_C04,2025-07-07,6.0,5.64,2,2,6,1,normal,0,7,17.0,23.666666666666668,3,24
USR_21199,USR_21199_C05,2025-07-31,6.0,5.79,2,2,6,1,normal,0,7,24.0,23.75,4,26
USR_21199,USR_21199_C06,2025-08-26,6.0,4.62,2,2,6,1,less,0,8,26.0,24.2,5,23
USR_21200,USR_21200_C01,2025-02-03,6.0,5.87,4,3,7,1,more,0,2,,,0,6
USR_21200,USR_21200_C02,2025-02-09,6.0,5.53,4,3,7,1,normal,0,2,6.0,6.0,1,9
USR_21200,USR_21200_C03,2025-02-18,6.0,5.95,4,3,7,1,less,0,2,9.0,7.5,2,12
USR_21200,USR_21200_C04,2025-03-02,6.0,5.88,4,3,7,1,less,0,3,12.0,9.0,3,9
USR_21200,USR_21200_C05,2025-03-11,6.0,5.61,4,3,7,1,normal,0,3,9.0,9.0,4,9
USR_21200,USR_21200_C06,2025-03-20,6.0,5.94,4,3,7,1,normal,0,3,9.0,9.0,5,10
USR_21200,USR_21200_C07,2025-03-30,6.0,3.85,4,3,7,1,normal,0,3,10.0,9.166666666666666,6,7
USR_21200,USR_21200_C08,2025-04-06,6.0,3.67,4,3,7,1,normal,0,4,7.0,8.857142857142858,7,6
USR_21200,USR_21200_C09,2025-04-12,6.0,5.63,4,3,7,1,normal,0,4,6.0,8.5,8,9
USR_21201,USR_21201_C01,2025-03-09,12.5,12.35,4,2,7,1,normal,0,3,,,0,37
USR_21201,USR_21201_C02,2025-04-15,12.5,12.37,4,2,7,1,normal,0,4,37.0,37.0,1,32
USR_21201,USR_21201_C03,2025-05-17,12.5,12.08,4,2,7,1,normal,0,5,32.0,34.5,2,33
USR_21201,USR_21201_C04,2025-06-19,12.5,11.71,4,2,7,1,normal,0,6,33.0,34.0,3,31
USR_21201,USR_21201_C05,2025-07-20,12.5,12.4,4,2,7,1,normal,0,7,31.0,33.25,4,39
USR_21201,USR_21201_C06,2025-08-28,12.5,12.22,4,2,7,1,normal,0,8,39.0,34.4,5,39
USR_21201,USR_21201_C07,2025-10-06,12.5,11.8,4,2,7,1,less,0,10,39.0,35.166666666666664,6,33
USR_21201,USR_21201_C08,2025-11-08,12.5,11.84,4,2,7,1,normal,0,11,33.0,34.857142857142854,7,31
USR_21202,USR_21202_C01,2025-04-01,12.5,7.67,7,1,7,1,normal,0,4,,,0,28
USR_21202,USR_21202_C02,2025-04-29,12.5,11.58,7,1,7,1,normal,0,4,28.0,28.0,1,41
USR_21202,USR_21202_C03,2025-06-09,12.5,12.36,7,1,7,1,normal,0,6,41.0,34.5,2,41
USR_21202,USR_21202_C04,2025-07-20,12.5,12.3,7,1,7,1,normal,0,7,41.0,36.666666666666664,3,43
USR_21202,USR_21202_C05,2025-09-01,12.5,11.97,7,1,7,1,normal,0,9,43.0,38.25,4,45
USR_21203,USR_21203_C01,2025-02-18,6.0,5.77,3,2,7,1,more,0,2,,,0,15
USR_21203,USR_21203_C02,2025-03-05,6.0,5.76,3,2,7,1,more,0,3,15.0,15.0,1,15
USR_21203,USR_21203_C03,2025-03-20,6.0,5.65,3,2,7,1,normal,0,3,15.0,15.0,2,17
USR_21203,USR_21203_C04,2025-04-06,6.0,5.74,3,2,7,1,normal,0,4,17.0,15.666666666666666,3,16
USR_21204,USR_21204_C01,2025-01-05,12.5,10.88,6,1,5,1,normal,1,1,,,0,40
USR_21204,USR_21204_C02,2025-02-14,12.5,8.33,6,1,5,1,normal,0,2,40.0,40.0,1,30
USR_21204,USR_21204_C03,2025-03-16,12.5,11.82,6,1,5,1,less,0,3,30.0,35.0,2,66
USR_21204,USR_21204_C04,2025-05-21,12.5,12.12,6,1,5,1,normal,0,5,66.0,45.333333333333336,3,50
USR_21205,USR_21205_C01,2025-01-16,6.0,5.91,3,3,7,1,normal,1,1,,,0,15
USR_21205,USR_21205_C02,2025-01-31,6.0,5.08,3,3,7,1,less,1,1,15.0,15.0,1,16
USR_21205,USR_21205_C03,2025-02-16,6.0,5.94,3,3,7,1,less,0,2,16.0,15.5,2,19
USR_21205,USR_21205_C04,2025-03-07,6.0,5.75,3,3,7,1,normal,0,3,19.0,16.666666666666668,3,18
USR_21205,USR_21205_C05,2025-03-25,6.0,5.63,3,3,7,1,less,0,3,18.0,17.0,4,15
USR_21205,USR_21205_C06,2025-04-09,6.0,5.73,3,3,7,1,normal,0,4,15.0,16.6,5,15
USR_21205,USR_21205_C07,2025-04-24,6.0,5.53,3,3,7,1,normal,0,4,15.0,16.333333333333332,6,14
USR_21205,USR_21205_C08,2025-05-08,6.0,4.34,3,3,7,1,more,0,5,14.0,16.0,7,11
USR_21205,USR_21205_C09,2025-05-19,6.0,5.26,3,3,7,1,normal,0,5,11.0,15.375,8,15
USR_21206,USR_21206_C01,2025-03-09,12.5,12.08,5,2,7,0,normal,0,3,,,0,51
USR_21206,USR_21206_C02,2025-04-29,12.5,11.66,5,2,7,0,normal,0,4,51.0,51.0,1,49
USR_21206,USR_21206_C03,2025-06-17,12.5,11.64,5,2,7,0,normal,0,6,49.0,50.0,2,60
USR_21207,USR_21207_C01,2025-03-13,6.0,5.58,4,3,7,0,normal,0,3,,,0,23
USR_21207,USR_21207_C02,2025-04-05,6.0,5.56,4,3,7,0,normal,0,4,23.0,23.0,1,27
USR_21207,USR_21207_C03,2025-05-02,6.0,4.4,4,3,7,0,normal,0,5,27.0,25.0,2,19
USR_21207,USR_21207_C04,2025-05-21,6.0,5.99,4,3,7,0,normal,0,5,19.0,23.0,3,24
USR_21207,USR_21207_C05,2025-06-14,6.0,5.58,4,3,7,0,normal,0,6,24.0,23.25,4,22
USR_21208,USR_21208_C01,2025-03-23,12.5,11.5,5,3,5,1,normal,0,3,,,0,28
USR_21208,USR_21208_C02,2025-04-20,12.5,11.04,5,3,5,1,normal,0,4,28.0,28.0,1,28
USR_21208,USR_21208_C03,2025-05-18,12.5,12.44,5,3,5,1,normal,0,5,28.0,28.0,2,28
USR_21208,USR_21208_C04,2025-06-15,12.5,12.25,5,3,5,1,normal,0,6,28.0,28.0,3,28
USR_21208,USR_21208_C05,2025-07-13,12.5,12.05,5,3,5,1,normal,0,7,28.0,28.0,4,25
USR_21210,USR_21210_C01,2025-02-28,6.0,5.22,6,2,6,0,normal,0,2,,,0,20
USR_21210,USR_21210_C02,2025-03-20,6.0,5.64,6,2,6,0,normal,0,3,20.0,20.0,1,19
USR_21210,USR_21210_C03,2025-04-08,6.0,5.59,6,2,6,0,normal,0,4,19.0,19.5,2,21
USR_21210,USR_21210_C04,2025-04-29,6.0,5.99,6,2,6,0,more,0,4,21.0,20.0,3,18
USR_21210,USR_21210_C05,2025-05-17,6.0,5.97,6,2,6,0,normal,0,5,18.0,19.5,4,23
USR_21210,USR_21210_C06,2025-06-09,6.0,5.55,6,2,6,0,normal,0,6,23.0,20.2,5,19
USR_21210,USR_21210_C07,2025-06-28,6.0,5.76,6,2,6,0,normal,0,6,19.0,20.0,6,17
USR_21210,USR_21210_C08,2025-07-15,6.0,5.91,6,2,6,0,normal,0,7,17.0,19.571428571428573,7,21
USR_21211,USR_21211_C01,2025-01-08,12.5,11.97,4,2,7,0,normal,1,1,,,0,51
USR_21211,USR_21211_C02,2025-02-28,12.5,11.89,4,2,7,0,normal,0,2,51.0,51.0,1,49
USR_21211,USR_21211_C03,2025-04-18,12.5,11.96,4,2,7,0,normal,0,4,49.0,50.0,2,48
USR_21211,USR_21211_C04,2025-06-05,12.5,12.16,4,2,7,0,less,0,6,48.0,49.333333333333336,3,71
USR_21211,USR_21211_C05,2025-08-15,12.5,11.95,4,2,7,0,normal,0,8,71.0,54.75,4,45
USR_21211,USR_21211_C06,2025-09-29,12.5,12.42,4,2,7,0,normal,0,9,45.0,52.8,5,52
USR_21211,USR_21211_C07,2025-11-20,12.5,11.61,4,2,7,0,normal,0,11,52.0,52.666666666666664,6,48
USR_21211,USR_21211_C08,2026-01-07,12.5,11.99,4,2,7,0,normal,1,1,48.0,52.0,7,44
USR_21211,USR_21211_C09,2026-02-20,12.5,12.32,4,2,7,0,more,0,2,44.0,51.0,8,36
USR_21211,USR_21211_C10,2026-03-28,12.5,12.44,4,2,7,0,normal,0,3,36.0,49.333333333333336,9,63
USR_21212,USR_21212_C01,2025-01-03,12.5,12.36,3,3,7,1,normal,1,1,,,0,29
USR_21212,USR_21212_C02,2025-02-01,12.5,10.01,3,3,7,1,less,0,2,29.0,29.0,1,41
USR_21212,USR_21212_C03,2025-03-14,12.5,7.11,3,3,7,1,normal,0,3,41.0,35.0,2,19
USR_21212,USR_21212_C04,2025-04-02,12.5,11.92,3,3,7,1,normal,0,4,19.0,29.666666666666668,3,34
USR_21212,USR_21212_C05,2025-05-06,12.5,11.73,3,3,7,1,more,0,5,34.0,30.75,4,30
USR_21212,USR_21212_C06,2025-06-05,12.5,11.75,3,3,7,1,less,0,6,30.0,30.6,5,48
USR_21212,USR_21212_C07,2025-07-23,12.5,9.88,3,3,7,1,normal,0,7,48.0,33.5,6,32
USR_21212,USR_21212_C08,2025-08-24,12.5,11.65,3,3,7,1,normal,0,8,32.0,33.285714285714285,7,35
USR_21212,USR_21212_C09,2025-09-28,12.5,12.31,3,3,7,1,normal,0,9,35.0,33.5,8,37
USR_21212,USR_21212_C10,2025-11-04,12.5,12.38,3,3,7,1,normal,0,11,37.0,33.888888888888886,9,36
USR_21212,USR_21212_C11,2025-12-10,12.5,12.08,3,3,7,1,normal,1,12,36.0,34.1,10,34
USR_21212,USR_21212_C12,2026-01-13,12.5,11.53,3,3,7,1,normal,1,1,34.0,34.09090909090909,11,30
USR_21213,USR_21213_C01,2025-03-25,12.5,8.14,5,3,4,1,less,0,3,,,0,32
USR_21213,USR_21213_C02,2025-04-26,12.5,10.65,5,3,4,1,normal,0,4,32.0,32.0,1,29
USR_21213,USR_21213_C03,2025-05-25,12.5,11.8,5,3,4,1,more,0,5,29.0,30.5,2,29
USR_21213,USR_21213_C04,2025-06-23,12.5,11.65,5,3,4,1,normal,0,6,29.0,30.0,3,35
USR_21214,USR_21214_C01,2025-01-26,12.5,11.7,6,3,4,1,more,1,1,,,0,18
USR_21214,USR_21214_C02,2025-02-13,12.5,12.32,6,3,4,1,normal,0,2,18.0,18.0,1,30
USR_21214,USR_21214_C03,2025-03-15,12.5,11.58,6,3,4,1,normal,0,3,30.0,24.0,2,26
USR_21214,USR_21214_C04,2025-04-10,12.5,9.25,6,3,4,1,normal,0,4,26.0,24.666666666666668,3,30
USR_21215,USR_21215_C01,2025-01-27,6.0,5.73,1,1,7,1,normal,1,1,,,0,23
USR_21215,USR_21215_C02,2025-02-19,6.0,5.6,1,1,7,1,normal,0,2,23.0,23.0,1,26
USR_21215,USR_21215_C03,2025-03-17,6.0,5.86,1,1,7,1,normal,0,3,26.0,24.5,2,26
USR_21215,USR_21215_C04,2025-04-12,6.0,5.59,1,1,7,1,normal,0,4,26.0,25.0,3,24
USR_21215,USR_21215_C05,2025-05-06,6.0,5.61,1,1,7,1,normal,0,5,24.0,24.75,4,22
USR_21216,USR_21216_C01,2025-03-07,6.0,5.92,3,2,6,1,normal,0,3,,,0,20
USR_21216,USR_21216_C02,2025-03-27,6.0,5.56,3,2,6,1,normal,0,3,20.0,20.0,1,19
USR_21216,USR_21216_C03,2025-04-15,6.0,5.92,3,2,6,1,more,0,4,19.0,19.5,2,20
USR_21216,USR_21216_C04,2025-05-05,6.0,5.98,3,2,6,1,normal,0,5,20.0,19.666666666666668,3,19
USR_21216,USR_21216_C05,2025-05-24,6.0,3.85,3,2,6,1,normal,0,5,19.0,19.5,4,11
USR_21216,USR_21216_C06,2025-06-04,6.0,5.8,3,2,6,1,normal,0,6,11.0,17.8,5,21
USR_21216,USR_21216_C07,2025-06-25,6.0,5.74,3,2,6,1,less,0,6,21.0,18.333333333333332,6,26
USR_21216,USR_21216_C08,2025-07-21,6.0,3.72,3,2,6,1,less,0,7,26.0,19.428571428571427,7,15
USR_21217,USR_21217_C01,2025-03-03,6.0,5.72,5,2,7,1,normal,0,3,,,0,13
USR_21217,USR_21217_C02,2025-03-16,6.0,5.68,5,2,7,1,normal,0,3,13.0,13.0,1,14
USR_21217,USR_21217_C03,2025-03-30,6.0,5.2,5,2,7,1,normal,0,3,14.0,13.5,2,13
USR_21217,USR_21217_C04,2025-04-12,6.0,5.9,5,2,7,1,normal,0,4,13.0,13.333333333333334,3,16
USR_21217,USR_21217_C05,2025-04-28,6.0,5.76,5,2,7,1,normal,0,4,16.0,14.0,4,13
USR_21218,USR_21218_C01,2025-01-17,6.0,5.87,4,3,7,1,normal,1,1,,,0,12
USR_21218,USR_21218_C02,2025-01-29,6.0,5.67,4,3,7,1,normal,1,1,12.0,12.0,1,14
USR_21218,USR_21218_C03,2025-02-12,6.0,5.13,4,3,7,1,normal,0,2,14.0,13.0,2,13
USR_21218,USR_21218_C04,2025-02-25,6.0,3.66,4,3,7,1,normal,0,2,13.0,13.0,3,10
USR_21219,USR_21219_C01,2025-04-18,6.0,4.9,6,2,6,0,normal,0,4,,,0,21
USR_21219,USR_21219_C02,2025-05-09,6.0,5.92,6,2,6,0,normal,0,5,21.0,21.0,1,24
USR_21219,USR_21219_C03,2025-06-02,6.0,5.79,6,2,6,0,more,0,6,24.0,22.5,2,22
USR_21219,USR_21219_C04,2025-06-24,6.0,5.84,6,2,6,0,normal,0,6,22.0,22.333333333333332,3,21
USR_21219,USR_21219_C05,2025-07-15,6.0,4.73,6,2,6,0,normal,0,7,21.0,22.0,4,18
USR_21219,USR_21219_C06,2025-08-02,6.0,5.73,6,2,6,0,normal,0,8,18.0,21.2,5,21
USR_21221,USR_21221_C01,2025-02-10,12.5,12.2,5,2,7,1,more,0,2,,,0,29
USR_21221,USR_21221_C02,2025-03-11,12.5,11.72,5,2,7,1,normal,0,3,29.0,29.0,1,35
USR_21221,USR_21221_C03,2025-04-15,12.5,11.67,5,2,7,1,normal,0,4,35.0,32.0,2,33
USR_21221,USR_21221_C04,2025-05-18,12.5,7.23,5,2,7,1,normal,0,5,33.0,32.333333333333336,3,20
USR_21221,USR_21221_C05,2025-06-07,12.5,12.17,5,2,7,1,normal,0,6,20.0,29.25,4,32
USR_21221,USR_21221_C06,2025-07-09,12.5,12.14,5,2,7,1,normal,0,7,32.0,29.8,5,36
USR_21221,USR_21221_C07,2025-08-14,12.5,8.96,5,2,7,1,normal,0,8,36.0,30.833333333333332,6,23
USR_21221,USR_21221_C08,2025-09-06,12.5,11.5,5,2,7,1,normal,0,9,23.0,29.714285714285715,7,38
USR_21221,USR_21221_C09,2025-10-14,12.5,12.35,5,2,7,1,more,0,10,38.0,30.75,8,34
USR_21221,USR_21221_C10,2025-11-17,12.5,7.11,5,2,7,1,normal,0,11,34.0,31.11111111111111,9,18
USR_21221,USR_21221_C11,2025-12-05,12.5,7.3,5,2,7,1,normal,1,12,18.0,29.8,10,22
USR_21222,USR_21222_C01,2025-03-20,12.5,11.82,5,2,6,1,normal,0,3,,,0,37
USR_21222,USR_21222_C02,2025-04-26,12.5,12.46,5,2,6,1,normal,0,4,37.0,37.0,1,47
USR_21222,USR_21222_C03,2025-06-12,12.5,9.86,5,2,6,1,less,0,6,47.0,42.0,2,37
USR_21222,USR_21222_C04,2025-07-19,12.5,11.34,5,2,6,1,normal,0,7,37.0,40.333333333333336,3,35
USR_21222,USR_21222_C05,2025-08-23,12.5,9.51,5,2,6,1,normal,0,8,35.0,39.0,4,28
USR_21222,USR_21222_C06,2025-09-20,12.5,11.58,5,2,6,1,less,0,9,28.0,36.8,5,43
USR_21222,USR_21222_C07,2025-11-02,12.5,12.43,5,2,6,1,normal,0,11,43.0,37.833333333333336,6,36
USR_21224,USR_21224_C01,2025-03-13,6.0,5.65,3,2,6,1,normal,0,3,,,0,24
USR_21224,USR_21224_C02,2025-04-06,6.0,5.64,3,2,6,1,normal,0,4,24.0,24.0,1,27
USR_21225,USR_21225_C01,2025-02-25,12.5,11.33,7,3,7,1,normal,0,2,,,0,21
USR_21225,USR_21225_C02,2025-03-18,12.5,7.17,7,3,7,1,normal,0,3,21.0,21.0,1,16
USR_21225,USR_21225_C03,2025-04-03,12.5,9.05,7,3,7,1,normal,0,4,16.0,18.5,2,20
USR_21225,USR_21225_C04,2025-04-23,12.5,12.13,7,3,7,1,less,0,4,20.0,19.0,3,31
USR_21225,USR_21225_C05,2025-05-24,12.5,11.02,7,3,7,1,normal,0,5,31.0,22.0,4,23
USR_21225,USR_21225_C06,2025-06-16,12.5,11.8,7,3,7,1,normal,0,6,23.0,22.2,5,28
USR_21226,USR_21226_C01,2025-03-23,6.0,4.25,3,2,7,0,normal,0,3,,,0,20
USR_21226,USR_21226_C02,2025-04-12,6.0,5.73,3,2,7,0,normal,0,4,20.0,20.0,1,24
USR_21226,USR_21226_C03,2025-05-06,6.0,3.39,3,2,7,0,normal,0,5,24.0,22.0,2,14
USR_21226,USR_21226_C04,2025-05-20,6.0,5.7,3,2,7,0,normal,0,5,14.0,19.333333333333332,3,23
USR_21226,USR_21226_C05,2025-06-12,6.0,5.53,3,2,7,0,normal,0,6,23.0,20.25,4,24
USR_21226,USR_21226_C06,2025-07-06,6.0,5.56,3,2,7,0,normal,0,7,24.0,21.0,5,19
USR_21226,USR_21226_C07,2025-07-25,6.0,5.67,3,2,7,0,normal,0,7,19.0,20.666666666666668,6,30
USR_21226,USR_21226_C08,2025-08-24,6.0,5.96,3,2,7,0,normal,0,8,30.0,22.0,7,27
USR_21226,USR_21226_C09,2025-09-20,6.0,5.56,3,2,7,0,normal,0,9,27.0,22.625,8,25
USR_21226,USR_21226_C10,2025-10-15,6.0,5.64,3,2,7,0,normal,0,10,25.0,22.88888888888889,9,26
USR_21226,USR_21226_C11,2025-11-10,6.0,5.98,3,2,7,0,normal,0,11,26.0,23.2,10,25
USR_21227,USR_21227_C01,2025-01-13,6.0,5.65,4,1,7,1,more,1,1,,,0,14
USR_21227,USR_21227_C02,2025-01-27,6.0,5.57,4,1,7,1,more,1,1,14.0,14.0,1,18
USR_21227,USR_21227_C03,2025-02-14,6.0,3.6,4,1,7,1,normal,0,2,18.0,16.0,2,14
USR_21227,USR_21227_C04,2025-02-28,6.0,5.89,4,1,7,1,normal,0,2,14.0,15.333333333333334,3,22
USR_21227,USR_21227_C05,2025-03-22,6.0,5.95,4,1,7,1,normal,0,3,22.0,17.0,4,22
USR_21227,USR_21227_C06,2025-04-13,6.0,5.73,4,1,7,1,normal,0,4,22.0,18.0,5,22
USR_21227,USR_21227_C07,2025-05-05,6.0,5.81,4,1,7,1,normal,0,5,22.0,18.666666666666668,6,23
USR_21227,USR_21227_C08,2025-05-28,6.0,3.49,4,1,7,1,normal,0,5,23.0,19.285714285714285,7,11
USR_21227,USR_21227_C09,2025-06-08,6.0,4.29,4,1,7,1,normal,0,6,11.0,18.25,8,14
USR_21227,USR_21227_C10,2025-06-22,6.0,5.69,4,1,7,1,normal,0,6,14.0,17.77777777777778,9,17
USR_21229,USR_21229_C01,2025-04-27,12.5,12.35,4,3,6,1,normal,0,4,,,0,39
USR_21229,USR_21229_C02,2025-06-05,12.5,11.94,4,3,6,1,less,0,6,39.0,39.0,1,49
USR_21229,USR_21229_C03,2025-07-24,12.5,12.26,4,3,6,1,normal,0,7,49.0,44.0,2,35
USR_21229,USR_21229_C04,2025-08-28,12.5,11.75,4,3,6,1,more,0,8,35.0,41.0,3,30
USR_21229,USR_21229_C05,2025-09-27,12.5,11.76,4,3,6,1,less,0,9,30.0,38.25,4,48
USR_21229,USR_21229_C06,2025-11-14,12.5,12.28,4,3,6,1,more,0,11,48.0,40.2,5,31
USR_21229,USR_21229_C07,2025-12-15,12.5,11.58,4,3,6,1,normal,1,12,31.0,38.666666666666664,6,31
USR_21229,USR_21229_C08,2026-01-15,12.5,12.28,4,3,6,1,normal,1,1,31.0,37.57142857142857,7,31
USR_21231,USR_21231_C01,2025-04-19,12.5,11.92,5,3,6,1,normal,0,4,,,0,32
USR_21231,USR_21231_C02,2025-05-21,12.5,11.65,5,3,6,1,normal,0,5,32.0,32.0,1,34
USR_21231,USR_21231_C03,2025-06-24,12.5,11.93,5,3,6,1,normal,0,6,34.0,33.0,2,32
USR_21231,USR_21231_C04,2025-07-26,12.5,8.1,5,3,6,1,normal,0,7,32.0,32.666666666666664,3,22
USR_21231,USR_21231_C05,2025-08-17,12.5,12.42,5,3,6,1,normal,0,8,22.0,30.0,4,33
USR_21231,USR_21231_C06,2025-09-19,12.5,11.63,5,3,6,1,normal,0,9,33.0,30.6,5,32
USR_21231,USR_21231_C07,2025-10-21,12.5,10.16,5,3,6,1,less,0,10,32.0,30.833333333333332,6,40
USR_21232,USR_21232_C01,2025-03-15,12.5,12.35,6,2,7,1,normal,0,3,,,0,30
USR_21232,USR_21232_C02,2025-04-14,12.5,11.93,6,2,7,1,more,0,4,30.0,30.0,1,24
USR_21232,USR_21232_C03,2025-05-08,12.5,11.71,6,2,7,1,less,0,5,24.0,27.0,2,39
USR_21232,USR_21232_C04,2025-06-16,12.5,12.27,6,2,7,1,normal,0,6,39.0,31.0,3,29
USR_21232,USR_21232_C05,2025-07-15,12.5,12.33,6,2,7,1,normal,0,7,29.0,30.5,4,29
USR_21232,USR_21232_C06,2025-08-13,12.5,12.32,6,2,7,1,normal,0,8,29.0,30.2,5,25
USR_21233,USR_21233_C01,2025-03-23,12.5,12.38,5,2,7,1,normal,0,3,,,0,28
USR_21233,USR_21233_C02,2025-04-20,12.5,7.72,5,2,7,1,normal,0,4,28.0,28.0,1,21
USR_21233,USR_21233_C03,2025-05-11,12.5,12.04,5,2,7,1,normal,0,5,21.0,24.5,2,35
USR_21233,USR_21233_C04,2025-06-15,12.5,12.27,5,2,7,1,normal,0,6,35.0,28.0,3,33
USR_21233,USR_21233_C05,2025-07-18,12.5,12.2,5,2,7,1,normal,0,7,33.0,29.25,4,35
USR_21233,USR_21233_C06,2025-08-22,12.5,10.15,5,2,7,1,normal,0,8,35.0,30.4,5,31
USR_21233,USR_21233_C07,2025-09-22,12.5,12.09,5,2,7,1,normal,0,9,31.0,30.5,6,32
USR_21233,USR_21233_C08,2025-10-24,12.5,11.88,5,2,7,1,normal,0,10,32.0,30.714285714285715,7,34
USR_21233,USR_21233_C09,2025-11-27,12.5,12.24,5,2,7,1,normal,0,11,34.0,31.125,8,36
USR_21233,USR_21233_C10,2026-01-02,12.5,9.15,5,2,7,1,normal,1,1,36.0,31.666666666666668,9,22
USR_21234,USR_21234_C01,2025-03-03,12.5,7.86,7,3,7,1,less,0,3,,,0,26
USR_21234,USR_21234_C02,2025-03-29,12.5,11.74,7,3,7,1,normal,0,3,26.0,26.0,1,26
USR_21234,USR_21234_C03,2025-04-24,12.5,7.27,7,3,7,1,normal,0,4,26.0,26.0,2,18
USR_21234,USR_21234_C04,2025-05-12,12.5,12.44,7,3,7,1,normal,0,5,18.0,23.333333333333332,3,31
USR_21234,USR_21234_C05,2025-06-12,12.5,11.61,7,3,7,1,normal,0,6,31.0,25.25,4,27
USR_21234,USR_21234_C06,2025-07-09,12.5,11.79,7,3,7,1,normal,0,7,27.0,25.6,5,30
USR_21234,USR_21234_C07,2025-08-08,12.5,11.81,7,3,7,1,normal,0,8,30.0,26.333333333333332,6,28
USR_21234,USR_21234_C08,2025-09-05,12.5,12.13,7,3,7,1,normal,0,9,28.0,26.571428571428573,7,34
USR_21235,USR_21235_C01,2025-04-13,12.5,11.99,4,3,5,1,normal,0,4,,,0,42
USR_21235,USR_21235_C02,2025-05-25,12.5,11.26,4,3,5,1,normal,0,5,42.0,42.0,1,32
USR_21237,USR_21237_C01,2025-03-11,6.0,5.96,4,2,7,1,less,0,3,,,0,19
USR_21237,USR_21237_C02,2025-03-30,6.0,5.72,4,2,7,1,normal,0,3,19.0,19.0,1,18
USR_21237,USR_21237_C03,2025-04-17,6.0,5.7,4,2,7,1,normal,0,4,18.0,18.5,2,15
USR_21237,USR_21237_C04,2025-05-02,6.0,4.41,4,2,7,1,less,0,5,15.0,17.333333333333332,3,15
USR_21237,USR_21237_C05,2025-05-17,6.0,6.0,4,2,7,1,normal,0,5,15.0,16.75,4,15
USR_21237,USR_21237_C06,2025-06-01,6.0,5.96,4,2,7,1,normal,0,6,15.0,16.4,5,13
USR_21237,USR_21237_C07,2025-06-14,6.0,5.71,4,2,7,1,normal,0,6,13.0,15.833333333333334,6,16
USR_21239,USR_21239_C01,2025-03-24,12.5,11.56,4,2,7,1,normal,0,3,,,0,33
USR_21239,USR_21239_C02,2025-04-26,12.5,11.62,4,2,7,1,normal,0,4,33.0,33.0,1,40
USR_21239,USR_21239_C03,2025-06-05,12.5,11.52,4,2,7,1,normal,0,6,40.0,36.5,2,40
USR_21239,USR_21239_C04,2025-07-15,12.5,11.77,4,2,7,1,normal,0,7,40.0,37.666666666666664,3,42
USR_21239,USR_21239_C05,2025-08-26,12.5,12.21,4,2,7,1,normal,0,8,42.0,38.75,4,42
USR_21239,USR_21239_C06,2025-10-07,12.5,12.31,4,2,7,1,normal,0,10,42.0,39.4,5,41
USR_21239,USR_21239_C07,2025-11-17,12.5,11.96,4,2,7,1,normal,0,11,41.0,39.666666666666664,6,39
USR_21241,USR_21241_C01,2025-01-25,12.5,12.44,4,2,7,1,less,1,1,,,0,55
USR_21241,USR_21241_C02,2025-03-21,12.5,11.58,4,2,7,1,more,0,3,55.0,55.0,1,33
USR_21241,USR_21241_C03,2025-04-23,12.5,12.26,4,2,7,1,normal,0,4,33.0,44.0,2,41
USR_21241,USR_21241_C04,2025-06-03,12.5,11.74,4,2,7,1,normal,0,6,41.0,43.0,3,39
USR_21242,USR_21242_C01,2025-02-25,12.5,9.94,4,1,6,1,normal,0,2,,,0,43
USR_21242,USR_21242_C02,2025-04-09,12.5,11.7,4,1,6,1,normal,0,4,43.0,43.0,1,49
USR_21242,USR_21242_C03,2025-05-28,12.5,10.32,4,1,6,1,more,0,5,49.0,46.0,2,41
USR_21242,USR_21242_C04,2025-07-08,12.5,11.98,4,1,6,1,normal,0,7,41.0,44.333333333333336,3,66
USR_21242,USR_21242_C05,2025-09-12,12.5,11.96,4,1,6,1,normal,0,9,66.0,49.75,4,47
USR_21242,USR_21242_C06,2025-10-29,12.5,11.94,4,1,6,1,normal,0,10,47.0,49.2,5,50
USR_21242,USR_21242_C07,2025-12-18,12.5,7.46,4,1,6,1,normal,1,12,50.0,49.333333333333336,6,29
USR_21243,USR_21243_C01,2025-01-25,12.5,12.42,3,3,7,1,normal,1,1,,,0,42
USR_21243,USR_21243_C02,2025-03-08,12.5,11.19,3,3,7,1,normal,0,3,42.0,42.0,1,35
USR_21243,USR_21243_C03,2025-04-12,12.5,11.65,3,3,7,1,normal,0,4,35.0,38.5,2,39
USR_21243,USR_21243_C04,2025-05-21,12.5,12.39,3,3,7,1,normal,0,5,39.0,38.666666666666664,3,34
USR_21243,USR_21243_C05,2025-06-24,12.5,12.19,3,3,7,1,normal,0,6,34.0,37.5,4,43
USR_21243,USR_21243_C06,2025-08-06,12.5,11.16,3,3,7,1,normal,0,8,43.0,38.6,5,41
USR_21243,USR_21243_C07,2025-09-16,12.5,11.79,3,3,7,1,normal,0,9,41.0,39.0,6,36
USR_21244,USR_21244_C01,2025-04-10,6.0,5.93,2,1,6,1,normal,0,4,,,0,23
USR_21244,USR_21244_C02,2025-05-03,6.0,5.61,2,1,6,1,normal,0,5,23.0,23.0,1,20
USR_21244,USR_21244_C03,2025-05-23,6.0,5.11,2,1,6,1,normal,0,5,20.0,21.5,2,19
USR_21244,USR_21244_C04,2025-06-11,6.0,3.98,2,1,6,1,more,0,6,19.0,20.666666666666668,3,13
USR_21245,USR_21245_C01,2025-03-31,12.5,10.21,5,1,7,1,normal,0,3,,,0,24
USR_21245,USR_21245_C02,2025-04-24,12.5,12.0,5,1,7,1,more,0,4,24.0,24.0,1,30
USR_21245,USR_21245_C03,2025-05-24,12.5,11.67,5,1,7,1,normal,0,5,30.0,27.0,2,32
USR_21245,USR_21245_C04,2025-06-25,12.5,12.41,5,1,7,1,normal,0,6,32.0,28.666666666666668,3,30
USR_21245,USR_21245_C05,2025-07-25,12.5,11.77,5,1,7,1,less,0,7,30.0,29.0,4,36
USR_21245,USR_21245_C06,2025-08-30,12.5,11.79,5,1,7,1,normal,0,8,36.0,30.4,5,32
USR_21245,USR_21245_C07,2025-10-01,12.5,6.93,5,1,7,1,normal,0,10,32.0,30.666666666666668,6,14
USR_21245,USR_21245_C08,2025-10-15,12.5,10.36,5,1,7,1,normal,0,10,14.0,28.285714285714285,7,20
USR_21245,USR_21245_C09,2025-11-04,12.5,11.73,5,1,7,1,normal,0,11,20.0,27.25,8,28
USR_21246,USR_21246_C01,2025-03-29,12.5,12.02,5,3,7,0,normal,0,3,,,0,54
USR_21246,USR_21246_C02,2025-05-22,12.5,11.89,5,3,7,0,normal,0,5,54.0,54.0,1,46
USR_21246,USR_21246_C03,2025-07-07,12.5,12.25,5,3,7,0,normal,0,7,46.0,50.0,2,47
USR_21246,USR_21246_C04,2025-08-23,12.5,7.91,5,3,7,0,normal,0,8,47.0,49.0,3,24
USR_21246,USR_21246_C05,2025-09-16,12.5,11.65,5,3,7,0,normal,0,9,24.0,42.75,4,45
USR_21246,USR_21246_C06,2025-10-31,12.5,11.6,5,3,7,0,normal,0,10,45.0,43.2,5,41
USR_21246,USR_21246_C07,2025-12-11,12.5,8.0,5,3,7,0,normal,1,12,41.0,42.833333333333336,6,28
USR_21246,USR_21246_C08,2026-01-08,12.5,12.06,5,3,7,0,normal,1,1,28.0,40.714285714285715,7,39
USR_21246,USR_21246_C09,2026-02-16,12.5,12.09,5,3,7,0,normal,0,2,39.0,40.5,8,39
USR_21247,USR_21247_C01,2025-03-17,12.5,11.57,5,3,7,1,normal,0,3,,,0,29
USR_21247,USR_21247_C02,2025-04-15,12.5,11.66,5,3,7,1,normal,0,4,29.0,29.0,1,28
USR_21247,USR_21247_C03,2025-05-13,12.5,12.29,5,3,7,1,normal,0,5,28.0,28.5,2,27
USR_21247,USR_21247_C04,2025-06-09,12.5,12.42,5,3,7,1,normal,0,6,27.0,28.0,3,29
USR_21247,USR_21247_C05,2025-07-08,12.5,9.02,5,3,7,1,normal,0,7,29.0,28.25,4,25
USR_21247,USR_21247_C06,2025-08-02,12.5,11.7,5,3,7,1,normal,0,8,25.0,27.6,5,23
USR_21247,USR_21247_C07,2025-08-25,12.5,12.13,5,3,7,1,normal,0,8,23.0,26.833333333333332,6,29
USR_21247,USR_21247_C08,2025-09-23,12.5,12.33,5,3,7,1,normal,0,9,29.0,27.142857142857142,7,33
USR_21249,USR_21249_C01,2025-04-17,12.5,12.32,2,3,7,1,normal,0,4,,,0,34
USR_21249,USR_21249_C02,2025-05-21,12.5,12.28,2,3,7,1,normal,0,5,34.0,34.0,1,38
USR_21249,USR_21249_C03,2025-06-28,12.5,12.33,2,3,7,1,more,0,6,38.0,36.0,2,26
USR_21249,USR_21249_C04,2025-07-24,12.5,11.55,2,3,7,1,normal,0,7,26.0,32.666666666666664,3,28
USR_21250,USR_21250_C01,2025-01-10,6.0,5.78,3,2,7,1,less,1,1,,,0,29
USR_21250,USR_21250_C02,2025-02-08,6.0,5.95,3,2,7,1,normal,0,2,29.0,29.0,1,24
USR_21250,USR_21250_C03,2025-03-04,6.0,3.87,3,2,7,1,normal,0,3,24.0,26.5,2,15
USR_21250,USR_21250_C04,2025-03-19,6.0,5.87,3,2,7,1,normal,0,3,15.0,22.666666666666668,3,24
USR_21250,USR_21250_C05,2025-04-12,6.0,5.95,3,2,7,1,normal,0,4,24.0,23.0,4,23
USR_21250,USR_21250_C06,2025-05-05,6.0,5.94,3,2,7,1,more,0,5,23.0,23.0,5,16
USR_21250,USR_21250_C07,2025-05-21,6.0,5.6,3,2,7,1,normal,0,5,16.0,21.833333333333332,6,24
USR_21250,USR_21250_C08,2025-06-14,6.0,5.68,3,2,7,1,normal,0,6,24.0,22.142857142857142,7,20
USR_21250,USR_21250_C09,2025-07-04,6.0,5.63,3,2,7,1,normal,0,7,20.0,21.875,8,21
USR_21250,USR_21250_C10,2025-07-25,6.0,5.66,3,2,7,1,normal,0,7,21.0,21.77777777777778,9,19
USR_21250,USR_21250_C11,2025-08-13,6.0,4.3,3,2,7,1,normal,0,8,19.0,21.5,10,15
USR_21251,USR_21251_C01,2025-02-24,12.5,11.91,3,2,7,1,normal,0,2,,,0,47
USR_21251,USR_21251_C02,2025-04-12,12.5,12.11,3,2,7,1,normal,0,4,47.0,47.0,1,40
USR_21251,USR_21251_C03,2025-05-22,12.5,11.64,3,2,7,1,normal,0,5,40.0,43.5,2,39
USR_21251,USR_21251_C04,2025-06-30,12.5,11.93,3,2,7,1,normal,0,6,39.0,42.0,3,38
USR_21251,USR_21251_C05,2025-08-07,12.5,12.38,3,2,7,1,normal,0,8,38.0,41.0,4,45
USR_21251,USR_21251_C06,2025-09-21,12.5,11.63,3,2,7,1,normal,0,9,45.0,41.8,5,42
USR_21251,USR_21251_C07,2025-11-02,12.5,12.21,3,2,7,1,normal,0,11,42.0,41.833333333333336,6,48
USR_21252,USR_21252_C01,2025-01-27,6.0,5.74,4,2,7,1,more,1,1,,,0,14
USR_21252,USR_21252_C02,2025-02-10,6.0,5.86,4,2,7,1,normal,0,2,14.0,14.0,1,18
USR_21252,USR_21252_C03,2025-02-28,6.0,5.58,4,2,7,1,normal,0,2,18.0,16.0,2,16
USR_21252,USR_21252_C04,2025-03-16,6.0,5.73,4,2,7,1,normal,0,3,16.0,16.0,3,18
USR_21252,USR_21252_C05,2025-04-03,6.0,5.97,4,2,7,1,normal,0,4,18.0,16.5,4,20
USR_21253,USR_21253_C01,2025-02-15,12.5,12.36,7,2,7,1,normal,0,2,,,0,35
USR_21253,USR_21253_C02,2025-03-22,12.5,12.23,7,2,7,1,normal,0,3,35.0,35.0,1,37
USR_21253,USR_21253_C03,2025-04-28,12.5,12.16,7,2,7,1,normal,0,4,37.0,36.0,2,30
USR_21253,USR_21253_C04,2025-05-28,12.5,12.34,7,2,7,1,normal,0,5,30.0,34.0,3,35
USR_21253,USR_21253_C05,2025-07-02,12.5,10.7,7,2,7,1,normal,0,7,35.0,34.25,4,31
USR_21253,USR_21253_C06,2025-08-02,12.5,7.35,7,2,7,1,normal,0,8,31.0,33.6,5,20
USR_21253,USR_21253_C07,2025-08-22,12.5,11.51,7,2,7,1,normal,0,8,20.0,31.333333333333332,6,39
USR_21253,USR_21253_C08,2025-09-30,12.5,12.5,7,2,7,1,normal,0,9,39.0,32.42857142857143,7,35
USR_21253,USR_21253_C09,2025-11-04,12.5,11.98,7,2,7,1,less,0,11,35.0,32.75,8,41
USR_21254,USR_21254_C01,2025-03-01,12.5,12.24,4,2,6,1,normal,0,3,,,0,44
USR_21254,USR_21254_C02,2025-04-14,12.5,11.63,4,2,6,1,normal,0,4,44.0,44.0,1,42
USR_21254,USR_21254_C03,2025-05-26,12.5,8.73,4,2,6,1,normal,0,5,42.0,43.0,2,26
USR_21254,USR_21254_C04,2025-06-21,12.5,11.64,4,2,6,1,normal,0,6,26.0,37.333333333333336,3,40
USR_21254,USR_21254_C05,2025-07-31,12.5,11.65,4,2,6,1,normal,0,7,40.0,38.0,4,38
USR_21254,USR_21254_C06,2025-09-07,12.5,12.13,4,2,6,1,normal,0,9,38.0,38.0,5,34
USR_21254,USR_21254_C07,2025-10-11,12.5,10.16,4,2,6,1,normal,0,10,34.0,37.333333333333336,6,33
USR_21255,USR_21255_C01,2025-04-28,12.5,11.17,5,2,7,1,normal,0,4,,,0,28
USR_21255,USR_21255_C02,2025-05-26,12.5,11.94,5,2,7,1,normal,0,5,28.0,28.0,1,35
USR_21255,USR_21255_C03,2025-06-30,12.5,11.91,5,2,7,1,normal,0,6,35.0,31.5,2,32
USR_21255,USR_21255_C04,2025-08-01,12.5,8.27,5,2,7,1,normal,0,8,32.0,31.666666666666668,3,21
USR_21255,USR_21255_C05,2025-08-22,12.5,12.25,5,2,7,1,normal,0,8,21.0,29.0,4,28
USR_21255,USR_21255_C06,2025-09-19,12.5,11.58,5,2,7,1,normal,0,9,28.0,28.8,5,31
USR_21255,USR_21255_C07,2025-10-20,12.5,11.76,5,2,7,1,normal,0,10,31.0,29.166666666666668,6,29
USR_21255,USR_21255_C08,2025-11-18,12.5,9.61,5,2,7,1,normal,0,11,29.0,29.142857142857142,7,24
USR_21255,USR_21255_C09,2025-12-12,12.5,8.04,5,2,7,1,normal,1,12,24.0,28.5,8,17
USR_21255,USR_21255_C10,2025-12-29,12.5,8.92,5,2,7,1,normal,1,12,17.0,27.22222222222222,9,22
USR_21255,USR_21255_C11,2026-01-20,12.5,12.39,5,2,7,1,normal,1,1,22.0,26.7,10,33
USR_21255,USR_21255_C12,2026-02-22,12.5,8.36,5,2,7,1,normal,0,2,33.0,27.272727272727273,11,22
USR_21256,USR_21256_C01,2025-01-13,12.5,7.22,3,2,7,1,normal,1,1,,,0,22
USR_21256,USR_21256_C02,2025-02-04,12.5,8.82,3,2,7,1,normal,0,2,22.0,22.0,1,31
USR_21256,USR_21256_C03,2025-03-07,12.5,12.28,3,2,7,1,normal,0,3,31.0,26.5,2,46
USR_21256,USR_21256_C04,2025-04-22,12.5,11.67,3,2,7,1,normal,0,4,46.0,33.0,3,39
USR_21256,USR_21256_C05,2025-05-31,12.5,12.3,3,2,7,1,normal,0,5,39.0,34.5,4,46
USR_21256,USR_21256_C06,2025-07-16,12.5,9.44,3,2,7,1,normal,0,7,46.0,36.8,5,32
USR_21256,USR_21256_C07,2025-08-17,12.5,11.73,3,2,7,1,normal,0,8,32.0,36.0,6,36
USR_21256,USR_21256_C08,2025-09-22,12.5,12.02,3,2,7,1,normal,0,9,36.0,36.0,7,41
USR_21256,USR_21256_C09,2025-11-02,12.5,12.49,3,2,7,1,normal,0,11,41.0,36.625,8,55
USR_21256,USR_21256_C10,2025-12-27,12.5,11.85,3,2,7,1,normal,1,12,55.0,38.666666666666664,9,42
USR_21256,USR_21256_C11,2026-02-07,12.5,12.22,3,2,7,1,normal,0,2,42.0,39.0,10,44
USR_21256,USR_21256_C12,2026-03-23,12.5,11.57,3,2,7,1,normal,0,3,44.0,39.45454545454545,11,37
USR_21257,USR_21257_C01,2025-01-10,12.5,12.09,4,3,7,1,normal,1,1,,,0,34
USR_21257,USR_21257_C02,2025-02-13,12.5,11.93,4,3,7,1,normal,0,2,34.0,34.0,1,38
USR_21257,USR_21257_C03,2025-03-23,12.5,11.99,4,3,7,1,normal,0,3,38.0,36.0,2,39
USR_21258,USR_21258_C01,2025-03-06,12.5,11.88,3,3,7,1,normal,0,3,,,0,31
USR_21258,USR_21258_C02,2025-04-06,12.5,9.18,3,3,7,1,less,0,4,31.0,31.0,1,30
USR_21258,USR_21258_C03,2025-05-06,12.5,11.74,3,3,7,1,normal,0,5,30.0,30.5,2,26
USR_21258,USR_21258_C04,2025-06-01,12.5,10.64,3,3,7,1,normal,0,6,26.0,29.0,3,24
USR_21258,USR_21258_C05,2025-06-25,12.5,11.52,3,3,7,1,normal,0,6,24.0,27.75,4,31
USR_21259,USR_21259_C01,2025-02-14,6.0,5.86,2,1,7,1,normal,0,2,,,0,35
USR_21259,USR_21259_C02,2025-03-21,6.0,5.58,2,1,7,1,more,0,3,35.0,35.0,1,26
USR_21259,USR_21259_C03,2025-04-16,6.0,5.72,2,1,7,1,normal,0,4,26.0,30.5,2,33
USR_21259,USR_21259_C04,2025-05-19,6.0,5.71,2,1,7,1,normal,0,5,33.0,31.333333333333332,3,29
USR_21259,USR_21259_C05,2025-06-17,6.0,3.57,2,1,7,1,more,0,6,29.0,30.75,4,15
USR_21260,USR_21260_C01,2025-03-09,12.5,8.84,5,2,6,1,normal,0,3,,,0,25
USR_21260,USR_21260_C02,2025-04-03,12.5,12.07,5,2,6,1,more,0,4,25.0,25.0,1,30
USR_21260,USR_21260_C03,2025-05-03,12.5,12.03,5,2,6,1,normal,0,5,30.0,27.5,2,33
USR_21260,USR_21260_C04,2025-06-05,12.5,12.18,5,2,6,1,normal,0,6,33.0,29.333333333333332,3,31
USR_21260,USR_21260_C05,2025-07-06,12.5,12.31,5,2,6,1,normal,0,7,31.0,29.75,4,37
USR_21261,USR_21261_C01,2025-01-02,12.5,12.17,7,2,7,1,normal,1,1,,,0,29
USR_21261,USR_21261_C02,2025-01-31,12.5,8.49,7,2,7,1,normal,1,1,29.0,29.0,1,23
USR_21261,USR_21261_C03,2025-02-23,12.5,9.35,7,2,7,1,normal,0,2,23.0,26.0,2,22
USR_21261,USR_21261_C04,2025-03-17,12.5,12.2,7,2,7,1,normal,0,3,22.0,24.666666666666668,3,31
USR_21261,USR_21261_C05,2025-04-17,12.5,11.75,7,2,7,1,normal,0,4,31.0,26.25,4,30
USR_21261,USR_21261_C06,2025-05-17,12.5,11.54,7,2,7,1,normal,0,5,30.0,27.0,5,33
USR_21262,USR_21262_C01,2025-02-08,12.5,12.39,3,2,5,1,normal,0,2,,,0,48
USR_21262,USR_21262_C02,2025-03-28,12.5,12.12,3,2,5,1,normal,0,3,48.0,48.0,1,57
USR_21262,USR_21262_C03,2025-05-24,12.5,8.18,3,2,5,1,normal,0,5,57.0,52.5,2,37
USR_21262,USR_21262_C04,2025-06-30,12.5,10.76,3,2,5,1,more,0,6,37.0,47.333333333333336,3,43
USR_21262,USR_21262_C05,2025-08-12,12.5,12.22,3,2,5,1,normal,0,8,43.0,46.25,4,54
USR_21262,USR_21262_C06,2025-10-05,12.5,11.51,3,2,5,1,normal,0,10,54.0,47.8,5,46
USR_21263,USR_21263_C01,2025-04-03,6.0,5.8,3,2,6,0,normal,0,4,,,0,29
USR_21263,USR_21263_C02,2025-05-02,6.0,4.21,3,2,6,0,more,0,5,29.0,29.0,1,16
USR_21263,USR_21263_C03,2025-05-18,6.0,5.79,3,2,6,0,normal,0,5,16.0,22.5,2,26
USR_21263,USR_21263_C04,2025-06-13,6.0,5.71,3,2,6,0,normal,0,6,26.0,23.666666666666668,3,29
USR_21263,USR_21263_C05,2025-07-12,6.0,5.8,3,2,6,0,normal,0,7,29.0,25.0,4,29
USR_21263,USR_21263_C06,2025-08-10,6.0,5.68,3,2,6,0,normal,0,8,29.0,25.8,5,26
USR_21263,USR_21263_C07,2025-09-05,6.0,5.72,3,2,6,0,normal,0,9,26.0,25.833333333333332,6,29
USR_21263,USR_21263_C08,2025-10-04,6.0,5.94,3,2,6,0,more,0,10,29.0,26.285714285714285,7,23
USR_21264,USR_21264_C01,2025-03-26,12.5,11.88,6,2,7,1,normal,0,3,,,0,41
USR_21264,USR_21264_C02,2025-05-06,12.5,12.08,6,2,7,1,normal,0,5,41.0,41.0,1,38
USR_21264,USR_21264_C03,2025-06-13,12.5,12.15,6,2,7,1,normal,0,6,38.0,39.5,2,39
USR_21264,USR_21264_C04,2025-07-22,12.5,12.07,6,2,7,1,normal,0,7,39.0,39.333333333333336,3,43
USR_21264,USR_21264_C05,2025-09-03,12.5,11.66,6,2,7,1,normal,0,9,43.0,40.25,4,37
USR_21264,USR_21264_C06,2025-10-10,12.5,11.73,6,2,7,1,normal,0,10,37.0,39.6,5,36
USR_21264,USR_21264_C07,2025-11-15,12.5,12.34,6,2,7,1,less,0,11,36.0,39.0,6,52
USR_21264,USR_21264_C08,2026-01-06,12.5,12.36,6,2,7,1,normal,1,1,52.0,40.857142857142854,7,41
USR_21265,USR_21265_C01,2025-04-22,12.5,12.49,8,3,6,1,normal,0,4,,,0,34
USR_21265,USR_21265_C02,2025-05-26,12.5,11.94,8,3,6,1,normal,0,5,34.0,34.0,1,30
USR_21265,USR_21265_C03,2025-06-25,12.5,12.2,8,3,6,1,normal,0,6,30.0,32.0,2,31
USR_21265,USR_21265_C04,2025-07-26,12.5,11.69,8,3,6,1,normal,0,7,31.0,31.666666666666668,3,29
USR_21265,USR_21265_C05,2025-08-24,12.5,8.5,8,3,6,1,normal,0,8,29.0,31.0,4,20
USR_21265,USR_21265_C06,2025-09-13,12.5,11.84,8,3,6,1,normal,0,9,20.0,28.8,5,31
USR_21265,USR_21265_C07,2025-10-14,12.5,11.77,8,3,6,1,normal,0,10,31.0,29.166666666666668,6,32
USR_21266,USR_21266_C01,2025-01-11,6.0,5.56,4,2,7,1,normal,1,1,,,0,13
USR_21266,USR_21266_C02,2025-01-24,6.0,5.7,4,2,7,1,normal,1,1,13.0,13.0,1,12
USR_21266,USR_21266_C03,2025-02-05,6.0,5.58,4,2,7,1,more,0,2,12.0,12.5,2,13
USR_21266,USR_21266_C04,2025-02-18,6.0,5.81,4,2,7,1,normal,0,2,13.0,12.666666666666666,3,17
USR_21266,USR_21266_C05,2025-03-07,6.0,5.89,4,2,7,1,normal,0,3,17.0,13.75,4,15
USR_21266,USR_21266_C06,2025-03-22,6.0,5.37,4,2,7,1,more,0,3,15.0,14.0,5,12
USR_21266,USR_21266_C07,2025-04-03,6.0,5.98,4,2,7,1,normal,0,4,12.0,13.666666666666666,6,16
USR_21267,USR_21267_C01,2025-03-22,6.0,5.83,2,3,7,1,normal,0,3,,,0,21
USR_21267,USR_21267_C02,2025-04-12,6.0,4.09,2,3,7,1,normal,0,4,21.0,21.0,1,14
USR_21267,USR_21267_C03,2025-04-26,6.0,5.92,2,3,7,1,normal,0,4,14.0,17.5,2,21
USR_21267,USR_21267_C04,2025-05-17,6.0,5.63,2,3,7,1,normal,0,5,21.0,18.666666666666668,3,20
USR_21267,USR_21267_C05,2025-06-06,6.0,3.78,2,3,7,1,less,0,6,20.0,19.0,4,16
USR_21267,USR_21267_C06,2025-06-22,6.0,5.37,2,3,7,1,normal,0,6,16.0,18.4,5,17
USR_21268,USR_21268_C01,2025-02-03,6.0,5.59,4,1,6,1,normal,0,2,,,0,20
USR_21268,USR_21268_C02,2025-02-23,6.0,5.72,4,1,6,1,normal,0,2,20.0,20.0,1,21
USR_21268,USR_21268_C03,2025-03-16,6.0,5.61,4,1,6,1,normal,0,3,21.0,20.5,2,20
USR_21268,USR_21268_C04,2025-04-05,6.0,5.86,4,1,6,1,normal,0,4,20.0,20.333333333333332,3,21
USR_21268,USR_21268_C05,2025-04-26,6.0,5.75,4,1,6,1,normal,0,4,21.0,20.5,4,19
USR_21268,USR_21268_C06,2025-05-15,6.0,3.76,4,1,6,1,normal,0,5,19.0,20.2,5,17
USR_21268,USR_21268_C07,2025-06-01,6.0,5.56,4,1,6,1,normal,0,6,17.0,19.666666666666668,6,20
USR_21268,USR_21268_C08,2025-06-21,6.0,5.76,4,1,6,1,normal,0,6,20.0,19.714285714285715,7,24
USR_21268,USR_21268_C09,2025-07-15,6.0,5.18,4,1,6,1,normal,0,7,24.0,20.25,8,18
USR_21268,USR_21268_C10,2025-08-02,6.0,5.9,4,1,6,1,normal,0,8,18.0,20.0,9,20
USR_21268,USR_21268_C11,2025-08-22,6.0,5.96,4,1,6,1,normal,0,8,20.0,20.0,10,21
USR_21269,USR_21269_C01,2025-02-10,12.5,12.02,4,1,7,1,normal,0,2,,,0,50
USR_21269,USR_21269_C02,2025-04-01,12.5,11.91,4,1,7,1,normal,0,4,50.0,50.0,1,57
USR_21269,USR_21269_C03,2025-05-28,12.5,11.19,4,1,7,1,normal,0,5,57.0,53.5,2,49
USR_21269,USR_21269_C04,2025-07-16,12.5,12.43,4,1,7,1,normal,0,7,49.0,52.0,3,59
USR_21269,USR_21269_C05,2025-09-13,12.5,12.28,4,1,7,1,normal,0,9,59.0,53.75,4,46
USR_21269,USR_21269_C06,2025-10-29,12.5,9.0,4,1,7,1,normal,0,10,46.0,52.2,5,42
USR_21269,USR_21269_C07,2025-12-10,12.5,11.05,4,1,7,1,normal,1,12,42.0,50.5,6,48
USR_21269,USR_21269_C08,2026-01-27,12.5,8.05,4,1,7,1,normal,1,1,48.0,50.142857142857146,7,38
USR_21269,USR_21269_C09,2026-03-06,12.5,11.77,4,1,7,1,normal,0,3,38.0,48.625,8,55
USR_21270,USR_21270_C01,2025-03-28,12.5,8.63,8,2,5,1,normal,0,3,,,0,17
USR_21270,USR_21270_C02,2025-04-14,12.5,12.47,8,2,5,1,normal,0,4,17.0,17.0,1,28
USR_21270,USR_21270_C03,2025-05-12,12.5,12.19,8,2,5,1,normal,0,5,28.0,22.5,2,31
USR_21270,USR_21270_C04,2025-06-12,12.5,12.19,8,2,5,1,normal,0,6,31.0,25.333333333333332,3,25
USR_21270,USR_21270_C05,2025-07-07,12.5,12.17,8,2,5,1,normal,0,7,25.0,25.25,4,27
USR_21272,USR_21272_C01,2025-04-12,6.0,5.95,3,1,7,1,normal,0,4,,,0,21
USR_21272,USR_21272_C02,2025-05-03,6.0,5.82,3,1,7,1,normal,0,5,21.0,21.0,1,23
USR_21272,USR_21272_C03,2025-05-26,6.0,5.77,3,1,7,1,normal,0,5,23.0,22.0,2,19
USR_21272,USR_21272_C04,2025-06-14,6.0,3.85,3,1,7,1,normal,0,6,19.0,21.0,3,15
USR_21272,USR_21272_C05,2025-06-29,6.0,4.73,3,1,7,1,more,0,6,15.0,19.5,4,15
USR_21272,USR_21272_C06,2025-07-14,6.0,3.61,3,1,7,1,normal,0,7,15.0,18.6,5,12
USR_21273,USR_21273_C01,2025-01-22,12.5,10.5,5,2,7,1,normal,1,1,,,0,26
USR_21273,USR_21273_C02,2025-02-17,12.5,12.32,5,2,7,1,normal,0,2,26.0,26.0,1,37
USR_21273,USR_21273_C03,2025-03-26,12.5,11.6,5,2,7,1,normal,0,3,37.0,31.5,2,38
USR_21273,USR_21273_C04,2025-05-03,12.5,12.1,5,2,7,1,normal,0,5,38.0,33.666666666666664,3,39
USR_21273,USR_21273_C05,2025-06-11,12.5,7.1,5,2,7,1,normal,0,6,39.0,35.0,4,19
USR_21273,USR_21273_C06,2025-06-30,12.5,11.66,5,2,7,1,less,0,6,19.0,31.8,5,38
USR_21273,USR_21273_C07,2025-08-07,12.5,12.13,5,2,7,1,normal,0,8,38.0,32.833333333333336,6,35
USR_21273,USR_21273_C08,2025-09-11,12.5,11.62,5,2,7,1,normal,0,9,35.0,33.142857142857146,7,32
USR_21273,USR_21273_C09,2025-10-13,12.5,11.72,5,2,7,1,normal,0,10,32.0,33.0,8,31
USR_21274,USR_21274_C01,2025-01-14,6.0,5.83,1,3,7,1,normal,1,1,,,0,18
USR_21274,USR_21274_C02,2025-02-01,6.0,5.72,1,3,7,1,more,0,2,18.0,18.0,1,15
USR_21274,USR_21274_C03,2025-02-16,6.0,5.61,1,3,7,1,normal,0,2,15.0,16.5,2,16
USR_21274,USR_21274_C04,2025-03-04,6.0,4.42,1,3,7,1,normal,0,3,16.0,16.333333333333332,3,10
USR_21274,USR_21274_C05,2025-03-14,6.0,3.94,1,3,7,1,normal,0,3,10.0,14.75,4,13
USR_21274,USR_21274_C06,2025-03-27,6.0,5.19,1,3,7,1,normal,0,3,13.0,14.4,5,14
USR_21274,USR_21274_C07,2025-04-10,6.0,5.91,1,3,7,1,normal,0,4,14.0,14.333333333333334,6,19
USR_21275,USR_21275_C01,2025-01-25,12.5,11.88,4,2,7,0,normal,1,1,,,0,49
USR_21275,USR_21275_C02,2025-03-15,12.5,11.92,4,2,7,0,normal,0,3,49.0,49.0,1,58
USR_21275,USR_21275_C03,2025-05-12,12.5,11.68,4,2,7,0,normal,0,5,58.0,53.5,2,60
USR_21275,USR_21275_C04,2025-07-11,12.5,12.47,4,2,7,0,normal,0,7,60.0,55.666666666666664,3,61
USR_21276,USR_21276_C01,2025-03-28,12.5,12.36,7,2,7,1,normal,0,3,,,0,34
USR_21276,USR_21276_C02,2025-05-01,12.5,9.18,7,2,7,1,normal,0,5,34.0,34.0,1,28
USR_21276,USR_21276_C03,2025-05-29,12.5,10.09,7,2,7,1,more,0,5,28.0,31.0,2,22
USR_21276,USR_21276_C04,2025-06-20,12.5,9.6,7,2,7,1,more,0,6,22.0,28.0,3,20
USR_21276,USR_21276_C05,2025-07-10,12.5,11.6,7,2,7,1,normal,0,7,20.0,26.0,4,37
USR_21276,USR_21276_C06,2025-08-16,12.5,11.81,7,2,7,1,normal,0,8,37.0,28.2,5,34
USR_21276,USR_21276_C07,2025-09-19,12.5,11.75,7,2,7,1,normal,0,9,34.0,29.166666666666668,6,36
USR_21278,USR_21278_C01,2025-01-31,12.5,11.97,5,2,7,1,less,1,1,,,0,36
USR_21278,USR_21278_C02,2025-03-08,12.5,11.87,5,2,7,1,normal,0,3,36.0,36.0,1,36
USR_21278,USR_21278_C03,2025-04-13,12.5,12.47,5,2,7,1,more,0,4,36.0,36.0,2,25
USR_21278,USR_21278_C04,2025-05-08,12.5,11.51,5,2,7,1,normal,0,5,25.0,32.333333333333336,3,27
USR_21279,USR_21279_C01,2025-02-24,6.0,5.92,3,2,7,1,normal,0,2,,,0,16
USR_21279,USR_21279_C02,2025-03-12,6.0,5.78,3,2,7,1,normal,0,3,16.0,16.0,1,15
USR_21279,USR_21279_C03,2025-03-27,6.0,3.62,3,2,7,1,more,0,3,15.0,15.5,2,10
USR_21279,USR_21279_C04,2025-04-06,6.0,5.61,3,2,7,1,less,0,4,10.0,13.666666666666666,3,25
USR_21279,USR_21279_C05,2025-05-01,6.0,5.78,3,2,7,1,normal,0,5,25.0,16.5,4,18
USR_21279,USR_21279_C06,2025-05-19,6.0,3.38,3,2,7,1,more,0,5,18.0,16.8,5,9
USR_21280,USR_21280_C01,2025-02-23,12.5,9.99,7,2,7,1,less,0,2,,,0,30
USR_21280,USR_21280_C02,2025-03-25,12.5,8.87,7,2,7,1,normal,0,3,30.0,30.0,1,20
USR_21280,USR_21280_C03,2025-04-14,12.5,11.83,7,2,7,1,less,0,4,20.0,25.0,2,37
USR_21280,USR_21280_C04,2025-05-21,12.5,11.59,7,2,7,1,more,0,5,37.0,29.0,3,21
USR_21280,USR_21280_C05,2025-06-11,12.5,12.49,7,2,7,1,more,0,6,21.0,27.0,4,21
USR_21280,USR_21280_C06,2025-07-02,12.5,12.17,7,2,7,1,more,0,7,21.0,25.8,5,22
USR_21280,USR_21280_C07,2025-07-24,12.5,12.38,7,2,7,1,less,0,7,22.0,25.166666666666668,6,32
USR_21280,USR_21280_C08,2025-08-25,12.5,12.03,7,2,7,1,less,0,8,32.0,26.142857142857142,7,36
USR_21280,USR_21280_C09,2025-09-30,12.5,7.55,7,2,7,1,normal,0,9,36.0,27.375,8,21
USR_21281,USR_21281_C01,2025-04-20,12.5,12.24,6,2,7,1,normal,0,4,,,0,35
USR_21281,USR_21281_C02,2025-05-25,12.5,11.74,6,2,7,1,normal,0,5,35.0,35.0,1,39
USR_21281,USR_21281_C03,2025-07-03,12.5,11.63,6,2,7,1,normal,0,7,39.0,37.0,2,38
USR_21281,USR_21281_C04,2025-08-10,12.5,11.8,6,2,7,1,normal,0,8,38.0,37.333333333333336,3,39
USR_21282,USR_21282_C01,2025-01-06,12.5,10.14,4,3,6,1,normal,1,1,,,0,26
USR_21282,USR_21282_C02,2025-02-01,12.5,11.65,4,3,6,1,normal,0,2,26.0,26.0,1,37
USR_21282,USR_21282_C03,2025-03-10,12.5,12.04,4,3,6,1,normal,0,3,37.0,31.5,2,40
USR_21282,USR_21282_C04,2025-04-19,12.5,11.78,4,3,6,1,normal,0,4,40.0,34.333333333333336,3,34
USR_21282,USR_21282_C05,2025-05-23,12.5,11.81,4,3,6,1,normal,0,5,34.0,34.25,4,34
USR_21282,USR_21282_C06,2025-06-26,12.5,11.9,4,3,6,1,less,0,6,34.0,34.2,5,48
USR_21282,USR_21282_C07,2025-08-13,12.5,11.67,4,3,6,1,normal,0,8,48.0,36.5,6,35
USR_21282,USR_21282_C08,2025-09-17,12.5,12.12,4,3,6,1,normal,0,9,35.0,36.285714285714285,7,34
USR_21282,USR_21282_C09,2025-10-21,12.5,11.71,4,3,6,1,normal,0,10,34.0,36.0,8,37
USR_21282,USR_21282_C10,2025-11-27,12.5,12.31,4,3,6,1,normal,0,11,37.0,36.111111111111114,9,35
USR_21282,USR_21282_C11,2026-01-01,12.5,12.41,4,3,6,1,normal,1,1,35.0,36.0,10,44
USR_21283,USR_21283_C01,2025-02-12,6.0,5.92,3,1,7,1,normal,0,2,,,0,27
USR_21283,USR_21283_C02,2025-03-11,6.0,5.68,3,1,7,1,normal,0,3,27.0,27.0,1,24
USR_21283,USR_21283_C03,2025-04-04,6.0,5.8,3,1,7,1,normal,0,4,24.0,25.5,2,29
USR_21283,USR_21283_C04,2025-05-03,6.0,4.12,3,1,7,1,less,0,5,29.0,26.666666666666668,3,21
USR_21283,USR_21283_C05,2025-05-24,6.0,5.55,3,1,7,1,normal,0,5,21.0,25.25,4,23
USR_21283,USR_21283_C06,2025-06-16,6.0,5.83,3,1,7,1,normal,0,6,23.0,24.8,5,28
USR_21283,USR_21283_C07,2025-07-14,6.0,5.72,3,1,7,1,less,0,7,28.0,25.333333333333332,6,35
USR_21283,USR_21283_C08,2025-08-18,6.0,5.79,3,1,7,1,normal,0,8,35.0,26.714285714285715,7,26
USR_21284,USR_21284_C01,2025-02-20,6.0,5.64,3,2,6,1,normal,0,2,,,0,25
USR_21284,USR_21284_C02,2025-03-17,6.0,5.8,3,2,6,1,normal,0,3,25.0,25.0,1,24
USR_21284,USR_21284_C03,2025-04-10,6.0,5.96,3,2,6,1,normal,0,4,24.0,24.5,2,31
USR_21284,USR_21284_C04,2025-05-11,6.0,5.9,3,2,6,1,more,0,5,31.0,26.666666666666668,3,19
USR_21284,USR_21284_C05,2025-05-30,6.0,5.75,3,2,6,1,normal,0,5,19.0,24.75,4,27
USR_21284,USR_21284_C06,2025-06-26,6.0,5.59,3,2,6,1,normal,0,6,27.0,25.2,5,25
USR_21284,USR_21284_C07,2025-07-21,6.0,5.95,3,2,6,1,more,0,7,25.0,25.166666666666668,6,19
USR_21284,USR_21284_C08,2025-08-09,6.0,5.65,3,2,6,1,normal,0,8,19.0,24.285714285714285,7,26
USR_21285,USR_21285_C01,2025-01-09,12.5,11.51,5,2,7,1,more,1,1,,,0,27
USR_21285,USR_21285_C02,2025-02-05,12.5,8.12,5,2,7,1,normal,0,2,27.0,27.0,1,25
USR_21285,USR_21285_C03,2025-03-02,12.5,11.73,5,2,7,1,normal,0,3,25.0,26.0,2,40
USR_21285,USR_21285_C04,2025-04-11,12.5,12.02,5,2,7,1,normal,0,4,40.0,30.666666666666668,3,37
USR_21285,USR_21285_C05,2025-05-18,12.5,7.81,5,2,7,1,normal,0,5,37.0,32.25,4,24
USR_21286,USR_21286_C01,2025-04-02,6.0,4.07,3,3,5,1,normal,0,4,,,0,13
USR_21286,USR_21286_C02,2025-04-15,6.0,5.68,3,3,5,1,normal,0,4,13.0,13.0,1,18
USR_21286,USR_21286_C03,2025-05-03,6.0,5.55,3,3,5,1,more,0,5,18.0,15.5,2,15
USR_21286,USR_21286_C04,2025-05-18,6.0,3.33,3,3,5,1,normal,0,5,15.0,15.333333333333334,3,10
USR_21286,USR_21286_C05,2025-05-28,6.0,5.68,3,3,5,1,normal,0,5,10.0,14.0,4,17
USR_21287,USR_21287_C01,2025-03-20,12.5,11.81,4,2,4,1,normal,0,3,,,0,46
USR_21287,USR_21287_C02,2025-05-05,12.5,11.84,4,2,4,1,normal,0,5,46.0,46.0,1,50
USR_21287,USR_21287_C03,2025-06-24,12.5,12.32,4,2,4,1,normal,0,6,50.0,48.0,2,48
USR_21287,USR_21287_C04,2025-08-11,12.5,12.04,4,2,4,1,normal,0,8,48.0,48.0,3,46
USR_21287,USR_21287_C05,2025-09-26,12.5,12.14,4,2,4,1,normal,0,9,46.0,47.5,4,49
USR_21287,USR_21287_C06,2025-11-14,12.5,11.74,4,2,4,1,normal,0,11,49.0,47.8,5,47
USR_21287,USR_21287_C07,2025-12-31,12.5,11.71,4,2,4,1,normal,1,12,47.0,47.666666666666664,6,42
USR_21287,USR_21287_C08,2026-02-11,12.5,11.7,4,2,4,1,normal,0,2,42.0,46.857142857142854,7,49
USR_21287,USR_21287_C09,2026-04-01,12.5,11.98,4,2,4,1,normal,0,4,49.0,47.125,8,41
USR_21287,USR_21287_C10,2026-05-12,12.5,10.82,4,2,4,1,less,0,5,41.0,46.44444444444444,9,46
USR_21287,USR_21287_C11,2026-06-27,12.5,12.24,4,2,4,1,normal,0,6,46.0,46.4,10,46
USR_21287,USR_21287_C12,2026-08-12,12.5,9.23,4,2,4,1,normal,0,8,46.0,46.36363636363637,11,41
USR_21288,USR_21288_C01,2025-01-18,12.5,11.99,7,2,7,1,normal,1,1,,,0,42
USR_21288,USR_21288_C02,2025-03-01,12.5,10.11,7,2,7,1,less,0,3,42.0,42.0,1,37
USR_21288,USR_21288_C03,2025-04-07,12.5,9.83,7,2,7,1,normal,0,4,37.0,39.5,2,29
USR_21288,USR_21288_C04,2025-05-06,12.5,11.77,7,2,7,1,more,0,5,29.0,36.0,3,30
USR_21288,USR_21288_C05,2025-06-05,12.5,11.89,7,2,7,1,normal,0,6,30.0,34.5,4,39
USR_21289,USR_21289_C01,2025-04-08,6.0,5.94,5,1,7,1,normal,0,4,,,0,22
USR_21289,USR_21289_C02,2025-04-30,6.0,5.8,5,1,7,1,more,0,4,22.0,22.0,1,18
USR_21289,USR_21289_C03,2025-05-18,6.0,5.92,5,1,7,1,normal,0,5,18.0,20.0,2,22
USR_21289,USR_21289_C04,2025-06-09,6.0,5.69,5,1,7,1,normal,0,6,22.0,20.666666666666668,3,26
USR_21289,USR_21289_C05,2025-07-05,6.0,5.57,5,1,7,1,normal,0,7,26.0,22.0,4,22
USR_21290,USR_21290_C01,2025-01-15,6.0,6.0,5,2,7,1,normal,1,1,,,0,19
USR_21290,USR_21290_C02,2025-02-03,6.0,5.79,5,2,7,1,normal,0,2,19.0,19.0,1,19
USR_21290,USR_21290_C03,2025-02-22,6.0,5.65,5,2,7,1,normal,0,2,19.0,19.0,2,18
USR_21291,USR_21291_C01,2025-01-22,12.5,12.12,8,1,7,0,normal,1,1,,,0,44
USR_21291,USR_21291_C02,2025-03-07,12.5,12.08,8,1,7,0,normal,0,3,44.0,44.0,1,44
USR_21291,USR_21291_C03,2025-04-20,12.5,8.22,8,1,7,0,normal,0,4,44.0,44.0,2,37
USR_21291,USR_21291_C04,2025-05-27,12.5,11.86,8,1,7,0,normal,0,5,37.0,41.666666666666664,3,46
USR_21291,USR_21291_C05,2025-07-12,12.5,12.39,8,1,7,0,normal,0,7,46.0,42.75,4,51
USR_21292,USR_21292_C01,2025-04-03,12.5,11.52,6,3,7,1,normal,0,4,,,0,33
USR_21292,USR_21292_C02,2025-05-06,12.5,12.35,6,3,7,1,more,0,5,33.0,33.0,1,28
USR_21292,USR_21292_C03,2025-06-03,12.5,12.25,6,3,7,1,normal,0,6,28.0,30.5,2,39
USR_21292,USR_21292_C04,2025-07-12,12.5,12.28,6,3,7,1,normal,0,7,39.0,33.333333333333336,3,43
USR_21292,USR_21292_C05,2025-08-24,12.5,8.39,6,3,7,1,normal,0,8,43.0,35.75,4,24
USR_21293,USR_21293_C01,2025-04-19,12.5,12.34,6,2,6,1,normal,0,4,,,0,32
USR_21293,USR_21293_C02,2025-05-21,12.5,12.39,6,2,6,1,normal,0,5,32.0,32.0,1,39
USR_21293,USR_21293_C03,2025-06-29,12.5,11.52,6,2,6,1,more,0,6,39.0,35.5,2,23
USR_21293,USR_21293_C04,2025-07-22,12.5,12.47,6,2,6,1,normal,0,7,23.0,31.333333333333332,3,33
USR_21293,USR_21293_C05,2025-08-24,12.5,12.17,6,2,6,1,more,0,8,33.0,31.75,4,26
USR_21293,USR_21293_C06,2025-09-19,12.5,11.84,6,2,6,1,normal,0,9,26.0,30.6,5,29
USR_21293,USR_21293_C07,2025-10-18,12.5,11.92,6,2,6,1,normal,0,10,29.0,30.333333333333332,6,33
USR_21294,USR_21294_C01,2025-01-18,12.5,12.29,6,3,5,1,normal,1,1,,,0,30
USR_21294,USR_21294_C02,2025-02-17,12.5,12.32,6,3,5,1,more,0,2,30.0,30.0,1,27
USR_21294,USR_21294_C03,2025-03-16,12.5,12.13,6,3,5,1,normal,0,3,27.0,28.5,2,33
USR_21294,USR_21294_C04,2025-04-18,12.5,11.85,6,3,5,1,more,0,4,33.0,30.0,3,21
USR_21294,USR_21294_C05,2025-05-09,12.5,11.58,6,3,5,1,normal,0,5,21.0,27.75,4,31
USR_21294,USR_21294_C06,2025-06-09,12.5,12.4,6,3,5,1,normal,0,6,31.0,28.4,5,33
USR_21294,USR_21294_C07,2025-07-12,12.5,8.05,6,3,5,1,more,0,7,33.0,29.166666666666668,6,16
USR_21295,USR_21295_C01,2025-03-30,12.5,11.78,5,1,7,1,more,0,3,,,0,26
USR_21295,USR_21295_C02,2025-04-25,12.5,12.27,5,1,7,1,more,0,4,26.0,26.0,1,28
USR_21295,USR_21295_C03,2025-05-23,12.5,11.96,5,1,7,1,normal,0,5,28.0,27.0,2,37
USR_21295,USR_21295_C04,2025-06-29,12.5,11.72,5,1,7,1,normal,0,6,37.0,30.333333333333332,3,35
USR_21295,USR_21295_C05,2025-08-03,12.5,12.11,5,1,7,1,normal,0,8,35.0,31.5,4,35
USR_21295,USR_21295_C06,2025-09-07,12.5,12.21,5,1,7,1,normal,0,9,35.0,32.2,5,50
USR_21295,USR_21295_C07,2025-10-27,12.5,11.99,5,1,7,1,normal,0,10,50.0,35.166666666666664,6,37
USR_21295,USR_21295_C08,2025-12-03,12.5,11.97,5,1,7,1,normal,1,12,37.0,35.42857142857143,7,39
USR_21296,USR_21296_C01,2025-03-29,6.0,4.2,3,3,6,1,normal,0,3,,,0,13
USR_21296,USR_21296_C02,2025-04-11,6.0,5.64,3,3,6,1,normal,0,4,13.0,13.0,1,20
USR_21296,USR_21296_C03,2025-05-01,6.0,5.67,3,3,6,1,normal,0,5,20.0,16.5,2,16
USR_21296,USR_21296_C04,2025-05-17,6.0,5.59,3,3,6,1,normal,0,5,16.0,16.333333333333332,3,15
USR_21296,USR_21296_C05,2025-06-01,6.0,5.59,3,3,6,1,normal,0,6,15.0,16.0,4,18
USR_21297,USR_21297_C01,2025-01-07,12.5,12.21,4,3,7,0,normal,1,1,,,0,58
USR_21297,USR_21297_C02,2025-03-06,12.5,11.72,4,3,7,0,normal,0,3,58.0,58.0,1,58
USR_21297,USR_21297_C03,2025-05-03,12.5,12.2,4,3,7,0,normal,0,5,58.0,58.0,2,58
USR_21297,USR_21297_C04,2025-06-30,12.5,11.78,4,3,7,0,normal,0,6,58.0,58.0,3,52
USR_21297,USR_21297_C05,2025-08-21,12.5,11.59,4,3,7,0,normal,0,8,52.0,56.5,4,45
USR_21297,USR_21297_C06,2025-10-05,12.5,12.28,4,3,7,0,normal,0,10,45.0,54.2,5,61
USR_21298,USR_21298_C01,2025-04-25,12.5,12.31,5,1,4,1,normal,0,4,,,0,34
USR_21298,USR_21298_C02,2025-05-29,12.5,10.6,5,1,4,1,normal,0,5,34.0,34.0,1,35
USR_21298,USR_21298_C03,2025-07-03,12.5,11.84,5,1,4,1,normal,0,7,35.0,34.5,2,43
USR_21298,USR_21298_C04,2025-08-15,12.5,12.17,5,1,4,1,normal,0,8,43.0,37.333333333333336,3,34
USR_21298,USR_21298_C05,2025-09-18,12.5,12.1,5,1,4,1,normal,0,9,34.0,36.5,4,38
USR_21298,USR_21298_C06,2025-10-26,12.5,11.84,5,1,4,1,normal,0,10,38.0,36.8,5,42
USR_21299,USR_21299_C01,2025-04-11,6.0,5.17,2,1,5,1,more,0,4,,,0,21
USR_21299,USR_21299_C02,2025-05-02,6.0,5.4,2,1,5,1,less,0,5,21.0,21.0,1,41
USR_21299,USR_21299_C03,2025-06-12,6.0,5.73,2,1,5,1,normal,0,6,41.0,31.0,2,33
USR_21299,USR_21299_C04,2025-07-15,6.0,5.85,2,1,5,1,normal,0,7,33.0,31.666666666666668,3,31
USR_21299,USR_21299_C05,2025-08-15,6.0,5.63,2,1,5,1,normal,0,8,31.0,31.5,4,31
USR_21299,USR_21299_C06,2025-09-15,6.0,5.86,2,1,5,1,normal,0,9,31.0,31.4,5,29
USR_21300,USR_21300_C01,2025-03-21,6.0,5.93,2,1,6,1,normal,0,3,,,0,26
USR_21300,USR_21300_C02,2025-04-16,6.0,5.97,2,1,6,1,normal,0,4,26.0,26.0,1,30
USR_21300,USR_21300_C03,2025-05-16,6.0,4.32,2,1,6,1,normal,0,5,30.0,28.0,2,20
USR_21300,USR_21300_C04,2025-06-05,6.0,5.69,2,1,6,1,normal,0,6,20.0,25.333333333333332,3,22
USR_21300,USR_21300_C05,2025-06-27,6.0,5.95,2,1,6,1,normal,0,6,22.0,24.5,4,31
USR_21300,USR_21300_C06,2025-07-28,6.0,5.65,2,1,6,1,more,0,7,31.0,25.8,5,19
USR_21300,USR_21300_C07,2025-08-16,6.0,4.12,2,1,6,1,normal,0,8,19.0,24.666666666666668,6,19
USR_21300,USR_21300_C08,2025-09-04,6.0,5.66,2,1,6,1,normal,0,9,19.0,23.857142857142858,7,23
USR_21300,USR_21300_C09,2025-09-27,6.0,4.55,2,1,6,1,normal,0,9,23.0,23.75,8,20
USR_21300,USR_21300_C10,2025-10-17,6.0,5.82,2,1,6,1,normal,0,10,20.0,23.333333333333332,9,26
USR_21300,USR_21300_C11,2025-11-12,6.0,5.96,2,1,6,1,normal,0,11,26.0,23.6,10,28
USR_21302,USR_21302_C01,2025-04-03,6.0,5.63,4,3,6,1,normal,0,4,,,0,20
USR_21302,USR_21302_C02,2025-04-23,6.0,4.76,4,3,6,1,less,0,4,20.0,20.0,1,24
USR_21302,USR_21302_C03,2025-05-17,6.0,4.22,4,3,6,1,normal,0,5,24.0,22.0,2,15
USR_21302,USR_21302_C04,2025-06-01,6.0,3.83,4,3,6,1,normal,0,6,15.0,19.666666666666668,3,11
USR_21303,USR_21303_C01,2025-02-09,12.5,9.88,4,2,6,1,normal,0,2,,,0,29
USR_21303,USR_21303_C02,2025-03-10,12.5,12.4,4,2,6,1,more,0,3,29.0,29.0,1,28
USR_21303,USR_21303_C03,2025-04-07,12.5,11.83,4,2,6,1,normal,0,4,28.0,28.5,2,32
USR_21303,USR_21303_C04,2025-05-09,12.5,11.85,4,2,6,1,normal,0,5,32.0,29.666666666666668,3,40
USR_21303,USR_21303_C05,2025-06-18,12.5,12.0,4,2,6,1,normal,0,6,40.0,32.25,4,31
USR_21304,USR_21304_C01,2025-03-09,12.5,12.41,3,2,7,1,normal,0,3,,,0,35
USR_21304,USR_21304_C02,2025-04-13,12.5,9.33,3,2,7,1,normal,0,4,35.0,35.0,1,28
USR_21304,USR_21304_C03,2025-05-11,12.5,12.2,3,2,7,1,normal,0,5,28.0,31.5,2,41
USR_21304,USR_21304_C04,2025-06-21,12.5,8.6,3,2,7,1,normal,0,6,41.0,34.666666666666664,3,30
USR_21306,USR_21306_C01,2025-02-11,6.0,5.7,5,2,6,1,normal,0,2,,,0,13
USR_21306,USR_21306_C02,2025-02-24,6.0,4.7,5,2,6,1,more,0,2,13.0,13.0,1,9
USR_21306,USR_21306_C03,2025-03-05,6.0,3.89,5,2,6,1,less,0,3,9.0,11.0,2,11
USR_21306,USR_21306_C04,2025-03-16,6.0,5.71,5,2,6,1,normal,0,3,11.0,11.0,3,15
USR_21306,USR_21306_C05,2025-03-31,6.0,5.58,5,2,6,1,normal,0,3,15.0,12.0,4,14
USR_21306,USR_21306_C06,2025-04-14,6.0,5.58,5,2,6,1,normal,0,4,14.0,12.4,5,14
USR_21306,USR_21306_C07,2025-04-28,6.0,5.65,5,2,6,1,normal,0,4,14.0,12.666666666666666,6,16
USR_21306,USR_21306_C08,2025-05-14,6.0,5.55,5,2,6,1,normal,0,5,16.0,13.142857142857142,7,14
USR_21307,USR_21307_C01,2025-02-21,12.5,12.27,7,3,7,1,normal,0,2,,,0,33
USR_21307,USR_21307_C02,2025-03-26,12.5,10.84,7,3,7,1,normal,0,3,33.0,33.0,1,32
USR_21307,USR_21307_C03,2025-04-27,12.5,12.12,7,3,7,1,normal,0,4,32.0,32.5,2,30
USR_21307,USR_21307_C04,2025-05-27,12.5,12.04,7,3,7,1,normal,0,5,30.0,31.666666666666668,3,41
USR_21307,USR_21307_C05,2025-07-07,12.5,11.99,7,3,7,1,more,0,7,41.0,34.0,4,25
USR_21307,USR_21307_C06,2025-08-01,12.5,11.64,7,3,7,1,normal,0,8,25.0,32.2,5,33
USR_21307,USR_21307_C07,2025-09-03,12.5,11.71,7,3,7,1,normal,0,9,33.0,32.333333333333336,6,34
USR_21307,USR_21307_C08,2025-10-07,12.5,12.23,7,3,7,1,more,0,10,34.0,32.57142857142857,7,26
USR_21307,USR_21307_C09,2025-11-02,12.5,11.91,7,3,7,1,normal,0,11,26.0,31.75,8,33
USR_21307,USR_21307_C10,2025-12-05,12.5,11.89,7,3,7,1,normal,1,12,33.0,31.88888888888889,9,31
USR_21307,USR_21307_C11,2026-01-05,12.5,11.93,7,3,7,1,normal,1,1,31.0,31.8,10,36
USR_21308,USR_21308_C01,2025-03-03,12.5,11.69,3,2,7,1,more,0,3,,,0,33
USR_21308,USR_21308_C02,2025-04-05,12.5,7.54,3,2,7,1,normal,0,4,33.0,33.0,1,26
USR_21308,USR_21308_C03,2025-05-01,12.5,12.07,3,2,7,1,normal,0,5,26.0,29.5,2,41
USR_21308,USR_21308_C04,2025-06-11,12.5,11.87,3,2,7,1,normal,0,6,41.0,33.333333333333336,3,36
USR_21308,USR_21308_C05,2025-07-17,12.5,12.28,3,2,7,1,less,0,7,36.0,34.0,4,52
USR_21308,USR_21308_C06,2025-09-07,12.5,7.12,3,2,7,1,normal,0,9,52.0,37.6,5,24
USR_21308,USR_21308_C07,2025-10-01,12.5,11.82,3,2,7,1,more,0,10,24.0,35.333333333333336,6,37
USR_21308,USR_21308_C08,2025-11-07,12.5,12.05,3,2,7,1,normal,0,11,37.0,35.57142857142857,7,42
USR_21309,USR_21309_C01,2025-04-19,12.5,12.07,2,2,7,1,normal,0,4,,,0,52
USR_21309,USR_21309_C02,2025-06-10,12.5,11.53,2,2,7,1,normal,0,6,52.0,52.0,1,44
USR_21309,USR_21309_C03,2025-07-24,12.5,11.87,2,2,7,1,normal,0,7,44.0,48.0,2,42
USR_21309,USR_21309_C04,2025-09-04,12.5,11.8,2,2,7,1,normal,0,9,42.0,46.0,3,47
USR_21310,USR_21310_C01,2025-01-31,6.0,6.0,3,3,7,1,normal,1,1,,,0,11
USR_21310,USR_21310_C02,2025-02-11,6.0,5.87,3,3,7,1,normal,0,2,11.0,11.0,1,13
USR_21310,USR_21310_C03,2025-02-24,6.0,4.67,3,3,7,1,normal,0,2,13.0,12.0,2,11
USR_21310,USR_21310_C04,2025-03-07,6.0,5.8,3,3,7,1,normal,0,3,11.0,11.666666666666666,3,11
USR_21310,USR_21310_C05,2025-03-18,6.0,5.98,3,3,7,1,normal,0,3,11.0,11.5,4,13
USR_21310,USR_21310_C06,2025-03-31,6.0,5.59,3,3,7,1,normal,0,3,13.0,11.8,5,15
USR_21310,USR_21310_C07,2025-04-15,6.0,5.67,3,3,7,1,normal,0,4,15.0,12.333333333333334,6,15
USR_21312,USR_21312_C01,2025-04-21,12.5,11.68,6,2,7,1,normal,0,4,,,0,29
USR_21312,USR_21312_C02,2025-05-20,12.5,12.24,6,2,7,1,normal,0,5,29.0,29.0,1,25
USR_21312,USR_21312_C03,2025-06-14,12.5,11.55,6,2,7,1,normal,0,6,25.0,27.0,2,25
USR_21313,USR_21313_C01,2025-04-25,6.0,5.86,5,3,6,1,normal,0,4,,,0,15
USR_21313,USR_21313_C02,2025-05-10,6.0,5.96,5,3,6,1,normal,0,5,15.0,15.0,1,17
USR_21313,USR_21313_C03,2025-05-27,6.0,4.67,5,3,6,1,normal,0,5,17.0,16.0,2,13
USR_21313,USR_21313_C04,2025-06-09,6.0,3.57,5,3,6,1,normal,0,6,13.0,15.0,3,11
USR_21313,USR_21313_C05,2025-06-20,6.0,5.59,5,3,6,1,normal,0,6,11.0,14.0,4,15
USR_21314,USR_21314_C01,2025-02-26,6.0,5.81,2,1,6,1,normal,0,2,,,0,24
USR_21314,USR_21314_C02,2025-03-22,6.0,3.39,2,1,6,1,normal,0,3,24.0,24.0,1,15
USR_21314,USR_21314_C03,2025-04-06,6.0,5.63,2,1,6,1,normal,0,4,15.0,19.5,2,21
USR_21314,USR_21314_C04,2025-04-27,6.0,4.79,2,1,6,1,normal,0,4,21.0,20.0,3,15
USR_21314,USR_21314_C05,2025-05-12,6.0,5.8,2,1,6,1,less,0,5,15.0,18.75,4,27
USR_21314,USR_21314_C06,2025-06-08,6.0,6.0,2,1,6,1,normal,0,6,27.0,20.4,5,25
USR_21314,USR_21314_C07,2025-07-03,6.0,5.62,2,1,6,1,normal,0,7,25.0,21.166666666666668,6,19
USR_21314,USR_21314_C08,2025-07-22,6.0,5.63,2,1,6,1,normal,0,7,19.0,20.857142857142858,7,21
USR_21314,USR_21314_C09,2025-08-12,6.0,5.69,2,1,6,1,normal,0,8,21.0,20.875,8,21
USR_21314,USR_21314_C10,2025-09-02,6.0,5.76,2,1,6,1,normal,0,9,21.0,20.88888888888889,9,23
USR_21314,USR_21314_C11,2025-09-25,6.0,5.98,2,1,6,1,more,0,9,23.0,21.1,10,17
USR_21315,USR_21315_C01,2025-02-14,6.0,4.05,4,2,7,1,normal,0,2,,,0,15
USR_21315,USR_21315_C02,2025-03-01,6.0,4.32,4,2,7,1,normal,0,3,15.0,15.0,1,14
USR_21315,USR_21315_C03,2025-03-15,6.0,3.97,4,2,7,1,normal,0,3,14.0,14.5,2,15
USR_21315,USR_21315_C04,2025-03-30,6.0,5.99,4,2,7,1,normal,0,3,15.0,14.666666666666666,3,21
USR_21315,USR_21315_C05,2025-04-20,6.0,5.6,4,2,7,1,normal,0,4,21.0,16.25,4,18
USR_21316,USR_21316_C01,2025-03-15,6.0,4.45,2,3,7,1,normal,0,3,,,0,11
USR_21316,USR_21316_C02,2025-03-26,6.0,3.49,2,3,7,1,less,0,3,11.0,11.0,1,12
USR_21316,USR_21316_C03,2025-04-07,6.0,5.98,2,3,7,1,normal,0,4,12.0,11.5,2,17
USR_21316,USR_21316_C04,2025-04-24,6.0,5.7,2,3,7,1,normal,0,4,17.0,13.333333333333334,3,15
USR_21316,USR_21316_C05,2025-05-09,6.0,5.65,2,3,7,1,normal,0,5,15.0,13.75,4,13
USR_21317,USR_21317_C01,2025-04-05,12.5,12.36,4,2,6,1,normal,0,4,,,0,47
USR_21317,USR_21317_C02,2025-05-22,12.5,11.81,4,2,6,1,normal,0,5,47.0,47.0,1,49
USR_21317,USR_21317_C03,2025-07-10,12.5,9.14,4,2,6,1,normal,0,7,49.0,48.0,2,35
USR_21318,USR_21318_C01,2025-01-21,12.5,8.66,8,2,7,1,normal,1,1,,,0,18
USR_21318,USR_21318_C02,2025-02-08,12.5,8.03,8,2,7,1,more,0,2,18.0,18.0,1,15
USR_21318,USR_21318_C03,2025-02-23,12.5,12.05,8,2,7,1,normal,0,2,15.0,16.5,2,26
USR_21318,USR_21318_C04,2025-03-21,12.5,7.49,8,2,7,1,normal,0,3,26.0,19.666666666666668,3,17
USR_21318,USR_21318_C05,2025-04-07,12.5,12.24,8,2,7,1,normal,0,4,17.0,19.0,4,29
USR_21319,USR_21319_C01,2025-01-20,12.5,12.07,3,2,7,1,normal,1,1,,,0,59
USR_21319,USR_21319_C02,2025-03-20,12.5,12.44,3,2,7,1,normal,0,3,59.0,59.0,1,65
USR_21319,USR_21319_C03,2025-05-24,12.5,12.11,3,2,7,1,normal,0,5,65.0,62.0,2,59
USR_21319,USR_21319_C04,2025-07-22,12.5,12.28,3,2,7,1,normal,0,7,59.0,61.0,3,63
USR_21320,USR_21320_C01,2025-01-10,12.5,11.65,3,2,7,1,more,1,1,,,0,42
USR_21320,USR_21320_C02,2025-02-21,12.5,11.95,3,2,7,1,normal,0,2,42.0,42.0,1,44
USR_21320,USR_21320_C03,2025-04-06,12.5,11.26,3,2,7,1,more,0,4,44.0,43.0,2,41
USR_21320,USR_21320_C04,2025-05-17,12.5,12.41,3,2,7,1,normal,0,5,41.0,42.333333333333336,3,72
USR_21320,USR_21320_C05,2025-07-28,12.5,11.81,3,2,7,1,more,0,7,72.0,49.75,4,36
USR_21320,USR_21320_C06,2025-09-02,12.5,11.96,3,2,7,1,normal,0,9,36.0,47.0,5,48
USR_21320,USR_21320_C07,2025-10-20,12.5,12.03,3,2,7,1,normal,0,10,48.0,47.166666666666664,6,48
USR_21320,USR_21320_C08,2025-12-07,12.5,11.52,3,2,7,1,normal,1,12,48.0,47.285714285714285,7,39
USR_21320,USR_21320_C09,2026-01-15,12.5,12.16,3,2,7,1,normal,1,1,39.0,46.25,8,51
USR_21321,USR_21321_C01,2025-01-12,12.5,12.42,4,2,7,1,normal,1,1,,,0,34
USR_21321,USR_21321_C02,2025-02-15,12.5,11.79,4,2,7,1,less,0,2,34.0,34.0,1,45
USR_21321,USR_21321_C03,2025-04-01,12.5,11.79,4,2,7,1,normal,0,4,45.0,39.5,2,39
USR_21321,USR_21321_C04,2025-05-10,12.5,11.77,4,2,7,1,more,0,5,39.0,39.333333333333336,3,30
USR_21321,USR_21321_C05,2025-06-09,12.5,12.33,4,2,7,1,normal,0,6,30.0,37.0,4,38
USR_21321,USR_21321_C06,2025-07-17,12.5,11.56,4,2,7,1,normal,0,7,38.0,37.2,5,45
USR_21321,USR_21321_C07,2025-08-31,12.5,7.06,4,2,7,1,normal,0,8,45.0,38.5,6,20
USR_21321,USR_21321_C08,2025-09-20,12.5,11.25,4,2,7,1,normal,0,9,20.0,35.857142857142854,7,37
USR_21321,USR_21321_C09,2025-10-27,12.5,11.92,4,2,7,1,normal,0,10,37.0,36.0,8,40
USR_21321,USR_21321_C10,2025-12-06,12.5,11.69,4,2,7,1,normal,1,12,40.0,36.44444444444444,9,36
USR_21321,USR_21321_C11,2026-01-11,12.5,11.14,4,2,7,1,normal,1,1,36.0,36.4,10,35
USR_21321,USR_21321_C12,2026-02-15,12.5,12.32,4,2,7,1,normal,0,2,35.0,36.27272727272727,11,36
USR_21323,USR_21323_C01,2025-01-15,12.5,8.34,5,2,7,1,normal,1,1,,,0,33
USR_21323,USR_21323_C02,2025-02-17,12.5,8.03,5,2,7,1,normal,0,2,33.0,33.0,1,33
USR_21323,USR_21323_C03,2025-03-22,12.5,11.97,5,2,7,1,normal,0,3,33.0,33.0,2,47
USR_21323,USR_21323_C04,2025-05-08,12.5,11.63,5,2,7,1,more,0,5,47.0,37.666666666666664,3,37
USR_21323,USR_21323_C05,2025-06-14,12.5,11.85,5,2,7,1,normal,0,6,37.0,37.5,4,53
USR_21323,USR_21323_C06,2025-08-06,12.5,12.19,5,2,7,1,more,0,8,53.0,40.6,5,37
USR_21323,USR_21323_C07,2025-09-12,12.5,12.12,5,2,7,1,normal,0,9,37.0,40.0,6,45
USR_21325,USR_21325_C01,2025-02-15,12.5,11.72,7,2,7,0,normal,0,2,,,0,42
USR_21325,USR_21325_C02,2025-03-29,12.5,10.02,7,2,7,0,normal,0,3,42.0,42.0,1,34
USR_21325,USR_21325_C03,2025-05-02,12.5,8.91,7,2,7,0,normal,0,5,34.0,38.0,2,32
USR_21325,USR_21325_C04,2025-06-03,12.5,12.29,7,2,7,0,normal,0,6,32.0,36.0,3,48
USR_21326,USR_21326_C01,2025-01-17,12.5,8.91,8,2,7,0,normal,1,1,,,0,23
USR_21326,USR_21326_C02,2025-02-09,12.5,12.48,8,2,7,0,normal,0,2,23.0,23.0,1,34
USR_21326,USR_21326_C03,2025-03-15,12.5,10.23,8,2,7,0,more,0,3,34.0,28.5,2,26
USR_21326,USR_21326_C04,2025-04-10,12.5,11.81,8,2,7,0,normal,0,4,26.0,27.666666666666668,3,34
USR_21326,USR_21326_C05,2025-05-14,12.5,9.8,8,2,7,0,normal,0,5,34.0,29.25,4,27
USR_21326,USR_21326_C06,2025-06-10,12.5,11.67,8,2,7,0,more,0,6,27.0,28.8,5,26
USR_21327,USR_21327_C01,2025-01-26,6.0,3.44,1,2,6,1,normal,1,1,,,0,18
USR_21327,USR_21327_C02,2025-02-13,6.0,5.33,1,2,6,1,normal,0,2,18.0,18.0,1,29
USR_21327,USR_21327_C03,2025-03-14,6.0,5.8,1,2,6,1,more,0,3,29.0,23.5,2,23
USR_21327,USR_21327_C04,2025-04-06,6.0,5.81,1,2,6,1,normal,0,4,23.0,23.333333333333332,3,26
USR_21327,USR_21327_C05,2025-05-02,6.0,5.83,1,2,6,1,normal,0,5,26.0,24.0,4,26
USR_21327,USR_21327_C06,2025-05-28,6.0,5.64,1,2,6,1,normal,0,5,26.0,24.4,5,30
USR_21327,USR_21327_C07,2025-06-27,6.0,5.71,1,2,6,1,normal,0,6,30.0,25.333333333333332,6,29
USR_21327,USR_21327_C08,2025-07-26,6.0,5.89,1,2,6,1,normal,0,7,29.0,25.857142857142858,7,31
USR_21327,USR_21327_C09,2025-08-26,6.0,5.7,1,2,6,1,normal,0,8,31.0,26.5,8,32
USR_21328,USR_21328_C01,2025-02-15,12.5,12.26,3,2,5,1,normal,0,2,,,0,57
USR_21328,USR_21328_C02,2025-04-13,12.5,11.56,3,2,5,1,normal,0,4,57.0,57.0,1,51
USR_21328,USR_21328_C03,2025-06-03,12.5,11.56,3,2,5,1,normal,0,6,51.0,54.0,2,48
USR_21328,USR_21328_C04,2025-07-21,12.5,11.61,3,2,5,1,normal,0,7,48.0,52.0,3,52
USR_21328,USR_21328_C05,2025-09-11,12.5,11.66,3,2,5,1,normal,0,9,52.0,52.0,4,51
USR_21328,USR_21328_C06,2025-11-01,12.5,12.07,3,2,5,1,normal,0,11,51.0,51.8,5,50
USR_21329,USR_21329_C01,2025-02-03,12.5,10.96,6,2,7,1,normal,0,2,,,0,38
USR_21329,USR_21329_C02,2025-03-13,12.5,12.36,6,2,7,1,normal,0,3,38.0,38.0,1,42
USR_21329,USR_21329_C03,2025-04-24,12.5,7.42,6,2,7,1,more,0,4,42.0,40.0,2,16
USR_21329,USR_21329_C04,2025-05-10,12.5,11.72,6,2,7,1,normal,0,5,16.0,32.0,3,36
USR_21329,USR_21329_C05,2025-06-15,12.5,12.02,6,2,7,1,normal,0,6,36.0,33.0,4,38
USR_21329,USR_21329_C06,2025-07-23,12.5,12.02,6,2,7,1,normal,0,7,38.0,34.0,5,43
USR_21329,USR_21329_C07,2025-09-04,12.5,8.72,6,2,7,1,normal,0,9,43.0,35.5,6,25
USR_21329,USR_21329_C08,2025-09-29,12.5,11.54,6,2,7,1,normal,0,9,25.0,34.0,7,37
USR_21329,USR_21329_C09,2025-11-05,12.5,11.51,6,2,7,1,normal,0,11,37.0,34.375,8,43
USR_21330,USR_21330_C01,2025-01-09,12.5,12.22,4,1,7,0,normal,1,1,,,0,74
USR_21330,USR_21330_C02,2025-03-24,12.5,12.24,4,1,7,0,normal,0,3,74.0,74.0,1,71
USR_21330,USR_21330_C03,2025-06-03,12.5,12.1,4,1,7,0,normal,0,6,71.0,72.5,2,75
USR_21330,USR_21330_C04,2025-08-17,12.5,12.47,4,1,7,0,normal,0,8,75.0,73.33333333333333,3,75
USR_21330,USR_21330_C05,2025-10-31,12.5,11.59,4,1,7,0,less,0,10,75.0,73.75,4,75
USR_21331,USR_21331_C01,2025-04-08,12.5,12.04,7,3,7,1,normal,0,4,,,0,26
USR_21331,USR_21331_C02,2025-05-04,12.5,12.04,7,3,7,1,normal,0,5,26.0,26.0,1,32
USR_21331,USR_21331_C03,2025-06-05,12.5,11.75,7,3,7,1,normal,0,6,32.0,29.0,2,28
USR_21332,USR_21332_C01,2025-02-22,12.5,11.55,5,2,7,1,normal,0,2,,,0,39
USR_21332,USR_21332_C02,2025-04-02,12.5,9.54,5,2,7,1,normal,0,4,39.0,39.0,1,30
USR_21332,USR_21332_C03,2025-05-02,12.5,9.35,5,2,7,1,normal,0,5,30.0,34.5,2,28
USR_21332,USR_21332_C04,2025-05-30,12.5,12.49,5,2,7,1,normal,0,5,28.0,32.333333333333336,3,40
USR_21332,USR_21332_C05,2025-07-09,12.5,12.46,5,2,7,1,normal,0,7,40.0,34.25,4,42
USR_21335,USR_21335_C01,2025-01-01,12.5,12.4,3,1,5,1,normal,1,1,,,0,57
USR_21335,USR_21335_C02,2025-02-27,12.5,11.95,3,1,5,1,normal,0,2,57.0,57.0,1,49
USR_21335,USR_21335_C03,2025-04-17,12.5,12.1,3,1,5,1,normal,0,4,49.0,53.0,2,50
USR_21335,USR_21335_C04,2025-06-06,12.5,11.69,3,1,5,1,normal,0,6,50.0,52.0,3,50
USR_21336,USR_21336_C01,2025-03-16,12.5,12.23,6,2,7,1,less,0,3,,,0,35
USR_21336,USR_21336_C02,2025-04-20,12.5,12.4,6,2,7,1,more,0,4,35.0,35.0,1,25
USR_21336,USR_21336_C03,2025-05-15,12.5,11.88,6,2,7,1,normal,0,5,25.0,30.0,2,30
USR_21336,USR_21336_C04,2025-06-14,12.5,11.53,6,2,7,1,normal,0,6,30.0,30.0,3,21
USR_21336,USR_21336_C05,2025-07-05,12.5,7.73,6,2,7,1,normal,0,7,21.0,27.75,4,15
USR_21336,USR_21336_C06,2025-07-20,12.5,12.4,6,2,7,1,normal,0,7,15.0,25.2,5,27
USR_21336,USR_21336_C07,2025-08-16,12.5,11.67,6,2,7,1,normal,0,8,27.0,25.5,6,25
USR_21337,USR_21337_C01,2025-04-27,12.5,11.68,3,3,6,1,normal,0,4,,,0,37
USR_21337,USR_21337_C02,2025-06-03,12.5,11.67,3,3,6,1,normal,0,6,37.0,37.0,1,41
USR_21337,USR_21337_C03,2025-07-14,12.5,11.91,3,3,6,1,normal,0,7,41.0,39.0,2,40
USR_21337,USR_21337_C04,2025-08-23,12.5,12.23,3,3,6,1,normal,0,8,40.0,39.333333333333336,3,43
USR_21337,USR_21337_C05,2025-10-05,12.5,11.74,3,3,6,1,normal,0,10,43.0,40.25,4,43
USR_21338,USR_21338_C01,2025-04-15,12.5,9.42,4,2,7,1,normal,0,4,,,0,24
USR_21338,USR_21338_C02,2025-05-09,12.5,11.91,4,2,7,1,normal,0,5,24.0,24.0,1,31
USR_21338,USR_21338_C03,2025-06-09,12.5,12.22,4,2,7,1,normal,0,6,31.0,27.5,2,35
USR_21338,USR_21338_C04,2025-07-14,12.5,7.28,4,2,7,1,normal,0,7,35.0,30.0,3,19
USR_21338,USR_21338_C05,2025-08-02,12.5,8.94,4,2,7,1,normal,0,8,19.0,27.25,4,22
USR_21338,USR_21338_C06,2025-08-24,12.5,11.95,4,2,7,1,normal,0,8,22.0,26.2,5,27
USR_21338,USR_21338_C07,2025-09-20,12.5,11.73,4,2,7,1,normal,0,9,27.0,26.333333333333332,6,29
USR_21338,USR_21338_C08,2025-10-19,12.5,12.25,4,2,7,1,normal,0,10,29.0,26.714285714285715,7,31
USR_21338,USR_21338_C09,2025-11-19,12.5,11.79,4,2,7,1,normal,0,11,31.0,27.25,8,35
USR_21339,USR_21339_C01,2025-01-24,12.5,11.71,5,2,7,1,normal,1,1,,,0,41
USR_21339,USR_21339_C02,2025-03-06,12.5,12.36,5,2,7,1,normal,0,3,41.0,41.0,1,45
USR_21339,USR_21339_C03,2025-04-20,12.5,11.67,5,2,7,1,normal,0,4,45.0,43.0,2,34
USR_21339,USR_21339_C04,2025-05-24,12.5,12.38,5,2,7,1,more,0,5,34.0,40.0,3,30
USR_21339,USR_21339_C05,2025-06-23,12.5,12.41,5,2,7,1,normal,0,6,30.0,37.5,4,40
USR_21339,USR_21339_C06,2025-08-02,12.5,10.12,5,2,7,1,normal,0,8,40.0,38.0,5,41
USR_21339,USR_21339_C07,2025-09-12,12.5,12.26,5,2,7,1,normal,0,9,41.0,38.5,6,55
USR_21339,USR_21339_C08,2025-11-06,12.5,12.15,5,2,7,1,normal,0,11,55.0,40.857142857142854,7,47
USR_21339,USR_21339_C09,2025-12-23,12.5,11.82,5,2,7,1,normal,1,12,47.0,41.625,8,32
USR_21339,USR_21339_C10,2026-01-24,12.5,11.82,5,2,7,1,normal,1,1,32.0,40.55555555555556,9,44
USR_21339,USR_21339_C11,2026-03-09,12.5,10.97,5,2,7,1,normal,0,3,44.0,40.9,10,37
USR_21339,USR_21339_C12,2026-04-15,12.5,12.1,5,2,7,1,normal,0,4,37.0,40.54545454545455,11,43
USR_21340,USR_21340_C01,2025-03-08,12.5,12.49,5,1,6,1,normal,0,3,,,0,45
USR_21340,USR_21340_C02,2025-04-22,12.5,12.37,5,1,6,1,normal,0,4,45.0,45.0,1,48
USR_21340,USR_21340_C03,2025-06-09,12.5,11.87,5,1,6,1,less,0,6,48.0,46.5,2,54
USR_21340,USR_21340_C04,2025-08-02,12.5,11.51,5,1,6,1,more,0,8,54.0,49.0,3,29
USR_21340,USR_21340_C05,2025-08-31,12.5,12.04,5,1,6,1,less,0,8,29.0,44.0,4,53
USR_21340,USR_21340_C06,2025-10-23,12.5,12.48,5,1,6,1,normal,0,10,53.0,45.8,5,42
USR_21340,USR_21340_C07,2025-12-04,12.5,11.75,5,1,6,1,normal,1,12,42.0,45.166666666666664,6,44
USR_21340,USR_21340_C08,2026-01-17,12.5,11.22,5,1,6,1,normal,1,1,44.0,45.0,7,39
USR_21340,USR_21340_C09,2026-02-25,12.5,11.55,5,1,6,1,normal,0,2,39.0,44.25,8,39
USR_21341,USR_21341_C01,2025-01-25,6.0,4.56,4,1,4,0,normal,1,1,,,0,18
USR_21341,USR_21341_C02,2025-02-12,6.0,5.53,4,1,4,0,normal,0,2,18.0,18.0,1,23
USR_21341,USR_21341_C03,2025-03-07,6.0,4.06,4,1,4,0,more,0,3,23.0,20.5,2,16
USR_21341,USR_21341_C04,2025-03-23,6.0,5.74,4,1,4,0,normal,0,3,16.0,19.0,3,20
USR_21343,USR_21343_C01,2025-03-13,6.0,5.7,4,3,7,1,normal,0,3,,,0,13
USR_21343,USR_21343_C02,2025-03-26,6.0,5.91,4,3,7,1,normal,0,3,13.0,13.0,1,14
USR_21343,USR_21343_C03,2025-04-09,6.0,5.72,4,3,7,1,more,0,4,14.0,13.5,2,11
USR_21343,USR_21343_C04,2025-04-20,6.0,5.61,4,3,7,1,normal,0,4,11.0,12.666666666666666,3,17
USR_21343,USR_21343_C05,2025-05-07,6.0,5.56,4,3,7,1,normal,0,5,17.0,13.75,4,14
USR_21344,USR_21344_C01,2025-03-16,12.5,11.52,8,3,6,1,normal,0,3,,,0,21
USR_21344,USR_21344_C02,2025-04-06,12.5,9.89,8,3,6,1,normal,0,4,21.0,21.0,1,19
USR_21344,USR_21344_C03,2025-04-25,12.5,11.92,8,3,6,1,normal,0,4,19.0,20.0,2,25
USR_21344,USR_21344_C04,2025-05-20,12.5,12.44,8,3,6,1,normal,0,5,25.0,21.666666666666668,3,23
USR_21344,USR_21344_C05,2025-06-12,12.5,12.47,8,3,6,1,normal,0,6,23.0,22.0,4,28
USR_21344,USR_21344_C06,2025-07-10,12.5,12.15,8,3,6,1,less,0,7,28.0,23.2,5,30
USR_21344,USR_21344_C07,2025-08-09,12.5,11.82,8,3,6,1,less,0,8,30.0,24.333333333333332,6,31
USR_21344,USR_21344_C08,2025-09-09,12.5,12.42,8,3,6,1,normal,0,9,31.0,25.285714285714285,7,25
USR_21344,USR_21344_C09,2025-10-04,12.5,12.04,8,3,6,1,normal,0,10,25.0,25.25,8,29
USR_21344,USR_21344_C10,2025-11-02,12.5,12.3,8,3,6,1,more,0,11,29.0,25.666666666666668,9,21
USR_21345,USR_21345_C01,2025-01-15,6.0,4.59,6,1,5,1,less,1,1,,,0,12
USR_21345,USR_21345_C02,2025-01-27,6.0,6.0,6,1,5,1,normal,1,1,12.0,12.0,1,16
USR_21345,USR_21345_C03,2025-02-12,6.0,5.77,6,1,5,1,normal,0,2,16.0,14.0,2,18
USR_21345,USR_21345_C04,2025-03-02,6.0,5.6,6,1,5,1,normal,0,3,18.0,15.333333333333334,3,13
USR_21345,USR_21345_C05,2025-03-15,6.0,5.61,6,1,5,1,more,0,3,13.0,14.75,4,10
USR_21345,USR_21345_C06,2025-03-25,6.0,5.77,6,1,5,1,normal,0,3,10.0,13.8,5,15
USR_21345,USR_21345_C07,2025-04-09,6.0,5.75,6,1,5,1,more,0,4,15.0,14.0,6,12
USR_21345,USR_21345_C08,2025-04-21,6.0,5.67,6,1,5,1,normal,0,4,12.0,13.714285714285714,7,16
USR_21345,USR_21345_C09,2025-05-07,6.0,5.55,6,1,5,1,normal,0,5,16.0,14.0,8,17
USR_21346,USR_21346_C01,2025-02-03,6.0,5.53,3,3,7,1,more,0,2,,,0,15
USR_21346,USR_21346_C02,2025-02-18,6.0,3.71,3,3,7,1,normal,0,2,15.0,15.0,1,12
USR_21346,USR_21346_C03,2025-03-02,6.0,5.61,3,3,7,1,normal,0,3,12.0,13.5,2,21
USR_21346,USR_21346_C04,2025-03-23,6.0,5.53,3,3,7,1,normal,0,3,21.0,16.0,3,15
USR_21346,USR_21346_C05,2025-04-07,6.0,5.8,3,3,7,1,normal,0,4,15.0,15.75,4,19
USR_21346,USR_21346_C06,2025-04-26,6.0,3.35,3,3,7,1,normal,0,4,19.0,16.4,5,10
USR_21347,USR_21347_C01,2025-04-16,12.5,12.01,3,1,7,0,normal,0,4,,,0,75
USR_21347,USR_21347_C02,2025-06-30,12.5,12.47,3,1,7,0,normal,0,6,75.0,75.0,1,75
USR_21347,USR_21347_C03,2025-09-13,12.5,12.08,3,1,7,0,normal,0,9,75.0,75.0,2,75
USR_21347,USR_21347_C04,2025-11-27,12.5,10.04,3,1,7,0,normal,0,11,75.0,75.0,3,75
USR_21347,USR_21347_C05,2026-02-10,12.5,12.1,3,1,7,0,more,0,2,75.0,75.0,4,71
USR_21347,USR_21347_C06,2026-04-22,12.5,12.35,3,1,7,0,normal,0,4,71.0,74.2,5,72
USR_21347,USR_21347_C07,2026-07-03,12.5,11.6,3,1,7,0,normal,0,7,72.0,73.83333333333333,6,75
USR_21347,USR_21347_C08,2026-09-16,12.5,11.79,3,1,7,0,more,0,9,75.0,74.0,7,62
USR_21347,USR_21347_C09,2026-11-17,12.5,11.79,3,1,7,0,normal,0,11,62.0,72.5,8,71
USR_21349,USR_21349_C01,2025-03-09,12.5,12.17,6,2,7,1,normal,0,3,,,0,33
USR_21349,USR_21349_C02,2025-04-11,12.5,12.04,6,2,7,1,normal,0,4,33.0,33.0,1,38
USR_21349,USR_21349_C03,2025-05-19,12.5,12.21,6,2,7,1,normal,0,5,38.0,35.5,2,30
USR_21349,USR_21349_C04,2025-06-18,12.5,12.13,6,2,7,1,normal,0,6,30.0,33.666666666666664,3,34
USR_21349,USR_21349_C05,2025-07-22,12.5,11.75,6,2,7,1,normal,0,7,34.0,33.75,4,35
USR_21349,USR_21349_C06,2025-08-26,12.5,12.34,6,2,7,1,normal,0,8,35.0,34.0,5,33
USR_21349,USR_21349_C07,2025-09-28,12.5,7.28,6,2,7,1,normal,0,9,33.0,33.833333333333336,6,20
USR_21349,USR_21349_C08,2025-10-18,12.5,12.48,6,2,7,1,normal,0,10,20.0,31.857142857142858,7,35
USR_21351,USR_21351_C01,2025-02-02,12.5,10.52,8,3,6,1,normal,0,2,,,0,16
USR_21351,USR_21351_C02,2025-02-18,12.5,8.91,8,3,6,1,normal,0,2,16.0,16.0,1,17
USR_21351,USR_21351_C03,2025-03-07,12.5,12.22,8,3,6,1,normal,0,3,17.0,16.5,2,19
USR_21351,USR_21351_C04,2025-03-26,12.5,10.05,8,3,6,1,normal,0,3,19.0,17.333333333333332,3,19
USR_21351,USR_21351_C05,2025-04-14,12.5,12.3,8,3,6,1,normal,0,4,19.0,17.75,4,25
USR_21351,USR_21351_C06,2025-05-09,12.5,7.83,8,3,6,1,normal,0,5,25.0,19.2,5,15
USR_21352,USR_21352_C01,2025-02-11,12.5,11.64,4,2,7,0,normal,0,2,,,0,55
USR_21352,USR_21352_C02,2025-04-07,12.5,11.64,4,2,7,0,normal,0,4,55.0,55.0,1,48
USR_21352,USR_21352_C03,2025-05-25,12.5,12.13,4,2,7,0,normal,0,5,48.0,51.5,2,48
USR_21352,USR_21352_C04,2025-07-12,12.5,12.32,4,2,7,0,normal,0,7,48.0,50.333333333333336,3,55
USR_21352,USR_21352_C05,2025-09-05,12.5,12.28,4,2,7,0,normal,0,9,55.0,51.5,4,56
USR_21352,USR_21352_C06,2025-10-31,12.5,12.1,4,2,7,0,normal,0,10,56.0,52.4,5,68
USR_21352,USR_21352_C07,2026-01-07,12.5,12.47,4,2,7,0,normal,1,1,68.0,55.0,6,50
USR_21352,USR_21352_C08,2026-02-26,12.5,11.57,4,2,7,0,less,0,2,50.0,54.285714285714285,7,59
USR_21352,USR_21352_C09,2026-04-26,12.5,12.42,4,2,7,0,normal,0,4,59.0,54.875,8,67
USR_21353,USR_21353_C01,2025-01-14,12.5,12.02,4,1,6,1,more,1,1,,,0,36
USR_21353,USR_21353_C02,2025-02-19,12.5,11.97,4,1,6,1,normal,0,2,36.0,36.0,1,44
USR_21354,USR_21354_C01,2025-01-01,12.5,9.6,4,2,6,1,normal,1,1,,,0,24
USR_21354,USR_21354_C02,2025-01-25,12.5,11.53,4,2,6,1,more,1,1,24.0,24.0,1,27
USR_21354,USR_21354_C03,2025-02-21,12.5,11.88,4,2,6,1,less,0,2,27.0,25.5,2,43
USR_21357,USR_21357_C01,2025-01-26,6.0,5.93,1,3,6,1,normal,1,1,,,0,25
USR_21357,USR_21357_C02,2025-02-20,6.0,4.72,1,3,6,1,normal,0,2,25.0,25.0,1,24
USR_21357,USR_21357_C03,2025-03-16,6.0,4.19,1,3,6,1,normal,0,3,24.0,24.5,2,19
USR_21357,USR_21357_C04,2025-04-04,6.0,5.72,1,3,6,1,normal,0,4,19.0,22.666666666666668,3,28
USR_21358,USR_21358_C01,2025-02-05,6.0,5.85,4,2,6,1,normal,0,2,,,0,17
USR_21358,USR_21358_C02,2025-02-22,6.0,5.91,4,2,6,1,normal,0,2,17.0,17.0,1,20
USR_21358,USR_21358_C03,2025-03-14,6.0,5.67,4,2,6,1,normal,0,3,20.0,18.5,2,19
USR_21358,USR_21358_C04,2025-04-02,6.0,5.63,4,2,6,1,normal,0,4,19.0,18.666666666666668,3,17
USR_21358,USR_21358_C05,2025-04-19,6.0,4.43,4,2,6,1,less,0,4,17.0,18.25,4,17
USR_21358,USR_21358_C06,2025-05-06,6.0,5.8,4,2,6,1,normal,0,5,17.0,18.0,5,19
USR_21358,USR_21358_C07,2025-05-25,6.0,5.84,4,2,6,1,less,0,5,19.0,18.166666666666668,6,21
USR_21358,USR_21358_C08,2025-06-15,6.0,5.92,4,2,6,1,normal,0,6,21.0,18.571428571428573,7,19
USR_21358,USR_21358_C09,2025-07-04,6.0,4.73,4,2,6,1,normal,0,7,19.0,18.625,8,13
USR_21358,USR_21358_C10,2025-07-17,6.0,5.83,4,2,6,1,normal,0,7,13.0,18.0,9,18
USR_21358,USR_21358_C11,2025-08-04,6.0,5.61,4,2,6,1,normal,0,8,18.0,18.0,10,15
USR_21358,USR_21358_C12,2025-08-19,6.0,5.82,4,2,6,1,normal,0,8,15.0,17.727272727272727,11,19
USR_21359,USR_21359_C01,2025-04-05,12.5,11.62,4,2,6,1,normal,0,4,,,0,46
USR_21359,USR_21359_C02,2025-05-21,12.5,12.08,4,2,6,1,normal,0,5,46.0,46.0,1,44
USR_21359,USR_21359_C03,2025-07-04,12.5,12.21,4,2,6,1,normal,0,7,44.0,45.0,2,51
USR_21359,USR_21359_C04,2025-08-24,12.5,12.42,4,2,6,1,normal,0,8,51.0,47.0,3,51
USR_21359,USR_21359_C05,2025-10-14,12.5,10.65,4,2,6,1,normal,0,10,51.0,48.0,4,40
USR_21359,USR_21359_C06,2025-11-23,12.5,7.66,4,2,6,1,normal,0,11,40.0,46.4,5,30
USR_21359,USR_21359_C07,2025-12-23,12.5,12.24,4,2,6,1,normal,1,12,30.0,43.666666666666664,6,47
USR_21361,USR_21361_C01,2025-03-28,12.5,12.36,6,1,5,1,normal,0,3,,,0,46
USR_21361,USR_21361_C02,2025-05-13,12.5,12.29,6,1,5,1,normal,0,5,46.0,46.0,1,41
USR_21361,USR_21361_C03,2025-06-23,12.5,11.9,6,1,5,1,normal,0,6,41.0,43.5,2,40
USR_21361,USR_21361_C04,2025-08-02,12.5,12.12,6,1,5,1,more,0,8,40.0,42.333333333333336,3,34
USR_21362,USR_21362_C01,2025-03-17,6.0,5.89,5,2,6,0,normal,0,3,,,0,22
USR_21362,USR_21362_C02,2025-04-08,6.0,5.56,5,2,6,0,normal,0,4,22.0,22.0,1,22
USR_21362,USR_21362_C03,2025-04-30,6.0,5.72,5,2,6,0,more,0,4,22.0,22.0,2,12
USR_21362,USR_21362_C04,2025-05-12,6.0,5.9,5,2,6,0,normal,0,5,12.0,18.666666666666668,3,18
USR_21362,USR_21362_C05,2025-05-30,6.0,5.43,5,2,6,0,normal,0,5,18.0,18.5,4,16
USR_21362,USR_21362_C06,2025-06-15,6.0,5.91,5,2,6,0,normal,0,6,16.0,18.0,5,19
USR_21362,USR_21362_C07,2025-07-04,6.0,5.55,5,2,6,0,less,0,7,19.0,18.166666666666668,6,23
USR_21362,USR_21362_C08,2025-07-27,6.0,4.31,5,2,6,0,normal,0,7,23.0,18.857142857142858,7,14
USR_21362,USR_21362_C09,2025-08-10,6.0,5.85,5,2,6,0,more,0,8,14.0,18.25,8,16
USR_21362,USR_21362_C10,2025-08-26,6.0,5.54,5,2,6,0,normal,0,8,16.0,18.0,9,18
USR_21362,USR_21362_C11,2025-09-13,6.0,5.87,5,2,6,0,normal,0,9,18.0,18.0,10,16
USR_21363,USR_21363_C01,2025-04-05,12.5,9.89,6,2,7,1,normal,0,4,,,0,28
USR_21363,USR_21363_C02,2025-05-03,12.5,12.48,6,2,7,1,more,0,5,28.0,28.0,1,30
USR_21363,USR_21363_C03,2025-06-02,12.5,11.82,6,2,7,1,normal,0,6,30.0,29.0,2,31
USR_21363,USR_21363_C04,2025-07-03,12.5,11.83,6,2,7,1,more,0,7,31.0,29.666666666666668,3,24
USR_21363,USR_21363_C05,2025-07-27,12.5,12.07,6,2,7,1,normal,0,7,24.0,28.25,4,39
USR_21363,USR_21363_C06,2025-09-04,12.5,11.95,6,2,7,1,normal,0,9,39.0,30.4,5,34
USR_21363,USR_21363_C07,2025-10-08,12.5,12.35,6,2,7,1,normal,0,10,34.0,31.0,6,38
USR_21363,USR_21363_C08,2025-11-15,12.5,12.37,6,2,7,1,normal,0,11,38.0,32.0,7,40
USR_21363,USR_21363_C09,2025-12-25,12.5,10.42,6,2,7,1,normal,1,12,40.0,33.0,8,31
USR_21363,USR_21363_C10,2026-01-25,12.5,12.11,6,2,7,1,normal,1,1,31.0,32.77777777777778,9,40
USR_21364,USR_21364_C01,2025-02-22,12.5,11.04,4,3,7,1,more,0,2,,,0,33
USR_21364,USR_21364_C02,2025-03-27,12.5,12.47,4,3,7,1,normal,0,3,33.0,33.0,1,38
USR_21364,USR_21364_C03,2025-05-04,12.5,11.67,4,3,7,1,normal,0,5,38.0,35.5,2,36
USR_21364,USR_21364_C04,2025-06-09,12.5,12.42,4,3,7,1,normal,0,6,36.0,35.666666666666664,3,38
USR_21364,USR_21364_C05,2025-07-17,12.5,8.01,4,3,7,1,less,0,7,38.0,36.25,4,32
USR_21365,USR_21365_C01,2025-03-07,12.5,11.73,4,3,5,1,normal,0,3,,,0,34
USR_21365,USR_21365_C02,2025-04-10,12.5,11.65,4,3,5,1,normal,0,4,34.0,34.0,1,28
USR_21365,USR_21365_C03,2025-05-08,12.5,11.55,4,3,5,1,normal,0,5,28.0,31.0,2,31
USR_21365,USR_21365_C04,2025-06-08,12.5,11.71,4,3,5,1,normal,0,6,31.0,31.0,3,33
USR_21365,USR_21365_C05,2025-07-11,12.5,9.97,4,3,5,1,normal,0,7,33.0,31.5,4,24
USR_21365,USR_21365_C06,2025-08-04,12.5,11.67,4,3,5,1,normal,0,8,24.0,30.0,5,30
USR_21365,USR_21365_C07,2025-09-03,12.5,12.47,4,3,5,1,more,0,9,30.0,30.0,6,21
USR_21365,USR_21365_C08,2025-09-24,12.5,11.97,4,3,5,1,normal,0,9,21.0,28.714285714285715,7,30
USR_21365,USR_21365_C09,2025-10-24,12.5,7.7,4,3,5,1,normal,0,10,30.0,28.875,8,24
USR_21365,USR_21365_C10,2025-11-17,12.5,8.17,4,3,5,1,normal,0,11,24.0,28.333333333333332,9,21
USR_21366,USR_21366_C01,2025-02-10,12.5,12.01,6,3,6,1,normal,0,2,,,0,32
USR_21366,USR_21366_C02,2025-03-14,12.5,11.53,6,3,6,1,less,0,3,32.0,32.0,1,34
USR_21366,USR_21366_C03,2025-04-17,12.5,11.93,6,3,6,1,more,0,4,34.0,33.0,2,28
USR_21366,USR_21366_C04,2025-05-15,12.5,11.95,6,3,6,1,normal,0,5,28.0,31.333333333333332,3,32
USR_21368,USR_21368_C01,2025-02-19,12.5,11.5,6,3,7,0,more,0,2,,,0,31
USR_21368,USR_21368_C02,2025-03-22,12.5,7.13,6,3,7,0,normal,0,3,31.0,31.0,1,24
USR_21368,USR_21368_C03,2025-04-15,12.5,8.11,6,3,7,0,normal,0,4,24.0,27.5,2,28
USR_21368,USR_21368_C04,2025-05-13,12.5,11.7,6,3,7,0,normal,0,5,28.0,27.666666666666668,3,42
USR_21368,USR_21368_C05,2025-06-24,12.5,12.17,6,3,7,0,less,0,6,42.0,31.25,4,57
USR_21368,USR_21368_C06,2025-08-20,12.5,12.02,6,3,7,0,normal,0,8,57.0,36.4,5,45
USR_21368,USR_21368_C07,2025-10-04,12.5,12.27,6,3,7,0,normal,0,10,45.0,37.833333333333336,6,48
USR_21369,USR_21369_C01,2025-04-10,12.5,7.52,5,2,7,1,less,0,4,,,0,26
USR_21369,USR_21369_C02,2025-05-06,12.5,12.2,5,2,7,1,normal,0,5,26.0,26.0,1,33
USR_21369,USR_21369_C03,2025-06-08,12.5,7.4,5,2,7,1,less,0,6,33.0,29.5,2,20
USR_21369,USR_21369_C04,2025-06-28,12.5,7.51,5,2,7,1,normal,0,6,20.0,26.333333333333332,3,20
USR_21369,USR_21369_C05,2025-07-18,12.5,9.1,5,2,7,1,normal,0,7,20.0,24.75,4,26
USR_21369,USR_21369_C06,2025-08-13,12.5,11.65,5,2,7,1,normal,0,8,26.0,25.0,5,33
USR_21371,USR_21371_C01,2025-03-04,6.0,5.74,5,2,7,1,more,0,3,,,0,13
USR_21371,USR_21371_C02,2025-03-17,6.0,5.87,5,2,7,1,normal,0,3,13.0,13.0,1,19
USR_21371,USR_21371_C03,2025-04-05,6.0,3.85,5,2,7,1,less,0,4,19.0,16.0,2,14
USR_21371,USR_21371_C04,2025-04-19,6.0,5.78,5,2,7,1,normal,0,4,14.0,15.333333333333334,3,19
USR_21371,USR_21371_C05,2025-05-08,6.0,5.88,5,2,7,1,normal,0,5,19.0,16.25,4,19
USR_21371,USR_21371_C06,2025-05-27,6.0,5.81,5,2,7,1,normal,0,5,19.0,16.8,5,17
USR_21371,USR_21371_C07,2025-06-13,6.0,5.63,5,2,7,1,less,0,6,17.0,16.833333333333332,6,23
USR_21371,USR_21371_C08,2025-07-06,6.0,5.7,5,2,7,1,normal,0,7,23.0,17.714285714285715,7,19
USR_21371,USR_21371_C09,2025-07-25,6.0,5.6,5,2,7,1,normal,0,7,19.0,17.875,8,16
USR_21371,USR_21371_C10,2025-08-10,6.0,5.76,5,2,7,1,normal,0,8,16.0,17.666666666666668,9,16
USR_21371,USR_21371_C11,2025-08-26,6.0,5.53,5,2,7,1,normal,0,8,16.0,17.5,10,14
USR_21371,USR_21371_C12,2025-09-09,6.0,4.84,5,2,7,1,less,0,9,14.0,17.181818181818183,11,18
USR_21373,USR_21373_C01,2025-02-23,12.5,11.81,3,2,6,1,normal,0,2,,,0,51
USR_21373,USR_21373_C02,2025-04-15,12.5,12.0,3,2,6,1,normal,0,4,51.0,51.0,1,58
USR_21373,USR_21373_C03,2025-06-12,12.5,10.67,3,2,6,1,normal,0,6,58.0,54.5,2,44
USR_21373,USR_21373_C04,2025-07-26,12.5,8.97,3,2,6,1,normal,0,7,44.0,51.0,3,42
USR_21373,USR_21373_C05,2025-09-06,12.5,7.56,3,2,6,1,normal,0,9,42.0,48.75,4,31
USR_21373,USR_21373_C06,2025-10-07,12.5,12.5,3,2,6,1,normal,0,10,31.0,45.2,5,60
USR_21374,USR_21374_C01,2025-03-21,12.5,12.01,7,2,7,1,more,0,3,,,0,21
USR_21374,USR_21374_C02,2025-04-11,12.5,11.51,7,2,7,1,normal,0,4,21.0,21.0,1,30
USR_21374,USR_21374_C03,2025-05-11,12.5,12.42,7,2,7,1,normal,0,5,30.0,25.5,2,26
USR_21374,USR_21374_C04,2025-06-06,12.5,11.68,7,2,7,1,normal,0,6,26.0,25.666666666666668,3,29
USR_21374,USR_21374_C05,2025-07-05,12.5,12.05,7,2,7,1,normal,0,7,29.0,26.5,4,26
USR_21374,USR_21374_C06,2025-07-31,12.5,12.15,7,2,7,1,normal,0,7,26.0,26.4,5,34
USR_21376,USR_21376_C01,2025-03-27,12.5,12.27,3,3,6,0,normal,0,3,,,0,47
USR_21376,USR_21376_C02,2025-05-13,12.5,11.98,3,3,6,0,more,0,5,47.0,47.0,1,41
USR_21376,USR_21376_C03,2025-06-23,12.5,12.14,3,3,6,0,normal,0,6,41.0,44.0,2,49
USR_21376,USR_21376_C04,2025-08-11,12.5,10.92,3,3,6,0,normal,0,8,49.0,45.666666666666664,3,44
USR_21376,USR_21376_C05,2025-09-24,12.5,12.47,3,3,6,0,normal,0,9,44.0,45.25,4,49
USR_21376,USR_21376_C06,2025-11-12,12.5,12.07,3,3,6,0,normal,0,11,49.0,46.0,5,52
USR_21376,USR_21376_C07,2026-01-03,12.5,11.55,3,3,6,0,normal,1,1,52.0,47.0,6,52
USR_21376,USR_21376_C08,2026-02-24,12.5,9.85,3,3,6,0,more,0,2,52.0,47.714285714285715,7,31
USR_21376,USR_21376_C09,2026-03-27,12.5,12.09,3,3,6,0,more,0,3,31.0,45.625,8,41
USR_21376,USR_21376_C10,2026-05-07,12.5,12.22,3,3,6,0,normal,0,5,41.0,45.111111111111114,9,56
USR_21376,USR_21376_C11,2026-07-02,12.5,11.54,3,3,6,0,normal,0,7,56.0,46.2,10,42
USR_21377,USR_21377_C01,2025-02-01,12.5,11.55,3,2,5,1,normal,0,2,,,0,42
USR_21377,USR_21377_C02,2025-03-15,12.5,12.19,3,2,5,1,normal,0,3,42.0,42.0,1,41
USR_21377,USR_21377_C03,2025-04-25,12.5,11.52,3,2,5,1,normal,0,4,41.0,41.5,2,36
USR_21377,USR_21377_C04,2025-05-31,12.5,11.87,3,2,5,1,normal,0,5,36.0,39.666666666666664,3,34
USR_21377,USR_21377_C05,2025-07-04,12.5,11.66,3,2,5,1,less,0,7,34.0,38.25,4,47
USR_21377,USR_21377_C06,2025-08-20,12.5,12.14,3,2,5,1,normal,0,8,47.0,40.0,5,40
USR_21377,USR_21377_C07,2025-09-29,12.5,12.05,3,2,5,1,more,0,9,40.0,40.0,6,29
USR_21377,USR_21377_C08,2025-10-28,12.5,12.28,3,2,5,1,normal,0,10,29.0,38.42857142857143,7,36
USR_21377,USR_21377_C09,2025-12-03,12.5,11.94,3,2,5,1,normal,1,12,36.0,38.125,8,31
USR_21377,USR_21377_C10,2026-01-03,12.5,11.81,3,2,5,1,normal,1,1,31.0,37.333333333333336,9,29
USR_21377,USR_21377_C11,2026-02-01,12.5,12.37,3,2,5,1,less,0,2,29.0,36.5,10,48
USR_21378,USR_21378_C01,2025-02-17,12.5,11.95,5,3,7,1,normal,0,2,,,0,30
USR_21378,USR_21378_C02,2025-03-19,12.5,11.52,5,3,7,1,normal,0,3,30.0,30.0,1,36
USR_21378,USR_21378_C03,2025-04-24,12.5,11.93,5,3,7,1,normal,0,4,36.0,33.0,2,32
USR_21378,USR_21378_C04,2025-05-26,12.5,12.01,5,3,7,1,normal,0,5,32.0,32.666666666666664,3,42
USR_21378,USR_21378_C05,2025-07-07,12.5,11.82,5,3,7,1,less,0,7,42.0,35.0,4,49
USR_21378,USR_21378_C06,2025-08-25,12.5,12.17,5,3,7,1,more,0,8,49.0,37.8,5,26
USR_21378,USR_21378_C07,2025-09-20,12.5,11.64,5,3,7,1,normal,0,9,26.0,35.833333333333336,6,33
USR_21379,USR_21379_C01,2025-03-20,12.5,12.44,3,2,7,1,normal,0,3,,,0,40
USR_21379,USR_21379_C02,2025-04-29,12.5,12.07,3,2,7,1,normal,0,4,40.0,40.0,1,34
USR_21379,USR_21379_C03,2025-06-02,12.5,12.31,3,2,7,1,normal,0,6,34.0,37.0,2,37
USR_21379,USR_21379_C04,2025-07-09,12.5,10.42,3,2,7,1,normal,0,7,37.0,37.0,3,29
USR_21380,USR_21380_C01,2025-01-11,6.0,5.78,1,2,7,1,normal,1,1,,,0,19
USR_21380,USR_21380_C02,2025-01-30,6.0,5.78,1,2,7,1,less,1,1,19.0,19.0,1,24
USR_21380,USR_21380_C03,2025-02-23,6.0,4.99,1,2,7,1,normal,0,2,24.0,21.5,2,14
USR_21380,USR_21380_C04,2025-03-09,6.0,5.53,1,2,7,1,normal,0,3,14.0,19.0,3,16
USR_21380,USR_21380_C05,2025-03-25,6.0,4.51,1,2,7,1,normal,0,3,16.0,18.25,4,14
USR_21381,USR_21381_C01,2025-02-15,12.5,12.45,2,2,7,1,less,0,2,,,0,60
USR_21381,USR_21381_C02,2025-04-16,12.5,11.62,2,2,7,1,less,0,4,60.0,60.0,1,55
USR_21381,USR_21381_C03,2025-06-10,12.5,11.77,2,2,7,1,normal,0,6,55.0,57.5,2,64
USR_21381,USR_21381_C04,2025-08-13,12.5,11.87,2,2,7,1,normal,0,8,64.0,59.666666666666664,3,52
USR_21381,USR_21381_C05,2025-10-04,12.5,11.72,2,2,7,1,normal,0,10,52.0,57.75,4,57
USR_21383,USR_21383_C01,2025-01-27,12.5,10.27,4,1,6,1,normal,1,1,,,0,46
USR_21383,USR_21383_C02,2025-03-14,12.5,11.64,4,1,6,1,normal,0,3,46.0,46.0,1,53
USR_21384,USR_21384_C01,2025-04-05,12.5,11.89,6,2,6,1,normal,0,4,,,0,39
USR_21384,USR_21384_C02,2025-05-14,12.5,12.35,6,2,6,1,less,0,5,39.0,39.0,1,38
USR_21384,USR_21384_C03,2025-06-21,12.5,12.24,6,2,6,1,less,0,6,38.0,38.5,2,39
USR_21384,USR_21384_C04,2025-07-30,12.5,12.49,6,2,6,1,normal,0,7,39.0,38.666666666666664,3,37
USR_21384,USR_21384_C05,2025-09-05,12.5,11.62,6,2,6,1,normal,0,9,37.0,38.25,4,31
USR_21384,USR_21384_C06,2025-10-06,12.5,12.0,6,2,6,1,normal,0,10,31.0,36.8,5,30
USR_21384,USR_21384_C07,2025-11-05,12.5,12.28,6,2,6,1,normal,0,11,30.0,35.666666666666664,6,38
USR_21385,USR_21385_C01,2025-04-18,12.5,11.53,2,2,7,1,more,0,4,,,0,40
USR_21385,USR_21385_C02,2025-05-28,12.5,11.71,2,2,7,1,normal,0,5,40.0,40.0,1,46
USR_21385,USR_21385_C03,2025-07-13,12.5,7.08,2,2,7,1,normal,0,7,46.0,43.0,2,28
USR_21385,USR_21385_C04,2025-08-10,12.5,11.67,2,2,7,1,normal,0,8,28.0,38.0,3,49
USR_21385,USR_21385_C05,2025-09-28,12.5,11.84,2,2,7,1,more,0,9,49.0,40.75,4,45
USR_21386,USR_21386_C01,2025-02-10,12.5,7.44,5,1,7,1,normal,0,2,,,0,24
USR_21386,USR_21386_C02,2025-03-06,12.5,9.99,5,1,7,1,normal,0,3,24.0,24.0,1,33
USR_21386,USR_21386_C03,2025-04-08,12.5,12.44,5,1,7,1,normal,0,4,33.0,28.5,2,43
USR_21386,USR_21386_C04,2025-05-21,12.5,12.02,5,1,7,1,normal,0,5,43.0,33.333333333333336,3,39
USR_21386,USR_21386_C05,2025-06-29,12.5,12.43,5,1,7,1,more,0,6,39.0,34.75,4,37
USR_21386,USR_21386_C06,2025-08-05,12.5,11.73,5,1,7,1,normal,0,8,37.0,35.2,5,38
USR_21386,USR_21386_C07,2025-09-12,12.5,11.94,5,1,7,1,normal,0,9,38.0,35.666666666666664,6,45
USR_21386,USR_21386_C08,2025-10-27,12.5,11.9,5,1,7,1,more,0,10,45.0,37.0,7,28
USR_21386,USR_21386_C09,2025-11-24,12.5,10.88,5,1,7,1,normal,0,11,28.0,35.875,8,35
USR_21386,USR_21386_C10,2025-12-29,12.5,11.74,5,1,7,1,normal,1,12,35.0,35.77777777777778,9,40
USR_21387,USR_21387_C01,2025-04-21,12.5,12.12,6,3,6,1,normal,0,4,,,0,34
USR_21387,USR_21387_C02,2025-05-25,12.5,8.06,6,3,6,1,normal,0,5,34.0,34.0,1,18
USR_21387,USR_21387_C03,2025-06-12,12.5,10.22,6,3,6,1,normal,0,6,18.0,26.0,2,24
USR_21387,USR_21387_C04,2025-07-06,12.5,7.76,6,3,6,1,normal,0,7,24.0,25.333333333333332,3,26
USR_21389,USR_21389_C01,2025-02-05,12.5,11.76,3,1,7,1,normal,0,2,,,0,49
USR_21389,USR_21389_C02,2025-03-26,12.5,12.14,3,1,7,1,normal,0,3,49.0,49.0,1,54
USR_21389,USR_21389_C03,2025-05-19,12.5,12.24,3,1,7,1,normal,0,5,54.0,51.5,2,50
USR_21390,USR_21390_C01,2025-01-17,12.5,12.19,3,2,6,1,more,1,1,,,0,32
USR_21390,USR_21390_C02,2025-02-18,12.5,7.99,3,2,6,1,normal,0,2,32.0,32.0,1,35
USR_21390,USR_21390_C03,2025-03-25,12.5,12.2,3,2,6,1,normal,0,3,35.0,33.5,2,46
USR_21390,USR_21390_C04,2025-05-10,12.5,9.77,3,2,6,1,normal,0,5,46.0,37.666666666666664,3,34
USR_21390,USR_21390_C05,2025-06-13,12.5,11.76,3,2,6,1,normal,0,6,34.0,36.75,4,49
USR_21391,USR_21391_C01,2025-02-16,12.5,10.47,7,3,5,1,normal,0,2,,,0,26
USR_21391,USR_21391_C02,2025-03-14,12.5,10.93,7,3,5,1,normal,0,3,26.0,26.0,1,28
USR_21391,USR_21391_C03,2025-04-11,12.5,12.32,7,3,5,1,normal,0,4,28.0,27.0,2,30
USR_21391,USR_21391_C04,2025-05-11,12.5,12.3,7,3,5,1,normal,0,5,30.0,28.0,3,31
USR_21391,USR_21391_C05,2025-06-11,12.5,11.68,7,3,5,1,normal,0,6,31.0,28.75,4,26
USR_21391,USR_21391_C06,2025-07-07,12.5,12.43,7,3,5,1,normal,0,7,26.0,28.2,5,28
USR_21391,USR_21391_C07,2025-08-04,12.5,11.82,7,3,5,1,normal,0,8,28.0,28.166666666666668,6,31
USR_21391,USR_21391_C08,2025-09-04,12.5,11.77,7,3,5,1,normal,0,9,31.0,28.571428571428573,7,28
USR_21391,USR_21391_C09,2025-10-02,12.5,11.9,7,3,5,1,normal,0,10,28.0,28.5,8,26
USR_21391,USR_21391_C10,2025-10-28,12.5,12.45,7,3,5,1,normal,0,10,26.0,28.22222222222222,9,31
USR_21391,USR_21391_C11,2025-11-28,12.5,11.82,7,3,5,1,normal,0,11,31.0,28.5,10,30
USR_21392,USR_21392_C01,2025-03-23,12.5,12.05,6,1,7,1,less,0,3,,,0,44
USR_21392,USR_21392_C02,2025-05-06,12.5,7.85,6,1,7,1,normal,0,5,44.0,44.0,1,19
USR_21392,USR_21392_C03,2025-05-25,12.5,7.69,6,1,7,1,normal,0,5,19.0,31.5,2,23
USR_21392,USR_21392_C04,2025-06-17,12.5,12.37,6,1,7,1,normal,0,6,23.0,28.666666666666668,3,34
USR_21392,USR_21392_C05,2025-07-21,12.5,10.24,6,1,7,1,normal,0,7,34.0,30.0,4,26
USR_21392,USR_21392_C06,2025-08-16,12.5,11.56,6,1,7,1,more,0,8,26.0,29.2,5,22
USR_21392,USR_21392_C07,2025-09-07,12.5,11.91,6,1,7,1,normal,0,9,22.0,28.0,6,31
USR_21393,USR_21393_C01,2025-03-17,6.0,5.53,3,3,6,1,normal,0,3,,,0,20
USR_21393,USR_21393_C02,2025-04-06,6.0,5.36,3,3,6,1,normal,0,4,20.0,20.0,1,18
USR_21393,USR_21393_C03,2025-04-24,6.0,5.66,3,3,6,1,normal,0,4,18.0,19.0,2,21
USR_21393,USR_21393_C04,2025-05-15,6.0,5.74,3,3,6,1,more,0,5,21.0,19.666666666666668,3,15
USR_21393,USR_21393_C05,2025-05-30,6.0,5.65,3,3,6,1,normal,0,5,15.0,18.5,4,20
USR_21393,USR_21393_C06,2025-06-19,6.0,5.74,3,3,6,1,less,0,6,20.0,18.8,5,31
USR_21393,USR_21393_C07,2025-07-20,6.0,3.69,3,3,6,1,normal,0,7,31.0,20.833333333333332,6,13
USR_21393,USR_21393_C08,2025-08-02,6.0,5.74,3,3,6,1,normal,0,8,13.0,19.714285714285715,7,22
USR_21393,USR_21393_C09,2025-08-24,6.0,5.63,3,3,6,1,normal,0,8,22.0,20.0,8,22
USR_21393,USR_21393_C10,2025-09-15,6.0,5.61,3,3,6,1,normal,0,9,22.0,20.22222222222222,9,19
USR_21393,USR_21393_C11,2025-10-04,6.0,5.84,3,3,6,1,less,0,10,19.0,20.1,10,32
USR_21393,USR_21393_C12,2025-11-05,6.0,5.88,3,3,6,1,normal,0,11,32.0,21.181818181818183,11,22
USR_21394,USR_21394_C01,2025-02-26,12.5,11.9,6,3,7,1,normal,0,2,,,0,36
USR_21394,USR_21394_C02,2025-04-03,12.5,12.32,6,3,7,1,less,0,4,36.0,36.0,1,47
USR_21394,USR_21394_C03,2025-05-20,12.5,12.42,6,3,7,1,normal,0,5,47.0,41.5,2,42
USR_21394,USR_21394_C04,2025-07-01,12.5,7.94,6,3,7,1,normal,0,7,42.0,41.666666666666664,3,20
USR_21395,USR_21395_C01,2025-01-28,6.0,4.38,2,1,7,0,normal,1,1,,,0,21
USR_21395,USR_21395_C02,2025-02-18,6.0,5.89,2,1,7,0,more,0,2,21.0,21.0,1,27
USR_21395,USR_21395_C03,2025-03-17,6.0,5.91,2,1,7,0,more,0,3,27.0,24.0,2,27
USR_21395,USR_21395_C04,2025-04-13,6.0,5.83,2,1,7,0,normal,0,4,27.0,25.0,3,37
USR_21395,USR_21395_C05,2025-05-20,6.0,5.82,2,1,7,0,normal,0,5,37.0,28.0,4,37
USR_21396,USR_21396_C01,2025-02-14,12.5,12.44,4,2,6,1,normal,0,2,,,0,59
USR_21396,USR_21396_C02,2025-04-14,12.5,12.39,4,2,6,1,normal,0,4,59.0,59.0,1,41
USR_21396,USR_21396_C03,2025-05-25,12.5,11.61,4,2,6,1,normal,0,5,41.0,50.0,2,39
USR_21396,USR_21396_C04,2025-07-03,12.5,12.23,4,2,6,1,normal,0,7,39.0,46.333333333333336,3,39
USR_21396,USR_21396_C05,2025-08-11,12.5,11.73,4,2,6,1,normal,0,8,39.0,44.5,4,47
USR_21396,USR_21396_C06,2025-09-27,12.5,12.07,4,2,6,1,normal,0,9,47.0,45.0,5,44
USR_21396,USR_21396_C07,2025-11-10,12.5,11.75,4,2,6,1,normal,0,11,44.0,44.833333333333336,6,46
USR_21396,USR_21396_C08,2025-12-26,12.5,10.15,4,2,6,1,normal,1,12,46.0,45.0,7,30
USR_21397,USR_21397_C01,2025-03-12,6.0,3.59,4,2,5,1,normal,0,3,,,0,13
USR_21397,USR_21397_C02,2025-03-25,6.0,4.34,4,2,5,1,normal,0,3,13.0,13.0,1,14
USR_21397,USR_21397_C03,2025-04-08,6.0,5.01,4,2,5,1,normal,0,4,14.0,13.5,2,17
USR_21397,USR_21397_C04,2025-04-25,6.0,4.24,4,2,5,1,normal,0,4,17.0,14.666666666666666,3,17
USR_21397,USR_21397_C05,2025-05-12,6.0,5.53,4,2,5,1,less,0,5,17.0,15.25,4,27
USR_21397,USR_21397_C06,2025-06-08,6.0,3.74,4,2,5,1,normal,0,6,27.0,17.6,5,13
USR_21398,USR_21398_C01,2025-02-06,12.5,12.03,4,3,6,0,more,0,2,,,0,38
USR_21398,USR_21398_C02,2025-03-16,12.5,11.97,4,3,6,0,normal,0,3,38.0,38.0,1,50
USR_21398,USR_21398_C03,2025-05-05,12.5,11.53,4,3,6,0,normal,0,5,50.0,44.0,2,54
USR_21398,USR_21398_C04,2025-06-28,12.5,12.37,4,3,6,0,normal,0,6,54.0,47.333333333333336,3,53
USR_21398,USR_21398_C05,2025-08-20,12.5,12.08,4,3,6,0,normal,0,8,53.0,48.75,4,49
USR_21398,USR_21398_C06,2025-10-08,12.5,12.12,4,3,6,0,normal,0,10,49.0,48.8,5,49
USR_21398,USR_21398_C07,2025-11-26,12.5,7.18,4,3,6,0,less,0,11,49.0,48.833333333333336,6,36
USR_21398,USR_21398_C08,2026-01-01,12.5,12.04,4,3,6,0,normal,1,1,36.0,47.0,7,48
USR_21398,USR_21398_C09,2026-02-18,12.5,12.49,4,3,6,0,normal,0,2,48.0,47.125,8,52
USR_21398,USR_21398_C10,2026-04-11,12.5,10.53,4,3,6,0,normal,0,4,52.0,47.666666666666664,9,54
USR_21398,USR_21398_C11,2026-06-04,12.5,12.12,4,3,6,0,normal,0,6,54.0,48.3,10,53
USR_21399,USR_21399_C01,2025-01-21,12.5,12.04,6,3,7,1,more,1,1,,,0,32
USR_21399,USR_21399_C02,2025-02-22,12.5,11.55,6,3,7,1,normal,0,2,32.0,32.0,1,37
USR_21399,USR_21399_C03,2025-03-31,12.5,12.01,6,3,7,1,more,0,3,37.0,34.5,2,33
USR_21399,USR_21399_C04,2025-05-03,12.5,12.06,6,3,7,1,normal,0,5,33.0,34.0,3,43
USR_21399,USR_21399_C05,2025-06-15,12.5,11.78,6,3,7,1,normal,0,6,43.0,36.25,4,43
USR_21400,USR_21400_C01,2025-02-11,12.5,12.11,5,3,7,1,normal,0,2,,,0,37
USR_21400,USR_21400_C02,2025-03-20,12.5,11.58,5,3,7,1,more,0,3,37.0,37.0,1,23
USR_21400,USR_21400_C03,2025-04-12,12.5,12.13,5,3,7,1,normal,0,4,23.0,30.0,2,33
USR_21400,USR_21400_C04,2025-05-15,12.5,12.23,5,3,7,1,normal,0,5,33.0,31.0,3,39
USR_21400,USR_21400_C05,2025-06-23,12.5,11.71,5,3,7,1,normal,0,6,39.0,33.0,4,35
USR_21400,USR_21400_C06,2025-07-28,12.5,10.22,5,3,7,1,normal,0,7,35.0,33.4,5,31
USR_21400,USR_21400_C07,2025-08-28,12.5,7.95,5,3,7,1,normal,0,8,31.0,33.0,6,24
USR_21401,USR_21401_C01,2025-04-17,12.5,10.2,6,2,7,1,normal,0,4,,,0,32
USR_21401,USR_21401_C02,2025-05-19,12.5,8.08,6,2,7,1,normal,0,5,32.0,32.0,1,23
USR_21401,USR_21401_C03,2025-06-11,12.5,11.54,6,2,7,1,normal,0,6,23.0,27.5,2,31
USR_21401,USR_21401_C04,2025-07-12,12.5,11.69,6,2,7,1,normal,0,7,31.0,28.666666666666668,3,33
USR_21401,USR_21401_C05,2025-08-14,12.5,11.04,6,2,7,1,normal,0,8,33.0,29.75,4,31
USR_21402,USR_21402_C01,2025-03-12,6.0,5.74,3,2,4,1,normal,0,3,,,0,21
USR_21402,USR_21402_C02,2025-04-02,6.0,5.55,3,2,4,1,normal,0,4,21.0,21.0,1,26
USR_21402,USR_21402_C03,2025-04-28,6.0,5.81,3,2,4,1,normal,0,4,26.0,23.5,2,28
USR_21403,USR_21403_C01,2025-02-19,12.5,12.34,4,2,7,1,normal,0,2,,,0,34
USR_21403,USR_21403_C02,2025-03-25,12.5,12.01,4,2,7,1,normal,0,3,34.0,34.0,1,30
USR_21403,USR_21403_C03,2025-04-24,12.5,12.15,4,2,7,1,normal,0,4,30.0,32.0,2,28
USR_21403,USR_21403_C04,2025-05-22,12.5,11.89,4,2,7,1,normal,0,5,28.0,30.666666666666668,3,30
USR_21403,USR_21403_C05,2025-06-21,12.5,12.49,4,2,7,1,normal,0,6,30.0,30.5,4,30
USR_21403,USR_21403_C06,2025-07-21,12.5,12.47,4,2,7,1,more,0,7,30.0,30.4,5,23
USR_21404,USR_21404_C01,2025-02-21,6.0,4.81,2,3,5,1,normal,0,2,,,0,17
USR_21404,USR_21404_C02,2025-03-10,6.0,5.58,2,3,5,1,normal,0,3,17.0,17.0,1,22
USR_21404,USR_21404_C03,2025-04-01,6.0,5.62,2,3,5,1,normal,0,4,22.0,19.5,2,17
USR_21404,USR_21404_C04,2025-04-18,6.0,5.64,2,3,5,1,normal,0,4,17.0,18.666666666666668,3,21
USR_21404,USR_21404_C05,2025-05-09,6.0,5.99,2,3,5,1,normal,0,5,21.0,19.25,4,20
USR_21404,USR_21404_C06,2025-05-29,6.0,5.56,2,3,5,1,more,0,5,20.0,19.4,5,16
USR_21404,USR_21404_C07,2025-06-14,6.0,5.9,2,3,5,1,less,0,6,16.0,18.833333333333332,6,25
USR_21405,USR_21405_C01,2025-01-03,12.5,11.72,3,2,7,1,normal,1,1,,,0,44
USR_21405,USR_21405_C02,2025-02-16,12.5,12.08,3,2,7,1,normal,0,2,44.0,44.0,1,47
USR_21406,USR_21406_C01,2025-03-29,12.5,11.54,6,2,7,1,normal,0,3,,,0,28
USR_21406,USR_21406_C02,2025-04-26,12.5,11.79,6,2,7,1,normal,0,4,28.0,28.0,1,30
USR_21406,USR_21406_C03,2025-05-26,12.5,11.64,6,2,7,1,normal,0,5,30.0,29.0,2,29
USR_21406,USR_21406_C04,2025-06-24,12.5,12.35,6,2,7,1,normal,0,6,29.0,29.0,3,35
USR_21406,USR_21406_C05,2025-07-29,12.5,12.14,6,2,7,1,normal,0,7,35.0,30.5,4,34
USR_21406,USR_21406_C06,2025-09-01,12.5,7.88,6,2,7,1,normal,0,9,34.0,31.2,5,22
USR_21407,USR_21407_C01,2025-01-10,12.5,12.04,3,2,7,1,normal,1,1,,,0,40
USR_21407,USR_21407_C02,2025-02-19,12.5,11.88,3,2,7,1,normal,0,2,40.0,40.0,1,43
USR_21407,USR_21407_C03,2025-04-03,12.5,7.28,3,2,7,1,normal,0,4,43.0,41.5,2,23
USR_21407,USR_21407_C04,2025-04-26,12.5,12.49,3,2,7,1,normal,0,4,23.0,35.333333333333336,3,42
USR_21407,USR_21407_C05,2025-06-07,12.5,12.35,3,2,7,1,normal,0,6,42.0,37.0,4,40
USR_21407,USR_21407_C06,2025-07-17,12.5,12.24,3,2,7,1,normal,0,7,40.0,37.6,5,42
USR_21408,USR_21408_C01,2025-02-21,6.0,5.7,2,3,6,0,normal,0,2,,,0,29
USR_21408,USR_21408_C02,2025-03-22,6.0,4.3,2,3,6,0,less,0,3,29.0,29.0,1,26
USR_21408,USR_21408_C03,2025-04-17,6.0,5.81,2,3,6,0,normal,0,4,26.0,27.5,2,32
USR_21410,USR_21410_C01,2025-02-01,12.5,11.68,3,3,4,1,more,0,2,,,0,33
USR_21410,USR_21410_C02,2025-03-06,12.5,11.93,3,3,4,1,normal,0,3,33.0,33.0,1,46
USR_21410,USR_21410_C03,2025-04-21,12.5,12.47,3,3,4,1,normal,0,4,46.0,39.5,2,49
USR_21410,USR_21410_C04,2025-06-09,12.5,11.69,3,3,4,1,normal,0,6,49.0,42.666666666666664,3,41
USR_21410,USR_21410_C05,2025-07-20,12.5,9.83,3,3,4,1,normal,0,7,41.0,42.25,4,39
USR_21410,USR_21410_C06,2025-08-28,12.5,12.0,3,3,4,1,less,0,8,39.0,41.6,5,59
USR_21410,USR_21410_C07,2025-10-26,12.5,11.83,3,3,4,1,normal,0,10,59.0,44.5,6,44
USR_21410,USR_21410_C08,2025-12-09,12.5,12.03,3,3,4,1,normal,1,12,44.0,44.42857142857143,7,42
USR_21410,USR_21410_C09,2026-01-20,12.5,11.91,3,3,4,1,normal,1,1,42.0,44.125,8,37
USR_21410,USR_21410_C10,2026-02-26,12.5,12.11,3,3,4,1,normal,0,2,37.0,43.333333333333336,9,51
USR_21411,USR_21411_C01,2025-03-13,12.5,11.53,3,2,4,1,normal,0,3,,,0,49
USR_21411,USR_21411_C02,2025-05-01,12.5,11.98,3,2,4,1,normal,0,5,49.0,49.0,1,55
USR_21411,USR_21411_C03,2025-06-25,12.5,12.09,3,2,4,1,normal,0,6,55.0,52.0,2,55
USR_21411,USR_21411_C04,2025-08-19,12.5,11.93,3,2,4,1,normal,0,8,55.0,53.0,3,54
USR_21411,USR_21411_C05,2025-10-12,12.5,11.66,3,2,4,1,normal,0,10,54.0,53.25,4,56
USR_21411,USR_21411_C06,2025-12-07,12.5,9.11,3,2,4,1,more,1,12,56.0,53.8,5,34
USR_21412,USR_21412_C01,2025-01-13,12.5,12.15,6,2,7,0,normal,1,1,,,0,45
USR_21412,USR_21412_C02,2025-02-27,12.5,11.97,6,2,7,0,normal,0,2,45.0,45.0,1,48
USR_21412,USR_21412_C03,2025-04-16,12.5,12.01,6,2,7,0,more,0,4,48.0,46.5,2,47
USR_21412,USR_21412_C04,2025-06-02,12.5,11.58,6,2,7,0,normal,0,6,47.0,46.666666666666664,3,45
USR_21412,USR_21412_C05,2025-07-17,12.5,11.86,6,2,7,0,more,0,7,45.0,46.25,4,41
USR_21413,USR_21413_C01,2025-02-09,12.5,7.89,4,2,7,1,normal,0,2,,,0,40
USR_21413,USR_21413_C02,2025-03-21,12.5,11.12,4,2,7,1,normal,0,3,40.0,40.0,1,47
USR_21413,USR_21413_C03,2025-05-07,12.5,12.24,4,2,7,1,normal,0,5,47.0,43.5,2,56
USR_21413,USR_21413_C04,2025-07-02,12.5,11.93,4,2,7,1,normal,0,7,56.0,47.666666666666664,3,62
USR_21413,USR_21413_C05,2025-09-02,12.5,10.41,4,2,7,1,more,0,9,62.0,51.25,4,41
USR_21413,USR_21413_C06,2025-10-13,12.5,11.58,4,2,7,1,normal,0,10,41.0,49.2,5,61
USR_21414,USR_21414_C01,2025-02-15,12.5,12.19,8,2,6,1,normal,0,2,,,0,29
USR_21414,USR_21414_C02,2025-03-16,12.5,11.64,8,2,6,1,less,0,3,29.0,29.0,1,38
USR_21414,USR_21414_C03,2025-04-23,12.5,11.57,8,2,6,1,normal,0,4,38.0,33.5,2,33
USR_21414,USR_21414_C04,2025-05-26,12.5,11.96,8,2,6,1,normal,0,5,33.0,33.333333333333336,3,30
USR_21414,USR_21414_C05,2025-06-25,12.5,11.63,8,2,6,1,less,0,6,30.0,32.5,4,35
USR_21414,USR_21414_C06,2025-07-30,12.5,11.66,8,2,6,1,normal,0,7,35.0,33.0,5,33
USR_21414,USR_21414_C07,2025-09-01,12.5,11.75,8,2,6,1,normal,0,9,33.0,33.0,6,28
USR_21416,USR_21416_C01,2025-03-10,12.5,8.32,3,2,7,1,normal,0,3,,,0,26
USR_21416,USR_21416_C02,2025-04-05,12.5,12.27,3,2,7,1,normal,0,4,26.0,26.0,1,36
USR_21416,USR_21416_C03,2025-05-11,12.5,11.89,3,2,7,1,normal,0,5,36.0,31.0,2,37
USR_21416,USR_21416_C04,2025-06-17,12.5,12.43,3,2,7,1,normal,0,6,37.0,33.0,3,34
USR_21416,USR_21416_C05,2025-07-21,12.5,12.12,3,2,7,1,normal,0,7,34.0,33.25,4,33
USR_21417,USR_21417_C01,2025-02-04,12.5,12.38,5,1,7,1,normal,0,2,,,0,36
USR_21417,USR_21417_C02,2025-03-12,12.5,11.72,5,1,7,1,normal,0,3,36.0,36.0,1,38
USR_21417,USR_21417_C03,2025-04-19,12.5,11.67,5,1,7,1,normal,0,4,38.0,37.0,2,39
USR_21417,USR_21417_C04,2025-05-28,12.5,11.67,5,1,7,1,normal,0,5,39.0,37.666666666666664,3,33
USR_21417,USR_21417_C05,2025-06-30,12.5,12.1,5,1,7,1,normal,0,6,33.0,36.5,4,42
USR_21417,USR_21417_C06,2025-08-11,12.5,12.18,5,1,7,1,more,0,8,42.0,37.6,5,28
USR_21417,USR_21417_C07,2025-09-08,12.5,12.48,5,1,7,1,normal,0,9,28.0,36.0,6,42
USR_21417,USR_21417_C08,2025-10-20,12.5,12.21,5,1,7,1,normal,0,10,42.0,36.857142857142854,7,37
USR_21417,USR_21417_C09,2025-11-26,12.5,8.2,5,1,7,1,less,0,11,37.0,36.875,8,36
USR_21418,USR_21418_C01,2025-03-24,6.0,5.2,3,2,5,1,normal,0,3,,,0,18
USR_21418,USR_21418_C02,2025-04-11,6.0,5.95,3,2,5,1,normal,0,4,18.0,18.0,1,19
USR_21418,USR_21418_C03,2025-04-30,6.0,5.58,3,2,5,1,normal,0,4,19.0,18.5,2,17
USR_21418,USR_21418_C04,2025-05-17,6.0,5.75,3,2,5,1,normal,0,5,17.0,18.0,3,17
USR_21418,USR_21418_C05,2025-06-03,6.0,5.6,3,2,5,1,normal,0,6,17.0,17.75,4,20
USR_21418,USR_21418_C06,2025-06-23,6.0,5.95,3,2,5,1,normal,0,6,20.0,18.2,5,21
USR_21418,USR_21418_C07,2025-07-14,6.0,5.92,3,2,5,1,normal,0,7,21.0,18.666666666666668,6,20
USR_21418,USR_21418_C08,2025-08-03,6.0,5.71,3,2,5,1,normal,0,8,20.0,18.857142857142858,7,15
USR_21418,USR_21418_C09,2025-08-18,6.0,5.6,3,2,5,1,normal,0,8,15.0,18.375,8,22
USR_21420,USR_21420_C01,2025-04-23,6.0,5.72,3,2,6,1,normal,0,4,,,0,18
USR_21420,USR_21420_C02,2025-05-11,6.0,5.32,3,2,6,1,normal,0,5,18.0,18.0,1,15
USR_21420,USR_21420_C03,2025-05-26,6.0,5.88,3,2,6,1,normal,0,5,15.0,16.5,2,16
USR_21420,USR_21420_C04,2025-06-11,6.0,5.84,3,2,6,1,normal,0,6,16.0,16.333333333333332,3,16
USR_21420,USR_21420_C05,2025-06-27,6.0,4.17,3,2,6,1,normal,0,6,16.0,16.25,4,9
USR_21420,USR_21420_C06,2025-07-06,6.0,5.93,3,2,6,1,less,0,7,9.0,14.8,5,23
USR_21420,USR_21420_C07,2025-07-29,6.0,5.71,3,2,6,1,normal,0,7,23.0,16.166666666666668,6,18
USR_21420,USR_21420_C08,2025-08-16,6.0,5.62,3,2,6,1,normal,0,8,18.0,16.428571428571427,7,18
USR_21421,USR_21421_C01,2025-03-27,12.5,12.47,7,2,6,1,normal,0,3,,,0,28
USR_21421,USR_21421_C02,2025-04-24,12.5,12.26,7,2,6,1,normal,0,4,28.0,28.0,1,30
USR_21421,USR_21421_C03,2025-05-24,12.5,12.11,7,2,6,1,normal,0,5,30.0,29.0,2,28
USR_21421,USR_21421_C04,2025-06-21,12.5,11.98,7,2,6,1,normal,0,6,28.0,28.666666666666668,3,29
USR_21421,USR_21421_C05,2025-07-20,12.5,8.08,7,2,6,1,normal,0,7,29.0,28.75,4,22
USR_21421,USR_21421_C06,2025-08-11,12.5,12.22,7,2,6,1,normal,0,8,22.0,27.4,5,32
USR_21421,USR_21421_C07,2025-09-12,12.5,10.98,7,2,6,1,more,0,9,32.0,28.166666666666668,6,23
USR_21422,USR_21422_C01,2025-01-31,6.0,5.64,6,2,7,1,normal,1,1,,,0,16
USR_21422,USR_21422_C02,2025-02-16,6.0,5.62,6,2,7,1,normal,0,2,16.0,16.0,1,18
USR_21422,USR_21422_C03,2025-03-06,6.0,5.85,6,2,7,1,more,0,3,18.0,17.0,2,13
USR_21423,USR_21423_C01,2025-04-16,12.5,12.41,7,3,7,1,normal,0,4,,,0,31
USR_21423,USR_21423_C02,2025-05-17,12.5,12.31,7,3,7,1,normal,0,5,31.0,31.0,1,37
USR_21423,USR_21423_C03,2025-06-23,12.5,11.6,7,3,7,1,normal,0,6,37.0,34.0,2,32
USR_21423,USR_21423_C04,2025-07-25,12.5,12.05,7,3,7,1,normal,0,7,32.0,33.333333333333336,3,36
USR_21423,USR_21423_C05,2025-08-30,12.5,10.24,7,3,7,1,normal,0,8,36.0,34.0,4,30
USR_21423,USR_21423_C06,2025-09-29,12.5,10.68,7,3,7,1,more,0,9,30.0,33.2,5,22
USR_21426,USR_21426_C01,2025-04-17,12.5,11.93,3,2,7,1,normal,0,4,,,0,28
USR_21426,USR_21426_C02,2025-05-15,12.5,12.1,3,2,7,1,normal,0,5,28.0,28.0,1,34
USR_21426,USR_21426_C03,2025-06-18,12.5,11.85,3,2,7,1,more,0,6,34.0,31.0,2,25
USR_21426,USR_21426_C04,2025-07-13,12.5,11.77,3,2,7,1,more,0,7,25.0,29.0,3,23
USR_21428,USR_21428_C01,2025-04-21,12.5,12.38,4,3,7,1,normal,0,4,,,0,40
USR_21428,USR_21428_C02,2025-05-31,12.5,12.14,4,3,7,1,normal,0,5,40.0,40.0,1,32
USR_21428,USR_21428_C03,2025-07-02,12.5,12.19,4,3,7,1,normal,0,7,32.0,36.0,2,34
USR_21428,USR_21428_C04,2025-08-05,12.5,12.03,4,3,7,1,normal,0,8,34.0,35.333333333333336,3,32
USR_21428,USR_21428_C05,2025-09-06,12.5,11.74,4,3,7,1,more,0,9,32.0,34.5,4,23
USR_21428,USR_21428_C06,2025-09-29,12.5,10.3,4,3,7,1,normal,0,9,23.0,32.2,5,28
USR_21428,USR_21428_C07,2025-10-27,12.5,11.88,4,3,7,1,less,0,10,28.0,31.5,6,37
USR_21428,USR_21428_C08,2025-12-03,12.5,10.98,4,3,7,1,normal,1,12,37.0,32.285714285714285,7,31
USR_21428,USR_21428_C09,2026-01-03,12.5,12.26,4,3,7,1,normal,1,1,31.0,32.125,8,30
USR_21430,USR_21430_C01,2025-01-16,6.0,5.62,4,2,7,1,normal,1,1,,,0,11
USR_21430,USR_21430_C02,2025-01-27,6.0,3.64,4,2,7,1,normal,1,1,11.0,11.0,1,7
USR_21430,USR_21430_C03,2025-02-03,6.0,4.2,4,2,7,1,less,0,2,7.0,9.0,2,11
USR_21430,USR_21430_C04,2025-02-14,6.0,5.55,4,2,7,1,normal,0,2,11.0,9.666666666666666,3,11
USR_21430,USR_21430_C05,2025-02-25,6.0,5.95,4,2,7,1,normal,0,2,11.0,10.0,4,10
USR_21430,USR_21430_C06,2025-03-07,6.0,5.8,4,2,7,1,normal,0,3,10.0,10.0,5,13
USR_21430,USR_21430_C07,2025-03-20,6.0,5.76,4,2,7,1,normal,0,3,13.0,10.5,6,12
USR_21430,USR_21430_C08,2025-04-01,6.0,5.54,4,2,7,1,normal,0,4,12.0,10.714285714285714,7,13
USR_21430,USR_21430_C09,2025-04-14,6.0,5.7,4,2,7,1,normal,0,4,13.0,11.0,8,12
USR_21430,USR_21430_C10,2025-04-26,6.0,5.89,4,2,7,1,normal,0,4,12.0,11.11111111111111,9,10
USR_21430,USR_21430_C11,2025-05-06,6.0,5.83,4,2,7,1,normal,0,5,10.0,11.0,10,10
USR_21431,USR_21431_C01,2025-04-02,6.0,5.91,2,2,7,1,normal,0,4,,,0,24
USR_21431,USR_21431_C02,2025-04-26,6.0,5.85,2,2,7,1,normal,0,4,24.0,24.0,1,24
USR_21431,USR_21431_C03,2025-05-20,6.0,4.42,2,2,7,1,normal,0,5,24.0,24.0,2,19
USR_21431,USR_21431_C04,2025-06-08,6.0,5.78,2,2,7,1,normal,0,6,19.0,22.333333333333332,3,25
USR_21431,USR_21431_C05,2025-07-03,6.0,5.75,2,2,7,1,normal,0,7,25.0,23.0,4,23
USR_21431,USR_21431_C06,2025-07-26,6.0,3.79,2,2,7,1,more,0,7,23.0,23.0,5,13
USR_21432,USR_21432_C01,2025-03-14,6.0,5.68,4,2,7,1,normal,0,3,,,0,14
USR_21432,USR_21432_C02,2025-03-28,6.0,5.87,4,2,7,1,normal,0,3,14.0,14.0,1,13
USR_21432,USR_21432_C03,2025-04-10,6.0,5.61,4,2,7,1,normal,0,4,13.0,13.5,2,15
USR_21432,USR_21432_C04,2025-04-25,6.0,5.96,4,2,7,1,normal,0,4,15.0,14.0,3,15
USR_21432,USR_21432_C05,2025-05-10,6.0,3.59,4,2,7,1,normal,0,5,15.0,14.25,4,8
USR_21432,USR_21432_C06,2025-05-18,6.0,5.87,4,2,7,1,normal,0,5,8.0,13.0,5,14
USR_21432,USR_21432_C07,2025-06-01,6.0,5.54,4,2,7,1,normal,0,6,14.0,13.166666666666666,6,12
USR_21433,USR_21433_C01,2025-02-06,12.5,12.35,5,1,7,1,more,0,2,,,0,30
USR_21433,USR_21433_C02,2025-03-08,12.5,12.1,5,1,7,1,normal,0,3,30.0,30.0,1,50
USR_21433,USR_21433_C03,2025-04-27,12.5,12.45,5,1,7,1,normal,0,4,50.0,40.0,2,38
USR_21433,USR_21433_C04,2025-06-04,12.5,11.57,5,1,7,1,normal,0,6,38.0,39.333333333333336,3,44
USR_21433,USR_21433_C05,2025-07-18,12.5,11.83,5,1,7,1,normal,0,7,44.0,40.5,4,39
USR_21434,USR_21434_C01,2025-01-14,12.5,7.67,5,2,7,1,normal,1,1,,,0,20
USR_21434,USR_21434_C02,2025-02-03,12.5,8.86,5,2,7,1,normal,0,2,20.0,20.0,1,24
USR_21434,USR_21434_C03,2025-02-27,12.5,11.66,5,2,7,1,normal,0,2,24.0,22.0,2,30
USR_21434,USR_21434_C04,2025-03-29,12.5,12.01,5,2,7,1,normal,0,3,30.0,24.666666666666668,3,28
USR_21434,USR_21434_C05,2025-04-26,12.5,12.4,5,2,7,1,less,0,4,28.0,25.5,4,38
USR_21434,USR_21434_C06,2025-06-03,12.5,11.99,5,2,7,1,less,0,6,38.0,28.0,5,34
USR_21434,USR_21434_C07,2025-07-07,12.5,12.27,5,2,7,1,normal,0,7,34.0,29.0,6,32
USR_21434,USR_21434_C08,2025-08-08,12.5,8.75,5,2,7,1,normal,0,8,32.0,29.428571428571427,7,21
USR_21434,USR_21434_C09,2025-08-29,12.5,12.46,5,2,7,1,normal,0,8,21.0,28.375,8,31
USR_21434,USR_21434_C10,2025-09-29,12.5,9.51,5,2,7,1,normal,0,9,31.0,28.666666666666668,9,24
USR_21434,USR_21434_C11,2025-10-23,12.5,10.52,5,2,7,1,normal,0,10,24.0,28.2,10,22
USR_21435,USR_21435_C01,2025-01-14,12.5,11.58,6,2,7,0,normal,1,1,,,0,39
USR_21435,USR_21435_C02,2025-02-22,12.5,11.92,6,2,7,0,normal,0,2,39.0,39.0,1,42
USR_21435,USR_21435_C03,2025-04-05,12.5,11.79,6,2,7,0,less,0,4,42.0,40.5,2,37
USR_21435,USR_21435_C04,2025-05-12,12.5,11.95,6,2,7,0,normal,0,5,37.0,39.333333333333336,3,41
USR_21435,USR_21435_C05,2025-06-22,12.5,9.11,6,2,7,0,normal,0,6,41.0,39.75,4,30
USR_21435,USR_21435_C06,2025-07-22,12.5,12.23,6,2,7,0,normal,0,7,30.0,37.8,5,47
USR_21435,USR_21435_C07,2025-09-07,12.5,11.78,6,2,7,0,normal,0,9,47.0,39.333333333333336,6,43
USR_21435,USR_21435_C08,2025-10-20,12.5,12.03,6,2,7,0,normal,0,10,43.0,39.857142857142854,7,40
USR_21436,USR_21436_C01,2025-03-06,12.5,8.15,6,3,7,1,more,0,3,,,0,21
USR_21436,USR_21436_C02,2025-03-27,12.5,11.96,6,3,7,1,normal,0,3,21.0,21.0,1,38
USR_21436,USR_21436_C03,2025-05-04,12.5,11.88,6,3,7,1,normal,0,5,38.0,29.5,2,29
USR_21436,USR_21436_C04,2025-06-02,12.5,12.08,6,3,7,1,less,0,6,29.0,29.333333333333332,3,52
USR_21436,USR_21436_C05,2025-07-24,12.5,11.88,6,3,7,1,normal,0,7,52.0,35.0,4,35
USR_21436,USR_21436_C06,2025-08-28,12.5,12.34,6,3,7,1,normal,0,8,35.0,35.0,5,32
USR_21437,USR_21437_C01,2025-04-06,6.0,3.63,1,2,7,1,normal,0,4,,,0,20
USR_21437,USR_21437_C02,2025-04-26,6.0,5.78,1,2,7,1,less,0,4,20.0,20.0,1,33
USR_21437,USR_21437_C03,2025-05-29,6.0,5.61,1,2,7,1,less,0,5,33.0,26.5,2,32
USR_21437,USR_21437_C04,2025-06-30,6.0,5.91,1,2,7,1,normal,0,6,32.0,28.333333333333332,3,34
USR_21437,USR_21437_C05,2025-08-03,6.0,4.09,1,2,7,1,more,0,8,34.0,29.75,4,18
USR_21437,USR_21437_C06,2025-08-21,6.0,5.57,1,2,7,1,normal,0,8,18.0,27.4,5,32
USR_21437,USR_21437_C07,2025-09-22,6.0,5.75,1,2,7,1,normal,0,9,32.0,28.166666666666668,6,23
USR_21437,USR_21437_C08,2025-10-15,6.0,5.8,1,2,7,1,more,0,10,23.0,27.428571428571427,7,20
USR_21437,USR_21437_C09,2025-11-04,6.0,5.71,1,2,7,1,normal,0,11,20.0,26.5,8,27
USR_21437,USR_21437_C10,2025-12-01,6.0,5.69,1,2,7,1,normal,1,12,27.0,26.555555555555557,9,26
USR_21438,USR_21438_C01,2025-03-05,6.0,5.95,1,1,7,1,normal,0,3,,,0,36
USR_21438,USR_21438_C02,2025-04-10,6.0,5.93,1,1,7,1,normal,0,4,36.0,36.0,1,36
USR_21438,USR_21438_C03,2025-05-16,6.0,5.68,1,1,7,1,normal,0,5,36.0,36.0,2,35
USR_21438,USR_21438_C04,2025-06-20,6.0,5.03,1,1,7,1,more,0,6,35.0,35.666666666666664,3,25
USR_21438,USR_21438_C05,2025-07-15,6.0,5.98,1,1,7,1,normal,0,7,25.0,33.0,4,32
USR_21438,USR_21438_C06,2025-08-16,6.0,4.8,1,1,7,1,normal,0,8,32.0,32.8,5,31
USR_21438,USR_21438_C07,2025-09-16,6.0,5.61,1,1,7,1,normal,0,9,31.0,32.5,6,31
USR_21439,USR_21439_C01,2025-04-17,6.0,5.84,4,2,7,1,less,0,4,,,0,28
USR_21439,USR_21439_C02,2025-05-15,6.0,5.8,4,2,7,1,normal,0,5,28.0,28.0,1,21
USR_21439,USR_21439_C03,2025-06-05,6.0,5.7,4,2,7,1,normal,0,6,21.0,24.5,2,23
USR_21439,USR_21439_C04,2025-06-28,6.0,5.54,4,2,7,1,normal,0,6,23.0,24.0,3,29
USR_21439,USR_21439_C05,2025-07-27,6.0,5.92,4,2,7,1,normal,0,7,29.0,25.25,4,22
USR_21439,USR_21439_C06,2025-08-18,6.0,5.67,4,2,7,1,normal,0,8,22.0,24.6,5,21
USR_21439,USR_21439_C07,2025-09-08,6.0,5.84,4,2,7,1,normal,0,9,21.0,24.0,6,23
USR_21441,USR_21441_C01,2025-02-06,6.0,5.67,3,2,7,1,normal,0,2,,,0,13
USR_21441,USR_21441_C02,2025-02-19,6.0,5.1,3,2,7,1,normal,0,2,13.0,13.0,1,13
USR_21441,USR_21441_C03,2025-03-04,6.0,5.81,3,2,7,1,normal,0,3,13.0,13.0,2,18
USR_21441,USR_21441_C04,2025-03-22,6.0,5.91,3,2,7,1,normal,0,3,18.0,14.666666666666666,3,16
USR_21441,USR_21441_C05,2025-04-07,6.0,5.64,3,2,7,1,normal,0,4,16.0,15.0,4,16
USR_21441,USR_21441_C06,2025-04-23,6.0,5.76,3,2,7,1,more,0,4,16.0,15.2,5,15
USR_21441,USR_21441_C07,2025-05-08,6.0,4.21,3,2,7,1,more,0,5,15.0,15.166666666666666,6,9
USR_21441,USR_21441_C08,2025-05-17,6.0,3.66,3,2,7,1,normal,0,5,9.0,14.285714285714286,7,10
USR_21441,USR_21441_C09,2025-05-27,6.0,5.72,3,2,7,1,normal,0,5,10.0,13.75,8,14
USR_21441,USR_21441_C10,2025-06-10,6.0,4.3,3,2,7,1,less,0,6,14.0,13.777777777777779,9,15
USR_21442,USR_21442_C01,2025-01-24,6.0,5.91,2,3,7,0,less,1,1,,,0,34
USR_21442,USR_21442_C02,2025-02-27,6.0,5.94,2,3,7,0,normal,0,2,34.0,34.0,1,33
USR_21442,USR_21442_C03,2025-04-01,6.0,5.65,2,3,7,0,normal,0,4,33.0,33.5,2,32
USR_21442,USR_21442_C04,2025-05-03,6.0,5.09,2,3,7,0,normal,0,5,32.0,33.0,3,24
USR_21442,USR_21442_C05,2025-05-27,6.0,5.58,2,3,7,0,normal,0,5,24.0,30.75,4,27
USR_21442,USR_21442_C06,2025-06-23,6.0,5.83,2,3,7,0,normal,0,6,27.0,30.0,5,32
USR_21443,USR_21443_C01,2025-01-12,12.5,12.48,4,3,7,0,normal,1,1,,,0,46
USR_21443,USR_21443_C02,2025-02-27,12.5,11.88,4,3,7,0,normal,0,2,46.0,46.0,1,56
USR_21443,USR_21443_C03,2025-04-24,12.5,11.55,4,3,7,0,normal,0,4,56.0,51.0,2,42
USR_21443,USR_21443_C04,2025-06-05,12.5,10.35,4,3,7,0,normal,0,6,42.0,48.0,3,50
USR_21443,USR_21443_C05,2025-07-25,12.5,12.05,4,3,7,0,normal,0,7,50.0,48.5,4,46
USR_21443,USR_21443_C06,2025-09-09,12.5,12.21,4,3,7,0,normal,0,9,46.0,48.0,5,56
USR_21443,USR_21443_C07,2025-11-04,12.5,11.94,4,3,7,0,normal,0,11,56.0,49.333333333333336,6,44
USR_21443,USR_21443_C08,2025-12-18,12.5,12.15,4,3,7,0,normal,1,12,44.0,48.57142857142857,7,55
USR_21443,USR_21443_C09,2026-02-11,12.5,11.74,4,3,7,0,normal,0,2,55.0,49.375,8,46
USR_21445,USR_21445_C01,2025-01-29,6.0,5.58,4,2,7,1,less,1,1,,,0,20
USR_21445,USR_21445_C02,2025-02-18,6.0,5.69,4,2,7,1,normal,0,2,20.0,20.0,1,16
USR_21445,USR_21445_C03,2025-03-06,6.0,4.72,4,2,7,1,more,0,3,16.0,18.0,2,12
USR_21445,USR_21445_C04,2025-03-18,6.0,5.93,4,2,7,1,normal,0,3,12.0,16.0,3,19
USR_21445,USR_21445_C05,2025-04-06,6.0,5.7,4,2,7,1,normal,0,4,19.0,16.75,4,18
USR_21445,USR_21445_C06,2025-04-24,6.0,5.93,4,2,7,1,normal,0,4,18.0,17.0,5,14
USR_21445,USR_21445_C07,2025-05-08,6.0,5.66,4,2,7,1,normal,0,5,14.0,16.5,6,18
USR_21446,USR_21446_C01,2025-03-26,6.0,5.76,5,2,7,1,normal,0,3,,,0,21
USR_21446,USR_21446_C02,2025-04-16,6.0,5.57,5,2,7,1,normal,0,4,21.0,21.0,1,22
USR_21446,USR_21446_C03,2025-05-08,6.0,5.68,5,2,7,1,normal,0,5,22.0,21.5,2,23
USR_21446,USR_21446_C04,2025-05-31,6.0,4.11,5,2,7,1,normal,0,5,23.0,22.0,3,17
USR_21446,USR_21446_C05,2025-06-17,6.0,5.88,5,2,7,1,normal,0,6,17.0,20.75,4,30
USR_21446,USR_21446_C06,2025-07-17,6.0,5.86,5,2,7,1,less,0,7,30.0,22.6,5,31
USR_21446,USR_21446_C07,2025-08-17,6.0,5.75,5,2,7,1,normal,0,8,31.0,24.0,6,24
USR_21446,USR_21446_C08,2025-09-10,6.0,4.42,5,2,7,1,normal,0,9,24.0,24.0,7,18
USR_21447,USR_21447_C01,2025-04-19,6.0,5.41,3,2,7,1,normal,0,4,,,0,14
USR_21447,USR_21447_C02,2025-05-03,6.0,5.73,3,2,7,1,normal,0,5,14.0,14.0,1,15
USR_21447,USR_21447_C03,2025-05-18,6.0,5.54,3,2,7,1,more,0,5,15.0,14.5,2,13
USR_21447,USR_21447_C04,2025-05-31,6.0,5.93,3,2,7,1,more,0,5,13.0,14.0,3,14
USR_21447,USR_21447_C05,2025-06-14,6.0,4.59,3,2,7,1,normal,0,6,14.0,14.0,4,13
USR_21447,USR_21447_C06,2025-06-27,6.0,5.59,3,2,7,1,normal,0,6,13.0,13.8,5,18
USR_21447,USR_21447_C07,2025-07-15,6.0,4.47,3,2,7,1,more,0,7,18.0,14.5,6,10
USR_21447,USR_21447_C08,2025-07-25,6.0,5.65,3,2,7,1,normal,0,7,10.0,13.857142857142858,7,17
USR_21447,USR_21447_C09,2025-08-11,6.0,5.94,3,2,7,1,less,0,8,17.0,14.25,8,24
USR_21447,USR_21447_C10,2025-09-04,6.0,5.91,3,2,7,1,normal,0,9,24.0,15.333333333333334,9,17
USR_21447,USR_21447_C11,2025-09-21,6.0,5.96,3,2,7,1,normal,0,9,17.0,15.5,10,19
USR_21447,USR_21447_C12,2025-10-10,6.0,5.58,3,2,7,1,normal,0,10,19.0,15.818181818181818,11,17
USR_21449,USR_21449_C01,2025-02-04,12.5,12.4,4,2,6,1,normal,0,2,,,0,37
USR_21449,USR_21449_C02,2025-03-13,12.5,11.9,4,2,6,1,more,0,3,37.0,37.0,1,28
USR_21449,USR_21449_C03,2025-04-10,12.5,11.67,4,2,6,1,normal,0,4,28.0,32.5,2,35
USR_21449,USR_21449_C04,2025-05-15,12.5,7.12,4,2,6,1,normal,0,5,35.0,33.333333333333336,3,23
USR_21449,USR_21449_C05,2025-06-07,12.5,7.59,4,2,6,1,less,0,6,23.0,30.75,4,32
USR_21449,USR_21449_C06,2025-07-09,12.5,12.34,4,2,6,1,normal,0,7,32.0,31.0,5,37
USR_21449,USR_21449_C07,2025-08-15,12.5,11.55,4,2,6,1,normal,0,8,37.0,32.0,6,36
USR_21449,USR_21449_C08,2025-09-20,12.5,11.33,4,2,6,1,normal,0,9,36.0,32.57142857142857,7,32
USR_21449,USR_21449_C09,2025-10-22,12.5,11.67,4,2,6,1,normal,0,10,32.0,32.5,8,35
USR_21449,USR_21449_C10,2025-11-26,12.5,9.01,4,2,6,1,normal,0,11,35.0,32.77777777777778,9,29
USR_21450,USR_21450_C01,2025-01-17,6.0,5.59,2,3,7,1,less,1,1,,,0,17
USR_21450,USR_21450_C02,2025-02-03,6.0,5.76,2,3,7,1,more,0,2,17.0,17.0,1,14
USR_21450,USR_21450_C03,2025-02-17,6.0,5.77,2,3,7,1,normal,0,2,14.0,15.5,2,16
USR_21450,USR_21450_C04,2025-03-05,6.0,5.6,2,3,7,1,normal,0,3,16.0,15.666666666666666,3,16
USR_21450,USR_21450_C05,2025-03-21,6.0,5.56,2,3,7,1,normal,0,3,16.0,15.75,4,17
USR_21450,USR_21450_C06,2025-04-07,6.0,5.77,2,3,7,1,normal,0,4,17.0,16.0,5,14
USR_21450,USR_21450_C07,2025-04-21,6.0,4.43,2,3,7,1,normal,0,4,14.0,15.666666666666666,6,10
USR_21450,USR_21450_C08,2025-05-01,6.0,5.91,2,3,7,1,normal,0,5,10.0,14.857142857142858,7,15
USR_21451,USR_21451_C01,2025-04-24,6.0,5.71,3,3,7,1,normal,0,4,,,0,18
USR_21451,USR_21451_C02,2025-05-12,6.0,5.69,3,3,7,1,less,0,5,18.0,18.0,1,21
USR_21453,USR_21453_C01,2025-04-14,12.5,12.24,4,2,7,1,less,0,4,,,0,32
USR_21453,USR_21453_C02,2025-05-16,12.5,12.4,4,2,7,1,normal,0,5,32.0,32.0,1,27
USR_21453,USR_21453_C03,2025-06-12,12.5,11.87,4,2,7,1,more,0,6,27.0,29.5,2,21
USR_21453,USR_21453_C04,2025-07-03,12.5,11.55,4,2,7,1,normal,0,7,21.0,26.666666666666668,3,29
USR_21454,USR_21454_C01,2025-01-19,6.0,5.72,3,2,7,0,more,1,1,,,0,20
USR_21454,USR_21454_C02,2025-02-08,6.0,3.92,3,2,7,0,normal,0,2,20.0,20.0,1,17
USR_21454,USR_21454_C03,2025-02-25,6.0,5.54,3,2,7,0,less,0,2,17.0,18.5,2,36
USR_21454,USR_21454_C04,2025-04-02,6.0,5.9,3,2,7,0,normal,0,4,36.0,24.333333333333332,3,28
USR_21456,USR_21456_C01,2025-01-06,6.0,5.72,4,1,7,1,normal,1,1,,,0,25
USR_21456,USR_21456_C02,2025-01-31,6.0,5.54,4,1,7,1,normal,1,1,25.0,25.0,1,27
USR_21456,USR_21456_C03,2025-02-27,6.0,5.74,4,1,7,1,normal,0,2,27.0,26.0,2,31
USR_21456,USR_21456_C04,2025-03-30,6.0,5.77,4,1,7,1,normal,0,3,31.0,27.666666666666668,3,31
USR_21456,USR_21456_C05,2025-04-30,6.0,5.62,4,1,7,1,normal,0,4,31.0,28.5,4,26
USR_21457,USR_21457_C01,2025-03-04,12.5,12.31,3,1,7,1,normal,0,3,,,0,44
USR_21457,USR_21457_C02,2025-04-17,12.5,11.8,3,1,7,1,less,0,4,44.0,44.0,1,65
USR_21457,USR_21457_C03,2025-06-21,12.5,11.96,3,1,7,1,normal,0,6,65.0,54.5,2,43
USR_21457,USR_21457_C04,2025-08-03,12.5,10.84,3,1,7,1,normal,0,8,43.0,50.666666666666664,3,44
USR_21457,USR_21457_C05,2025-09-16,12.5,12.37,3,1,7,1,normal,0,9,44.0,49.0,4,44
USR_21457,USR_21457_C06,2025-10-30,12.5,12.25,3,1,7,1,normal,0,10,44.0,48.0,5,52
USR_21457,USR_21457_C07,2025-12-21,12.5,12.18,3,1,7,1,normal,1,12,52.0,48.666666666666664,6,49
USR_21457,USR_21457_C08,2026-02-08,12.5,11.94,3,1,7,1,normal,0,2,49.0,48.714285714285715,7,51
USR_21458,USR_21458_C01,2025-02-19,12.5,10.08,2,2,6,0,normal,0,2,,,0,55
USR_21458,USR_21458_C02,2025-04-15,12.5,8.74,2,2,6,0,normal,0,4,55.0,55.0,1,47
USR_21459,USR_21459_C01,2025-04-10,12.5,12.43,3,2,7,1,normal,0,4,,,0,54
USR_21459,USR_21459_C02,2025-06-03,12.5,10.08,3,2,7,1,normal,0,6,54.0,54.0,1,42
USR_21459,USR_21459_C03,2025-07-15,12.5,11.74,3,2,7,1,normal,0,7,42.0,48.0,2,46
USR_21459,USR_21459_C04,2025-08-30,12.5,10.49,3,2,7,1,less,0,8,46.0,47.333333333333336,3,62
USR_21459,USR_21459_C05,2025-10-31,12.5,8.43,3,2,7,1,normal,0,10,62.0,51.0,4,37
USR_21460,USR_21460_C01,2025-03-28,12.5,11.88,7,3,6,1,normal,0,3,,,0,27
USR_21460,USR_21460_C02,2025-04-24,12.5,11.53,7,3,6,1,normal,0,4,27.0,27.0,1,29
USR_21460,USR_21460_C03,2025-05-23,12.5,12.07,7,3,6,1,normal,0,5,29.0,28.0,2,31
USR_21460,USR_21460_C04,2025-06-23,12.5,11.62,7,3,6,1,normal,0,6,31.0,29.0,3,26
USR_21460,USR_21460_C05,2025-07-19,12.5,11.74,7,3,6,1,more,0,7,26.0,28.25,4,20
USR_21461,USR_21461_C01,2025-01-23,12.5,12.13,5,2,7,1,normal,1,1,,,0,39
USR_21461,USR_21461_C02,2025-03-03,12.5,12.41,5,2,7,1,normal,0,3,39.0,39.0,1,41
USR_21461,USR_21461_C03,2025-04-13,12.5,11.64,5,2,7,1,more,0,4,41.0,40.0,2,30
USR_21461,USR_21461_C04,2025-05-13,12.5,11.52,5,2,7,1,normal,0,5,30.0,36.666666666666664,3,39
USR_21461,USR_21461_C05,2025-06-21,12.5,12.43,5,2,7,1,normal,0,6,39.0,37.25,4,45
USR_21461,USR_21461_C06,2025-08-05,12.5,8.92,5,2,7,1,normal,0,8,45.0,38.8,5,30
USR_21461,USR_21461_C07,2025-09-04,12.5,11.71,5,2,7,1,normal,0,9,30.0,37.333333333333336,6,35
USR_21462,USR_21462_C01,2025-03-31,12.5,11.51,3,2,7,1,normal,0,3,,,0,53
USR_21462,USR_21462_C02,2025-05-23,12.5,12.39,3,2,7,1,normal,0,5,53.0,53.0,1,51
USR_21462,USR_21462_C03,2025-07-13,12.5,8.82,3,2,7,1,less,0,7,51.0,52.0,2,56
USR_21462,USR_21462_C04,2025-09-07,12.5,12.0,3,2,7,1,normal,0,9,56.0,53.333333333333336,3,56
USR_21462,USR_21462_C05,2025-11-02,12.5,11.97,3,2,7,1,normal,0,11,56.0,54.0,4,58
USR_21463,USR_21463_C01,2025-01-23,12.5,11.72,7,1,7,1,normal,1,1,,,0,27
USR_21463,USR_21463_C02,2025-02-19,12.5,7.0,7,1,7,1,normal,0,2,27.0,27.0,1,18
USR_21463,USR_21463_C03,2025-03-09,12.5,11.6,7,1,7,1,more,0,3,18.0,22.5,2,25
USR_21463,USR_21463_C04,2025-04-03,12.5,11.96,7,1,7,1,normal,0,4,25.0,23.333333333333332,3,29
USR_21463,USR_21463_C05,2025-05-02,12.5,12.28,7,1,7,1,more,0,5,29.0,24.75,4,28
USR_21463,USR_21463_C06,2025-05-30,12.5,11.79,7,1,7,1,normal,0,5,28.0,25.4,5,29
USR_21465,USR_21465_C01,2025-02-13,12.5,11.5,4,2,6,1,normal,0,2,,,0,53
USR_21465,USR_21465_C02,2025-04-07,12.5,11.83,4,2,6,1,normal,0,4,53.0,53.0,1,45
USR_21465,USR_21465_C03,2025-05-22,12.5,10.85,4,2,6,1,normal,0,5,45.0,49.0,2,34
USR_21465,USR_21465_C04,2025-06-25,12.5,11.91,4,2,6,1,normal,0,6,34.0,44.0,3,47
USR_21465,USR_21465_C05,2025-08-11,12.5,11.68,4,2,6,1,normal,0,8,47.0,44.75,4,46
USR_21465,USR_21465_C06,2025-09-26,12.5,8.07,4,2,6,1,normal,0,9,46.0,45.0,5,30
USR_21465,USR_21465_C07,2025-10-26,12.5,12.01,4,2,6,1,normal,0,10,30.0,42.5,6,40
USR_21467,USR_21467_C01,2025-02-28,6.0,5.91,3,3,6,1,normal,0,2,,,0,19
USR_21467,USR_21467_C02,2025-03-19,6.0,5.71,3,3,6,1,normal,0,3,19.0,19.0,1,23
USR_21467,USR_21467_C03,2025-04-11,6.0,5.85,3,3,6,1,normal,0,4,23.0,21.0,2,19
USR_21467,USR_21467_C04,2025-04-30,6.0,4.53,3,3,6,1,normal,0,4,19.0,20.333333333333332,3,15
USR_21467,USR_21467_C05,2025-05-15,6.0,5.69,3,3,6,1,normal,0,5,15.0,19.0,4,19
USR_21467,USR_21467_C06,2025-06-03,6.0,5.79,3,3,6,1,less,0,6,19.0,19.0,5,23
USR_21467,USR_21467_C07,2025-06-26,6.0,5.53,3,3,6,1,normal,0,6,23.0,19.666666666666668,6,18
USR_21469,USR_21469_C01,2025-04-14,12.5,7.03,7,2,7,1,normal,0,4,,,0,22
USR_21469,USR_21469_C02,2025-05-06,12.5,12.48,7,2,7,1,normal,0,5,22.0,22.0,1,43
USR_21469,USR_21469_C03,2025-06-18,12.5,10.93,7,2,7,1,normal,0,6,43.0,32.5,2,31
USR_21469,USR_21469_C04,2025-07-19,12.5,12.02,7,2,7,1,more,0,7,31.0,32.0,3,32
USR_21469,USR_21469_C05,2025-08-20,12.5,12.16,7,2,7,1,normal,0,8,32.0,32.0,4,32
USR_21469,USR_21469_C06,2025-09-21,12.5,12.32,7,2,7,1,normal,0,9,32.0,32.0,5,36
USR_21469,USR_21469_C07,2025-10-27,12.5,12.12,7,2,7,1,normal,0,10,36.0,32.666666666666664,6,35
USR_21470,USR_21470_C01,2025-04-13,12.5,11.5,2,3,7,1,less,0,4,,,0,37
USR_21470,USR_21470_C02,2025-05-20,12.5,9.67,2,3,7,1,normal,0,5,37.0,37.0,1,21
USR_21470,USR_21470_C03,2025-06-10,12.5,12.21,2,3,7,1,more,0,6,21.0,29.0,2,22
USR_21470,USR_21470_C04,2025-07-02,12.5,11.79,2,3,7,1,less,0,7,22.0,26.666666666666668,3,40
USR_21471,USR_21471_C01,2025-01-24,6.0,3.59,2,3,5,1,normal,1,1,,,0,14
USR_21471,USR_21471_C02,2025-02-07,6.0,5.89,2,3,5,1,normal,0,2,14.0,14.0,1,20
USR_21473,USR_21473_C01,2025-03-21,12.5,11.97,5,1,7,1,normal,0,3,,,0,43
USR_21473,USR_21473_C02,2025-05-03,12.5,12.31,5,1,7,1,normal,0,5,43.0,43.0,1,43
USR_21473,USR_21473_C03,2025-06-15,12.5,11.91,5,1,7,1,normal,0,6,43.0,43.0,2,42
USR_21473,USR_21473_C04,2025-07-27,12.5,7.09,5,1,7,1,normal,0,7,42.0,42.666666666666664,3,24
USR_21473,USR_21473_C05,2025-08-20,12.5,11.77,5,1,7,1,normal,0,8,24.0,38.0,4,48
USR_21473,USR_21473_C06,2025-10-07,12.5,12.39,5,1,7,1,less,0,10,48.0,40.0,5,50
USR_21473,USR_21473_C07,2025-11-26,12.5,12.0,5,1,7,1,normal,0,11,50.0,41.666666666666664,6,40
USR_21474,USR_21474_C01,2025-02-04,6.0,5.84,2,2,6,1,normal,0,2,,,0,31
USR_21474,USR_21474_C02,2025-03-07,6.0,5.94,2,2,6,1,normal,0,3,31.0,31.0,1,25
USR_21474,USR_21474_C03,2025-04-01,6.0,5.81,2,2,6,1,more,0,4,25.0,28.0,2,18
USR_21474,USR_21474_C04,2025-04-19,6.0,5.84,2,2,6,1,more,0,4,18.0,24.666666666666668,3,20
USR_21474,USR_21474_C05,2025-05-09,6.0,5.88,2,2,6,1,normal,0,5,20.0,23.5,4,23
USR_21474,USR_21474_C06,2025-06-01,6.0,5.63,2,2,6,1,more,0,6,23.0,23.4,5,17
USR_21474,USR_21474_C07,2025-06-18,6.0,4.36,2,2,6,1,normal,0,6,17.0,22.333333333333332,6,16
USR_21474,USR_21474_C08,2025-07-04,6.0,4.18,2,2,6,1,normal,0,7,16.0,21.428571428571427,7,19
USR_21474,USR_21474_C09,2025-07-23,6.0,4.43,2,2,6,1,normal,0,7,19.0,21.125,8,19
USR_21474,USR_21474_C10,2025-08-11,6.0,5.92,2,2,6,1,less,0,8,19.0,20.88888888888889,9,31
USR_21474,USR_21474_C11,2025-09-11,6.0,5.81,2,2,6,1,normal,0,9,31.0,21.9,10,23
USR_21474,USR_21474_C12,2025-10-04,6.0,5.74,2,2,6,1,normal,0,10,23.0,22.0,11,23
USR_21475,USR_21475_C01,2025-02-11,12.5,7.28,5,3,7,1,normal,0,2,,,0,16
USR_21475,USR_21475_C02,2025-02-27,12.5,12.42,5,3,7,1,normal,0,2,16.0,16.0,1,26
USR_21475,USR_21475_C03,2025-03-25,12.5,12.29,5,3,7,1,normal,0,3,26.0,21.0,2,29
USR_21475,USR_21475_C04,2025-04-23,12.5,12.44,5,3,7,1,normal,0,4,29.0,23.666666666666668,3,27
USR_21475,USR_21475_C05,2025-05-20,12.5,10.96,5,3,7,1,normal,0,5,27.0,24.5,4,25
USR_21475,USR_21475_C06,2025-06-14,12.5,11.94,5,3,7,1,normal,0,6,25.0,24.6,5,30
USR_21476,USR_21476_C01,2025-01-16,6.0,5.81,2,2,6,1,normal,1,1,,,0,17
USR_21476,USR_21476_C02,2025-02-02,6.0,5.69,2,2,6,1,less,0,2,17.0,17.0,1,23
USR_21476,USR_21476_C03,2025-02-25,6.0,5.98,2,2,6,1,normal,0,2,23.0,20.0,2,17
USR_21476,USR_21476_C04,2025-03-14,6.0,5.95,2,2,6,1,normal,0,3,17.0,19.0,3,17
USR_21476,USR_21476_C05,2025-03-31,6.0,4.27,2,2,6,1,more,0,3,17.0,18.5,4,10
USR_21476,USR_21476_C06,2025-04-10,6.0,5.53,2,2,6,1,normal,0,4,10.0,16.8,5,16
USR_21477,USR_21477_C01,2025-02-07,6.0,5.98,2,1,6,1,normal,0,2,,,0,33
USR_21477,USR_21477_C02,2025-03-12,6.0,4.67,2,1,6,1,normal,0,3,33.0,33.0,1,17
USR_21477,USR_21477_C03,2025-03-29,6.0,5.94,2,1,6,1,normal,0,3,17.0,25.0,2,30
USR_21478,USR_21478_C01,2025-01-25,12.5,12.35,3,3,5,1,normal,1,1,,,0,34
USR_21478,USR_21478_C02,2025-02-28,12.5,8.86,3,3,5,1,normal,0,2,34.0,34.0,1,26
USR_21478,USR_21478_C03,2025-03-26,12.5,12.25,3,3,5,1,normal,0,3,26.0,30.0,2,32
USR_21478,USR_21478_C04,2025-04-27,12.5,11.66,3,3,5,1,normal,0,4,32.0,30.666666666666668,3,35
USR_21479,USR_21479_C01,2025-04-18,12.5,12.25,4,3,7,1,normal,0,4,,,0,34
USR_21479,USR_21479_C02,2025-05-22,12.5,12.07,4,3,7,1,normal,0,5,34.0,34.0,1,26
USR_21479,USR_21479_C03,2025-06-17,12.5,11.86,4,3,7,1,normal,0,6,26.0,30.0,2,30
USR_21479,USR_21479_C04,2025-07-17,12.5,11.63,4,3,7,1,normal,0,7,30.0,30.0,3,27
USR_21480,USR_21480_C01,2025-01-20,12.5,12.15,3,2,7,1,normal,1,1,,,0,49
USR_21480,USR_21480_C02,2025-03-10,12.5,12.33,3,2,7,1,normal,0,3,49.0,49.0,1,52
USR_21481,USR_21481_C01,2025-03-15,6.0,5.94,2,2,7,1,normal,0,3,,,0,32
USR_21481,USR_21481_C02,2025-04-16,6.0,5.69,2,2,7,1,normal,0,4,32.0,32.0,1,28
USR_21481,USR_21481_C03,2025-05-14,6.0,5.76,2,2,7,1,normal,0,5,28.0,30.0,2,30
USR_21481,USR_21481_C04,2025-06-13,6.0,5.91,2,2,7,1,normal,0,6,30.0,30.0,3,27
USR_21481,USR_21481_C05,2025-07-10,6.0,5.78,2,2,7,1,normal,0,7,27.0,29.25,4,29
USR_21481,USR_21481_C06,2025-08-08,6.0,5.82,2,2,7,1,normal,0,8,29.0,29.2,5,27
USR_21481,USR_21481_C07,2025-09-04,6.0,3.66,2,2,7,1,more,0,9,27.0,28.833333333333332,6,12
USR_21481,USR_21481_C08,2025-09-16,6.0,4.77,2,2,7,1,normal,0,9,12.0,26.428571428571427,7,20
USR_21481,USR_21481_C09,2025-10-06,6.0,5.79,2,2,7,1,less,0,10,20.0,25.625,8,33
USR_21481,USR_21481_C10,2025-11-08,6.0,6.0,2,2,7,1,normal,0,11,33.0,26.444444444444443,9,30
USR_21482,USR_21482_C01,2025-04-07,12.5,12.1,7,2,7,1,normal,0,4,,,0,28
USR_21482,USR_21482_C02,2025-05-05,12.5,7.65,7,2,7,1,normal,0,5,28.0,28.0,1,17
USR_21483,USR_21483_C01,2025-04-30,6.0,5.83,3,3,6,1,normal,0,4,,,0,19
USR_21483,USR_21483_C02,2025-05-19,6.0,4.21,3,3,6,1,normal,0,5,19.0,19.0,1,13
USR_21483,USR_21483_C03,2025-06-01,6.0,5.65,3,3,6,1,normal,0,6,13.0,16.0,2,17
USR_21483,USR_21483_C04,2025-06-18,6.0,5.6,3,3,6,1,normal,0,6,17.0,16.333333333333332,3,14
USR_21483,USR_21483_C05,2025-07-02,6.0,4.1,3,3,6,1,normal,0,7,14.0,15.75,4,15
USR_21484,USR_21484_C01,2025-01-07,6.0,5.97,3,2,6,1,normal,1,1,,,0,28
USR_21484,USR_21484_C02,2025-02-04,6.0,5.71,3,2,6,1,normal,0,2,28.0,28.0,1,25
USR_21484,USR_21484_C03,2025-03-01,6.0,5.74,3,2,6,1,normal,0,3,25.0,26.5,2,22
USR_21484,USR_21484_C04,2025-03-23,6.0,5.95,3,2,6,1,normal,0,3,22.0,25.0,3,26
USR_21484,USR_21484_C05,2025-04-18,6.0,5.63,3,2,6,1,normal,0,4,26.0,25.25,4,23
USR_21485,USR_21485_C01,2025-01-29,6.0,5.93,1,1,6,1,more,1,1,,,0,31
USR_21485,USR_21485_C02,2025-03-01,6.0,5.91,1,1,6,1,normal,0,3,31.0,31.0,1,41
USR_21485,USR_21485_C03,2025-04-11,6.0,5.92,1,1,6,1,normal,0,4,41.0,36.0,2,44
USR_21485,USR_21485_C04,2025-05-25,6.0,3.64,1,1,6,1,normal,0,5,44.0,38.666666666666664,3,26
USR_21485,USR_21485_C05,2025-06-20,6.0,5.86,1,1,6,1,normal,0,6,26.0,35.5,4,47
USR_21485,USR_21485_C06,2025-08-06,6.0,5.66,1,1,6,1,normal,0,8,47.0,37.8,5,37
USR_21486,USR_21486_C01,2025-03-08,12.5,11.5,4,2,7,1,normal,0,3,,,0,43
USR_21486,USR_21486_C02,2025-04-20,12.5,10.32,4,2,7,1,normal,0,4,43.0,43.0,1,45
USR_21486,USR_21486_C03,2025-06-04,12.5,11.68,4,2,7,1,normal,0,6,45.0,44.0,2,45
USR_21486,USR_21486_C04,2025-07-19,12.5,11.98,4,2,7,1,normal,0,7,45.0,44.333333333333336,3,57
USR_21486,USR_21486_C05,2025-09-14,12.5,10.25,4,2,7,1,less,0,9,57.0,47.5,4,60
USR_21486,USR_21486_C06,2025-11-13,12.5,8.17,4,2,7,1,normal,0,11,60.0,50.0,5,36
USR_21486,USR_21486_C07,2025-12-19,12.5,11.93,4,2,7,1,more,1,12,36.0,47.666666666666664,6,29
USR_21486,USR_21486_C08,2026-01-17,12.5,12.17,4,2,7,1,normal,1,1,29.0,45.0,7,49
USR_21486,USR_21486_C09,2026-03-07,12.5,11.55,4,2,7,1,more,0,3,49.0,45.5,8,36
USR_21487,USR_21487_C01,2025-03-08,12.5,11.71,4,3,6,1,normal,0,3,,,0,32
USR_21487,USR_21487_C02,2025-04-09,12.5,10.63,4,3,6,1,normal,0,4,32.0,32.0,1,27
USR_21487,USR_21487_C03,2025-05-06,12.5,10.17,4,3,6,1,normal,0,5,27.0,29.5,2,30
USR_21487,USR_21487_C04,2025-06-05,12.5,12.46,4,3,6,1,normal,0,6,30.0,29.666666666666668,3,34
USR_21487,USR_21487_C05,2025-07-09,12.5,11.97,4,3,6,1,less,0,7,34.0,30.75,4,32
USR_21487,USR_21487_C06,2025-08-10,12.5,12.12,4,3,6,1,more,0,8,32.0,31.0,5,22
USR_21487,USR_21487_C07,2025-09-01,12.5,12.19,4,3,6,1,normal,0,9,22.0,29.5,6,38
USR_21487,USR_21487_C08,2025-10-09,12.5,8.53,4,3,6,1,normal,0,10,38.0,30.714285714285715,7,24
USR_21487,USR_21487_C09,2025-11-02,12.5,12.14,4,3,6,1,normal,0,11,24.0,29.875,8,34
USR_21487,USR_21487_C10,2025-12-06,12.5,10.73,4,3,6,1,normal,1,12,34.0,30.333333333333332,9,28
USR_21487,USR_21487_C11,2026-01-03,12.5,7.1,4,3,6,1,normal,1,1,28.0,30.1,10,17
USR_21488,USR_21488_C01,2025-01-22,12.5,11.96,5,3,7,1,normal,1,1,,,0,27
USR_21488,USR_21488_C02,2025-02-18,12.5,11.81,5,3,7,1,normal,0,2,27.0,27.0,1,30
USR_21488,USR_21488_C03,2025-03-20,12.5,12.29,5,3,7,1,normal,0,3,30.0,28.5,2,29
USR_21488,USR_21488_C04,2025-04-18,12.5,12.38,5,3,7,1,normal,0,4,29.0,28.666666666666668,3,29
USR_21488,USR_21488_C05,2025-05-17,12.5,11.86,5,3,7,1,normal,0,5,29.0,28.75,4,25
USR_21488,USR_21488_C06,2025-06-11,12.5,10.15,5,3,7,1,normal,0,6,25.0,28.0,5,24
USR_21489,USR_21489_C01,2025-04-28,12.5,12.35,3,2,6,1,normal,0,4,,,0,52
USR_21489,USR_21489_C02,2025-06-19,12.5,11.54,3,2,6,1,more,0,6,52.0,52.0,1,37
USR_21489,USR_21489_C03,2025-07-26,12.5,12.17,3,2,6,1,normal,0,7,37.0,44.5,2,48
USR_21489,USR_21489_C04,2025-09-12,12.5,12.07,3,2,6,1,normal,0,9,48.0,45.666666666666664,3,53
USR_21489,USR_21489_C05,2025-11-04,12.5,12.04,3,2,6,1,normal,0,11,53.0,47.5,4,49
USR_21489,USR_21489_C06,2025-12-23,12.5,11.78,3,2,6,1,normal,1,12,49.0,47.8,5,49
USR_21489,USR_21489_C07,2026-02-10,12.5,11.89,3,2,6,1,normal,0,2,49.0,48.0,6,58
USR_21489,USR_21489_C08,2026-04-09,12.5,11.52,3,2,6,1,normal,0,4,58.0,49.42857142857143,7,48
USR_21490,USR_21490_C01,2025-04-23,6.0,5.57,5,1,5,1,normal,0,4,,,0,26
USR_21490,USR_21490_C02,2025-05-19,6.0,5.95,5,1,5,1,normal,0,5,26.0,26.0,1,20
USR_21491,USR_21491_C01,2025-02-09,12.5,12.2,7,3,6,0,normal,0,2,,,0,51
USR_21491,USR_21491_C02,2025-04-01,12.5,11.83,7,3,6,0,normal,0,4,51.0,51.0,1,41
USR_21491,USR_21491_C03,2025-05-12,12.5,11.85,7,3,6,0,normal,0,5,41.0,46.0,2,44
USR_21491,USR_21491_C04,2025-06-25,12.5,12.11,7,3,6,0,normal,0,6,44.0,45.333333333333336,3,47
USR_21491,USR_21491_C05,2025-08-11,12.5,12.43,7,3,6,0,normal,0,8,47.0,45.75,4,49
USR_21491,USR_21491_C06,2025-09-29,12.5,8.46,7,3,6,0,normal,0,9,49.0,46.4,5,26
USR_21491,USR_21491_C07,2025-10-25,12.5,11.92,7,3,6,0,normal,0,10,26.0,43.0,6,47
USR_21491,USR_21491_C08,2025-12-11,12.5,12.28,7,3,6,0,normal,1,12,47.0,43.57142857142857,7,46
USR_21491,USR_21491_C09,2026-01-26,12.5,11.83,7,3,6,0,normal,1,1,46.0,43.875,8,38
USR_21491,USR_21491_C10,2026-03-05,12.5,11.62,7,3,6,0,normal,0,3,38.0,43.22222222222222,9,43
USR_21492,USR_21492_C01,2025-01-22,12.5,11.61,3,3,5,1,normal,1,1,,,0,31
USR_21492,USR_21492_C02,2025-02-22,12.5,12.01,3,3,5,1,normal,0,2,31.0,31.0,1,29
USR_21492,USR_21492_C03,2025-03-23,12.5,11.91,3,3,5,1,normal,0,3,29.0,30.0,2,31
USR_21492,USR_21492_C04,2025-04-23,12.5,11.91,3,3,5,1,normal,0,4,31.0,30.333333333333332,3,29
USR_21493,USR_21493_C01,2025-04-14,12.5,12.23,3,2,7,0,normal,0,4,,,0,56
USR_21493,USR_21493_C02,2025-06-09,12.5,12.05,3,2,7,0,normal,0,6,56.0,56.0,1,58
USR_21493,USR_21493_C03,2025-08-06,12.5,12.11,3,2,7,0,normal,0,8,58.0,57.0,2,58
USR_21493,USR_21493_C04,2025-10-03,12.5,11.73,3,2,7,0,normal,0,10,58.0,57.333333333333336,3,52
USR_21493,USR_21493_C05,2025-11-24,12.5,11.61,3,2,7,0,normal,0,11,52.0,56.0,4,47
USR_21493,USR_21493_C06,2026-01-10,12.5,8.28,3,2,7,0,less,1,1,47.0,54.2,5,49
USR_21493,USR_21493_C07,2026-02-28,12.5,11.94,3,2,7,0,normal,0,2,49.0,53.333333333333336,6,62
USR_21493,USR_21493_C08,2026-05-01,12.5,8.68,3,2,7,0,normal,0,5,62.0,54.57142857142857,7,38
USR_21494,USR_21494_C01,2025-03-31,6.0,5.66,2,2,7,1,normal,0,3,,,0,22
USR_21494,USR_21494_C02,2025-04-22,6.0,5.88,2,2,7,1,less,0,4,22.0,22.0,1,26
USR_21495,USR_21495_C01,2025-01-21,12.5,8.81,5,2,6,1,normal,1,1,,,0,27
USR_21495,USR_21495_C02,2025-02-17,12.5,11.85,5,2,6,1,normal,0,2,27.0,27.0,1,33
USR_21495,USR_21495_C03,2025-03-22,12.5,9.95,5,2,6,1,less,0,3,33.0,30.0,2,43
USR_21495,USR_21495_C04,2025-05-04,12.5,12.36,5,2,6,1,normal,0,5,43.0,34.333333333333336,3,39
USR_21495,USR_21495_C05,2025-06-12,12.5,11.95,5,2,6,1,normal,0,6,39.0,35.5,4,35
USR_21496,USR_21496_C01,2025-02-11,12.5,7.91,3,2,7,1,normal,0,2,,,0,38
USR_21496,USR_21496_C02,2025-03-21,12.5,11.97,3,2,7,1,normal,0,3,38.0,38.0,1,66
USR_21496,USR_21496_C03,2025-05-26,12.5,8.21,3,2,7,1,normal,0,5,66.0,52.0,2,37
USR_21496,USR_21496_C04,2025-07-02,12.5,12.32,3,2,7,1,normal,0,7,37.0,47.0,3,59
USR_21496,USR_21496_C05,2025-08-30,12.5,12.49,3,2,7,1,normal,0,8,59.0,50.0,4,51
USR_21496,USR_21496_C06,2025-10-20,12.5,12.26,3,2,7,1,normal,0,10,51.0,50.2,5,55
USR_21496,USR_21496_C07,2025-12-14,12.5,10.77,3,2,7,1,less,1,12,55.0,51.0,6,49
USR_21496,USR_21496_C08,2026-02-01,12.5,11.88,3,2,7,1,normal,0,2,49.0,50.714285714285715,7,59
USR_21496,USR_21496_C09,2026-04-01,12.5,12.33,3,2,7,1,normal,0,4,59.0,51.75,8,69
USR_21496,USR_21496_C10,2026-06-09,12.5,11.59,3,2,7,1,more,0,6,69.0,53.666666666666664,9,42
USR_21496,USR_21496_C11,2026-07-21,12.5,10.05,3,2,7,1,normal,0,7,42.0,52.5,10,47
USR_21497,USR_21497_C01,2025-03-27,12.5,11.68,6,1,7,1,normal,0,3,,,0,35
USR_21497,USR_21497_C02,2025-05-01,12.5,11.71,6,1,7,1,normal,0,5,35.0,35.0,1,36
USR_21497,USR_21497_C03,2025-06-06,12.5,8.13,6,1,7,1,normal,0,6,36.0,35.5,2,30
USR_21497,USR_21497_C04,2025-07-06,12.5,12.36,6,1,7,1,normal,0,7,30.0,33.666666666666664,3,40
USR_21497,USR_21497_C05,2025-08-15,12.5,11.98,6,1,7,1,normal,0,8,40.0,35.25,4,37
USR_21497,USR_21497_C06,2025-09-21,12.5,9.87,6,1,7,1,less,0,9,37.0,35.6,5,37
USR_21497,USR_21497_C07,2025-10-28,12.5,12.3,6,1,7,1,less,0,10,37.0,35.833333333333336,6,38
USR_21497,USR_21497_C08,2025-12-05,12.5,12.13,6,1,7,1,normal,1,12,38.0,36.142857142857146,7,35
USR_21497,USR_21497_C09,2026-01-09,12.5,12.39,6,1,7,1,normal,1,1,35.0,36.0,8,37
USR_21498,USR_21498_C01,2025-02-03,12.5,11.9,6,1,7,1,normal,0,2,,,0,47
USR_21498,USR_21498_C02,2025-03-22,12.5,6.94,6,1,7,1,normal,0,3,47.0,47.0,1,27
